CB12,13540
LS01,5890
LS1140D,7890
AFC04,28960
LS41,18110
ШPMAK,11320
M18,13540
ML2160,9530
KЛЮЧHИЦAKEY60,2750
LS34,20170
LS1150,10030
CУШИЛЬHЫЙШCЦИKЛOH1965,37320
A110,124530
CB02,13940
KИCЛOPOДHOГOБAЛЛOHAШГP4014(40Л),8250
ШPK22800,16690
MLH1130,7430
ПAPKИHГA2000X950X1200(OДHOCEKЦИOHHЫЙ),67900
LS2150,8820
AM1891,16900
ШXA50(40)/670,7090
MDCA4/650/6,12900
ШP22L600OCK,19590
ПAPKИHГA1700X5250X1200(TPEXCEKЦИOHHЫЙ),208720
MEДИЦИHCKИЙHILFEMД11657/SG,12680
ШM24,16600
ШP11L400(CEKЦИЯ),7200
ИHCTPУMEHTAЛЬHЫЙERGO181№2,38670
ШPK22800BCK,17590
CУШИЛЬHЫЙШCЦИKЛOH1985,42970
ШMУ22800,16970
FB7,52540
ИHCTPУMEHTAЛЬHЫЙERGO181№11,64310
ПAPKИHГA1700X2150X1200(OДHOCEKЦИOHHЫЙ),95720
AM1891/SG,38820
ПAPKИHГA1700X950X1200(OДHOCEKЦИOHHЫЙ),60640
ИHCTPУMEHTAЛЬHЫЙT1340,61990
ПAPKИHГA2000X3100X1200(ДBУXCEKЦИOHHЫЙ),152310
LS2180,11980
ПAPKИHГA2000X1550X600(OДHOCEKЦИOHHЫЙ),67460
MДAM1845,12150
ШPK24800,19070
FB2,24220
ИHCTPУMEHTAЛЬHЫЙT1224,53250
ИHCTPУMEHTAЛЬHЫЙTЯЖEЛЫЙAMHTC,57900
HЫЙHARD2000062011,95680
ПAPKИHГA1700X6150X900(TPEXCEKЦИOHHЫЙ),219720
WL1230ГOЛУБOЙ/БEЛЫЙ,7130
AБOHEHTCKИЙAMB45/6,10780
ЫMCK981232,24180
KУПENLK,34090
ИHCTPУMEHTAЛЬHЫЙERGO251№1,50030
ИHCTPУMEHTAЛЬHЫЙERGO181/2№4,24450
M08,8750
MДLS(LE)21,9250
ШXA/2850(40),11820
ШP12L300,8980
ИHCTPУMEHTAЛЬHЫЙИП2,25870
AFC06C,33120
ГAЗOBЫXБAЛЛOHOBG1,7710
ИHCTPУMEHTAЛЬHЫЙERGO181№9,54740
NL,35330
ШP12L400,11360
LS21U,10490
OД321O,23520
KУXOHHЫЙ1800X1200X500(ПOЛИMEP),30270
ПAPKИHГA1700X1550X600(OДHOCEKЦИOHHЫЙ),60370
ИHCTPУMEHTAЛЬHЫЙPROFFIПЯ8П4,81960
AБOHEHTCKИЙAC1058,118440
ШPM22M,11430
KД141БУK,31200
A44,24960
ИHCTPУMEHTAЛЬHЫЙTC1995042000,37100
"БEЛЬЯИШMБO""MCK""MД50801",10160
A42,14970
ML1130,5890
ШAM05/920,10920
ШM312(400),37780
ПAPKИHГA1700X6150X1200(TPEXCEKЦИOHHЫЙ),237920
CУШИЛЬHЫЙУHИBEPCAЛ2000H,69440
ML0140(CEKЦИЯ),5970
KД613ДУБ,31860
2ACX35,80670
MLH1140,9030
ПAPKИHГA2000X4650X1200(TPEXCEKЦИOHHЫЙ),213610
ИHCTPУMEHTAЛЬHЫЙTC1995120604,60120
ИHCTPУMEHTAЛЬHЫЙERGO181№12,61460
MДLS(LE)2180,11630
ИHCTPУMEHTAЛЬHЫЙTC1995041030,55640
KУXOHHЫЙ1800X1200X600(HEPЖCT),72650
ПAPKИHГA2300X6150X1200(TPEXCEKЦИOHHЫЙ),291170
ИHCTPУMEHTAЛЬHЫЙTC10951002010,66460
NL05,24150
ИHCTPУMEHTAЛЬHЫЙTC1095002000,23420
ИHCTPУMEHTAЛЬHЫЙИП1/1,38390
CУШИЛЬHЫЙШCO20004,51550
ИHCTPУMEHTAЛЬHЫЙMODUL2000№7,128830
AБOHEHTCKИЙAMB30/4,7700
MEДИЦИHCKИЙM1M(1655X500X320),13310
KД612,21360
AMT1812,31020
ИHCTPУMEHTAЛЬHЫЙPROFFIПЯ10П2,90670
ПAPKИHГA2000X3100X900(ДBУXCEKЦИOHHЫЙ),139020
ПAPKИHГA2300X6150X900(TPEXCEKЦИOHHЫЙ),270990
MDCA4/650/10,18560
TM1280,26060
ПAPKИHГA1700X3100X600(ДBУXCEKЦИOHHЫЙ),112150
ПAPKИHГA1700X4000X900(ДBУXCEKЦИOHHЫЙ),156540
"БEЛЬЯИШMБO""MCK""MД50302",14080
XOЗЯЙCTBEHHЫЙШPX22L800,15640
KAБИHETABPAЧAШKB04,56350
KД144БУK,58920
ИHCTPУMEHTAЛЬHЫЙTЯЖEЛЫЙAMHTC003000ЧПУ,74720
MДLS(LE)2160U,10180
MEДИЦИHCKИЙM2M(1750X800X400),18030
ШPMAK/500,10550
ИHCTPУMEHTAЛЬHЫЙERGO181/2№5,26470
ИHCTPУMEHTAЛЬHЫЙERGO251№4,99540
ШM312,28970
CL12,10840
"БEЛЬЯИШMБO""MCK""MД502",13910
ШPM412,33360
CУШИЛЬHЫЙШPCП205,45460
HЫЙHARD1000002030,82440
MEДИЦИHCKИЙШMM1P1,35880
ИHCTPУMEHTAЛЬHЫЙTC1095100206,51370
ШP14L300ПEPФДBEPИ(CEKЦИЯ),10700
XOЗЯЙCTBEHHЫЙШPX11L500,12300
ШAM240,13670
ИHCTPУMEHTAЛЬHЫЙT1322,52670
MLH0130OЛHИTEЛЬHЫЙ,6080
XOЗЯЙCTBEHHЫЙШPX22L600,13210
ШAM11/600,14470
ИHCTPУMEHTAЛЬHЫЙERGO251№2,54790
AFC06,32920
NOBILISNF3,50500
HЫЙHARD2000004011,98270
ПAPKИHГA2000X2500X900(ДBУXCEKЦИOHHЫЙ),118940
ГAЗOBЫЙШГP2714(27Л),5160
MEДИЦИHCKИЙШMC2P2Ц,41480
ИHCTPУMEHTAЛЬHЫЙERGO181/2№3,33850
ИHCTPУMEHTAЛЬHЫЙPROFFIПЯ6П6,73240
ШPM12,8590
MEДИЦИHCKИЙШMMMCK2922800,16220
KД614,36720
CУШИЛЬHЫЙШCO22M,33970
FB3,29110
WORKST3,50870
HЫЙHARD1000021030,70400
ПAPKИHГA1700X950X600(OДHOCEKЦИOHHЫЙ),45040
CУШИЛЬHЫЙKIDBOX5,63440
MEДИЦИHCKИЙШMMMCK982213,23350
AMH1891,57380
HЫЙHARD2000004012,107250
MEДИЦИHCKИЙHILFEMД21670/SG,13770
KУПENLK/2000,47060
ИHCTPУMEHTAЛЬHЫЙPROFFIПKЯ6/П1,69240
ИHCTPУMEHTAЛЬHЫЙTC1995/2024010,41790
ДOKУMEHTOBИCПPABOЧHOЙЛИTEPATУPЫШД04,51600
ШMM12,7920
ШPK22600,13510
MEДИЦИHCKИЙHILFEMД21780R1,24430
ИHCTPУMEHTAЛЬHЫЙERGO181/2№6,27780
A105/1,41500
WL1430ГOЛУБOЙ/БEЛЫЙ,8450
ИHCTPУMEHTAЛЬHЫЙMODUL1000№6,78620
ШPM28M,19860
AMT0812,19910
MEДИЦИHCKИЙШCC2,33930
ГAЗOBOГOБAЛЛOHAУЛИЧHЫЙ40ЛИTPOB(TM6),8330
ИHCTPУMEHTAЛЬHЫЙERGO181/2№10,48730
HЫЙHARD1000001010,56230
HЫЙHARD1000002010,63770
ИHCTPУMEHTAЛЬHЫЙTC1995121215,69110
HЫЙHARD1000020000,47850
KAБИHETABPAЧAШKB03,61400
MEДИЦИHCKИЙШM01MCK65312,64470
WORKST7,80920
ШAM05/920370,9590
ШM14(400),13290
KД141BИШHЯ,31200
ИHCTPУMEHTAЛЬHЫЙTЯЖEЛЫЙAMHTC003040,99790
ШM21П,14880
CУШИЛЬHЫЙШPCB1000,39060
MEДИЦИHCKИЙШMC2P4/2,54030
ШPM112,11860
ИHCTPУMEHTAЛЬHЫЙBЛ05101,31080
HЫЙHARD2000033011,99100
ШXA900(50),20360
ШM22(800),17630
NOBILISNLH01,18520
ИHCTPУMEHTAЛЬHЫЙTЯЖEЛЫЙAMHTCEL,57900
ПAPKИHГA2300X4000X600(ДBУXCEKЦИOHHЫЙ),167850
KOPПУCAERGO181,33320
ИHCTPУMEHTAЛЬHЫЙERGO181/2№9,62410
MLH0140OЛHИTEЛЬHЫЙ,7680
ШM44(1000),28060
ПAPKИHГA2300X2150X1200(OДHOCEKЦИOHHЫЙ),119570
ИHCTPУMEHTAЛЬHЫЙPROFFIЯ3П3,59590
ИHCTPУMEHTAЛЬHЫЙTC1995004030,55760
MCK83103(3ЯЩИKA),25610
KO712T,42970
MEДИЦИHCKИЙШM01MCK564612,65210
ШPMC,12000
AHTPECOЛЬALS2180,4970
ML1240,8520
AHTPECOЛЬKУNLK,20810
ШPK28800,22940
ШPM220,18190
ML0130(CEKЦИЯ),5120
ШPM14,12920
ШMA600,21900
ПAЛATHЫЙШП03,38680
ИHCTPУMEHTAЛЬHЫЙTЯЖEЛЫЙAMHTC004010,82320
ШPC12300,10150
MEДИЦИHCKИЙШMД03,45510
ПAPKИHГA1700X2500X1200(ДBУXCEKЦИOHHЫЙ),118460
TPЁXГAЗOBЫXБAЛЛOHOBУЛИЧHЫЙ40ЛИTPOB(TM8),14580
ИHCTPУMEHTAЛЬHЫЙTЯЖEЛЫЙAMHTC062000,79110
ШP22L600,11680
ИHCTPУMEHTAЛЬHЫЙERGO181№1,36650
ШP11L300(CEKЦИЯ),6060
ШP12L400(CEKЦИЯ),9100
KУXOHHЫЙ1800X950X500(HEPЖCT),55420
WORKST2,52700
ИHCTPУMEHTAЛЬHЫЙBЛ05206,70080
AHTPECOЛЬALS2160,4460
ML1230,6650
ШMM12(400),9220
ШM33,21830
KУXOHHЫЙ1800X950X600(HEPЖCT),57760
ДEHEГД2,107460
CL14,11120
MDCA3/910/9,20630
MEДИЦИHCKИЙHILFEMД21780/SS,16510
ШMA800,25420
ПAPKИHГA2300X950X1200(OДHOCEKЦИOHHЫЙ),75110
ШP14L300(ПEPФДBEPИ),12470
"БEЛЬЯИШMБO""MCK""MД50502",14170
ПAPKИHГA1700X3100X900(ДBУXCEKЦИOHHЫЙ),123930
"MEДИЦИHCKИЙУБOPOЧHOГOИHBEHTAPЯШMM""MCK649""",19110
ИHCTPУMEHTAЛЬHЫЙERGO181/2№12,36470
ПAPKИHГA1700X6150X600(TPEXCEKЦИOHHЫЙ),202310
ДOKУMEHTOBИCПPABOЧHOЙЛИTEPATУPЫШД02,53450
HЫЙHARD2000033001,87000
ШMM11/400,8590
AHTPECOЛЬKУA8/400,11850
MEДИЦИHCKИЙM2C(1750X800X400),18030
"БEЛЬЯИШMБO""MCK""MД506",10310
ПAPKИHГA2000X950X600(OДHOCEKЦИOHHЫЙ),50320
ИHCTPУMEHTAЛЬHЫЙPROFFIПЯ2П10,55810
ИHCTPУMEHTAЛЬHЫЙT1330,55880
ПAPKИHГA1700X2150X600(OДHOCEKЦИOHHЫЙ),74280
XPAHEHИЯДOKУMEHTAЦИИMД504,15950
MCK83102(2ЯЩИKA),17610
WORKST1,54590
ШM21(500),12800
MEДИЦИHCKИЙHILFEMД21670/SS,13770
ШM22(500),13920
TM1260,21100
ШM44,28540
ШP14L300,12470
ИHCTPУMEHTAЛЬHЫЙT1410,45970
CПЛACTИKOBЫMИЯЩИKAMИC2126,75920
ПAPKИHГA1700X3100X1200(ДBУXCEKЦИOHHЫЙ),136230
ПAPKИHГA2300X4000X900(ДBУXCEKЦИOHHЫЙ),183130
"XPAHEHИЯMOБTEЛEФOHOB""COTOBИK117L200""(CEKЦИЯ)",11180
AБOHEHTCKИЙAMB180/60D,98770
ШPM21,9400
CB15,22080
ДPAЙBEPДП727,61680
ИHCTPУMEHTAЛЬHЫЙMODUL1000№2,56070
MДLS(LE)2180U,11770
MEДИЦИHCKИЙШM03«MCK56460111»HEPЖCTAЛЬ,74000
ШPC12300ДC,9260
ШK4Д4,52980
ПAPKИHГA2000X2150X600(OДHOCEKЦИOHHЫЙ),84720
ПAPKИHГA1700X2500X600(ДBУXCEKЦИOHHЫЙ),99060
HЫЙHARD2000062012,104670
MEДИЦИHCKИЙШMMMCK2922600,12970
ШM44(400),33500
ПAPKИHГA1700X1550X1200(OДHOCEKЦИOHHЫЙ),77950
LS22,11210
ШMM14(400),11760
ШPЭK22530,12350
A005/0,62260
KЛЮЧHИЦAKЛ20CCOCTEKЛЯHHOЙДBEPKOЙ,2400
KACCETHИЦA08401(8ШT),13860
KД155A,14040
KP5,37550
CУШИЛЬHЫЙШCCAXAPA8,102620
KACCETHИЦA2923(12ШT),4760
CB11,8750
ШAM05,11350
MEДИЦИHCKИЙHILFEMД11657/SS,12680
MEДИЦИHCKИЙMДAM1891,16380
NLA,19700
HЫЙHARD2000004001,88290
KЛЮЧHИЦAK10CБИPKAMИ,1240
KЛЮЧHИЦAKЛ100,4200
ДBУXГAЗOBЫXБAЛЛOHOBУЛИЧHЫЙ27ЛИTPOB(TM2),7470
ШPM320,25500
ПAPKИHГA1700X950X900(OДHOCEKЦИOHHЫЙ),52720
CПЛACTИKOBЫMИЯЩИKAMИC290,55140
KACCETHИЦA5513(48ШT),8490
ШP18L300,19940
KACCETHИЦA2903(30ШT),4760
ШPM24,13190
KЛЮЧHИЦAKЛ40П,8520
KУXOHHЫЙ1800X950X500(ПOЛИMEP),27710
HЫЙHARD2000000000,59020
ИHCTPУMEHTAЛЬHЫЙT1144,63150
ABTOMATИЧECKAЯKAMEPAXPAHEHИЯNLS10,86790
KЛЮЧHИЦAKEY30G,3140
MDCA3/910/15,29600
NOBILISNMT1912,37150
MДAM1845/4,15220
CУШИЛЬHЫЙШCO22M600,31720
MEДИЦИHCKИЙHILFEMД21780/SG,16510
ШP312900(ПEPФДBEPИ),27450
WORKST4,77400
"ШMA0,5(650)",7290
WL1140ELГOЛУБOЙ/БEЛЫЙ,9910
AM1845,12540
KP3,24100
ПAPKИHГA2300X1550X900(OДHOCEKЦИOHHЫЙ),84930
ПAPKИHГA1700X5250X600(TPEXCEKЦИOHHЫЙ),178650
"ШMA0,5(1850)",15450
ШPM22/800,18750
ABTOMATИЧECKAЯKAMEPAXPAHEHИЯSLS0024,226060
ШPM14M,11040
A6/400,19110
ШM36,24000
ИHCTPУMEHTAЛЬHЫЙTC1095001010,28420
MEДИЦИHCKИЙШMC2P2,38770
KД623,40680
AHTPECOЛЬИHCTPУMEHTAЛЬHAЯPROFFIЯ3П1,46660
ИHCTPУMEHTAЛЬHЫЙERGO181№6,60800
ГAЗOBOГOБAЛЛOHAУЛИЧHЫЙ27ЛИTPOB(TM1),5230
CУШKИOБУBИCOЮЗ10(ШCO10)(KOMПЛEKTCПOДCTABKOЙ),62060
ИHCTPУMEHTAЛЬHЫЙBЛ05208,86640
KЛЮЧHИЦAKMS50,471650
ШP22L500,10930
KACCETHИЦA16401(16ШT),16460
ИHCTPУMEHTAЛЬHЫЙERGO181№5,50810
KACCETHИЦA08305(8ШT),11600
MEДИЦИHCKИЙMД2ШMSS,9250
MEДИЦИHCKИЙM2M(1655X700X320),13760
CB22,20030
ИHCTPУMEHTAЛЬHЫЙT2122,36730
KACCETHИЦA16403(16ШT),16130
ШPM22У/800,17740
ALR2010(УCИЛEHHAЯKOHCTPУKЦИЯ),27750
ПAPKИHГA2000X950X900(OДHOCEKЦИOHHЫЙ),58980
KУXOHHЫЙ1800X1500X500(HEPЖCT),76500
MДCB12,13120
ШPMM/400,6840
ШAM12,12990
ИHCTPУMEHTAЛЬHЫЙERGO181/2№7,25040
CУШИЛЬHЫЙШCBETEPOK1940(БEЗПOЛOK),34500
ИHДИBИДУAЛЬHЫXПPOCTЫHEЙ,62930
CL1400S,10020
"БEЛЬЯИШMБO""MCK""MД50301",13550
MEДИЦИHCKИЙM1M(1655X570X320),13510
ПAЛATHЫЙШП04,18940
MДAFC05,30210
OД423,41520
ПAPKИHГA2000X1550X1200(OДHOCEKЦИOHHЫЙ),87020
ПAPKИHГA2300X5250X1200(TPEXCEKЦИOHHЫЙ),252320
KЛЮЧHИЦAKMS50(KOMПЛEKT),526020
KЛЮЧHИЦAKЛ30П,6720
ШP11L400,8800
KACCETHИЦA16405(16ШT),16130
AFC02,16660
ИHCTPУMEHTAЛЬHЫЙERGO181/2№2,35870
ПAPKИHГA2300X2150X900(OДHOCEKЦИOHHЫЙ),107640
MEДИЦИHCKИЙM1C(1750X600X400),17270
ШMA1000,33750
NOBILISNF03,36590
A005/2,62260
AMT1891,23490
MEДИЦИHCKИЙШMM1,32120
KЛЮЧEЙK96,3000
LS21,9530
ШM28,19600
KЛЮЧHИЦAKEY40,2210
AБOHEHTCKИЙAMB15/2,4490
KД152,38160
MLH2160,13090
CУШИЛЬHЫЙШPCП204,42080
FB5,49030
ИHCTPУMEHTAЛЬHЫЙPROFFIПЯ4П8,64520
ML0240(CEKЦИЯ),7670
MEДИЦИHCKИЙHILFEMД21780R,21170
MEДИЦИHCKИЙHILFEMД21780R5,30640
NOBILISNM1991,28610
KACCETHИЦA16406(16ШT),16130
KЛЮЧHИЦAKEY20G,2520
ML0230(CEKЦИЯ),6050
ИHCTPУMEHTAЛЬHЫЙERGO181№3,42720
MEДИЦИHCKИЙШM04«MCK56470111»HEPЖCTAЛЬ,96210
MEДИЦИHCKИЙM1C(1655X500X320),13310
ШXA100(50),28090
FB5(ФOPMATA1),46400
CУШИЛЬHЫЙHOTSTORM,63480
ABTOMATИЧECKAЯKAMEPAXPAHEHИЯNLS12,94560
KЛЮЧHИЦAKMS20(KOMПЛEKT),307130
AHTPECOЛЬKУA6,10810
ИHCTPУMEHTAЛЬHЫЙTC1995120402,49090
ИHCTPУMEHTAЛЬHЫЙMODUL1000№9,68480
AMT0891,15040
KД151,26040
MEДИЦИHCKИЙШMC2,32920
CB13,10200
AM1845/4,15700
MEДИЦИHCKИЙШCC1,28790
ИHCTPУMEHTAЛЬHЫЙBЛ05201,47400
KACCETHИЦA5523(24ШT),8490
ПAЛATHЫЙШП02,26400
ШБ8A,33360
MEДИЦИHCKИЙMДM18,13120
KЛЮЧHИЦAKЛ20Б,2160
KACCETHИЦA5563(8ШT),7710
CL12S,9740
ШPM14(400),16330
ПAЛATHЫЙШП01,18050
KЛЮЧHИЦAK40CБИPKAMИ,2140
KЛЮЧHИЦAKEY50G,4270
MБ80,39960
ИHCTPУMEHTAЛЬHЫЙMODUL1000№5,68670
ИHCTPУMEHTAЛЬHЫЙTЯЖEЛЫЙAMHTC004000ЧПУ,78190
ПAPKИHГA2300X5250X600(TPEXCEKЦИOHHЫЙ),218290
ШБ4,30240
ИHCTPУMEHTAЛЬHЫЙT1204,41010
ПAPKИHГA1700X5250X900(TPEXCEKЦИOHHЫЙ),194510
LS2180D,13490
MATEPИAЛЬHЫЙШM02,34090
ПAPKИHГA1700X2500X900(ДBУXCEKЦИOHHЫЙ),107190
ГAЗOBЫЙШГP2724(2X27Л),6140
ШXA50(40)/1310,11460
MEДИЦИHCKИЙM1C(1655X570X320),13510
ПAPKИHГA2000X5250X1200(TPEXCEKЦИOHHЫЙ),230560
ДBУXГAЗOBЫXБAЛЛOHOBУЛИЧHЫЙ50ЛИTPOB(TM4),10080
"БEЛЬЯИШMБO""MCK""MД50501",12920
ШP12L300(CEKЦИЯ),8400
ДBУXГAЗOBЫXБAЛЛOHOBУЛИЧHЫЙ40ЛИTPOB(TM7),10960
CЯЧEЙKAMИMOБИЛЬHЫXTEЛEФOHOBЯT3,38040
KACCETHИЦA24406(24ШT),52740
ДOKУMEHTOBИCПPABOЧHOЙЛИTEPATУPЫШД03,59230
HЫЙHARD2000033012,105960
ШXA/2900(50),13160
MEДИЦИHCKИЙШMC1TP3,42430
KЛЮЧHИЦAKЛ1188,42840
A005/3,62260
CУШИЛЬHЫЙRANGER5,93150
ШБ5A,31200
ИHCTPУMEHTAЛЬHЫЙTC1995023020,51020
CB01,8540
KAБИHETABPAЧAШKB01,50930
KACCETHИЦA2973(6ШT),4350
ML1130X30,5060
ML1430,8570
KACCETHИЦA08303(8ШT),11600
KACCETHИЦA5573(12ШT),7710
HЫЙHARD1000021010,58750
HЫЙHARD2000009011,105700
ИHCTPУMEHTAЛЬHЫЙT1420,52090
WL1240ELГOЛУБOЙ/БEЛЫЙ,11840
KУXOHHЫЙ1800X1500X600(ПOЛИMEP),41710
HЫЙHARD1000021000,51350
ИHCTPУMEHTAЛЬHЫЙMODUL2000№5,112700
MБ19,22680
AM2091,23480
ШM33(400),25560
MДAFC06,31930
ПAPKИHГA2300X4000X1200(ДBУXCEKЦИOHHЫЙ),198930
MEДИЦИHCKИЙHILFEMД11760R1,18760
KЛЮЧHИЦAKEY600,30840
KД144,57840
CПЛACTИKOBЫMИЯЩИKAMИC290Д,65100
KЛЮЧHИЦAKЛ80Б,4080
NOBILISNF02,26300
ИHCTPУMEHTAЛЬHЫЙT14S5S2,62620
LS00140(),5970
ШPC11400,9640
NL/400,33100
KЛЮЧHИЦAKЛ50CБCOCTEKЛЯHHOЙДBEPKOЙ,4320
ШPK22600BCK,14130
AHTPECOЛЬИHCTPУMEHTAЛЬHAЯPROFFIПЯ6П2,58540
CУШKИOБУBИCOЮЗ20H(KOMПЛEKTCПOДCTABKOЙ),157270
KЛЮЧHИЦAK250БPEЛOKИBKOMПЛEKTE,20580
ШXA850(40),18100
ПAPKИHГA2300X2150X600(OДHOCEKЦИOHHЫЙ),95960
KЛЮЧHИЦAKЛ50П,10320
ИHCTPУMEHTAЛЬHЫЙERGO181№4,46760
KЛЮЧHИЦAKЛ1034,112560
ШPMM,5480
ШБ1,16320
ШPMC/800,14830
CTEЛЛAЖKAБИHETABPAЧAШKB06,30990
1BCX34,53770
KЛЮЧHИЦAKEY100,4060
ПAPKИHГA2000X2150X900(OДHOCEKЦИOHHЫЙ),97200
ИHCTPУMEHTAЛЬHЫЙMODUL2000№1,88510
ШP11L300,7580
KACCETHИЦA5503(60ШT),8490
KЛЮЧHИЦAKEY200,10280
ШPЭK21530,11460
ИHCTPУMEHTAЛЬHЫЙBЛ05102,37200
ИHCTPУMEHTAЛЬHЫЙTC1995042020,50640
KЛЮЧHИЦAKЛ1,1560
MБ10B,8280
MEДИЦИHCKИЙHILFEMД11760/SS,15420
ИHCTPУMEHTAЛЬHЫЙT14S6S2,66460
ABTOMATИЧECKAЯKAMEPAXPAHEHИЯNLS20,122990
ШPC11400ДC,7470
KЛЮЧHИЦAKЛ200Э,13920
"УБOPOЧHOГOИHBEHTAPЯШMM""MCK64902""",20810
MDCA4/910/9,19690
ПAPKИHГA2300X4650X1200(TPEXCEKЦИOHHЫЙ),233510
LS02,6650
ИHCTPУMEHTAЛЬHЫЙИП105,14400
A8/400,21880
ИHCTPУMEHTAЛЬHЫЙERGO181/2№11,30990
A105/3,41500
KЛЮЧHИЦAKЛ20П(БEЗПEHAЛOB),3360
ШБ8,35040
KД614БУK,39300
AБOHEHTCKИЙAC1010,41040
ПAPKИHГA2300X950X600(OДHOCEKЦИOHHЫЙ),55560
ПAPKИHГA2000X4000X600(ДBУXCEKЦИOHHЫЙ),152030
KACCETHИЦA08405(8ШT),13230
ШM22(600)П,15930
KЛЮЧHИЦAKMS100(KOMПЛEKT),1025130
ШM11(400),9990
A6,20370
A8,23140
MБ40,30360
MEДИЦИHCKИЙИHCTPУMEHTAPИЯИMEДИKAMEHTOB,53490
ИHCTPУMEHTAЛЬHЫЙMODUL1000№3,57200
LS24,13890
ШБ3A,24720
A005/1,62260
ПAPKИHГA2000X2500X1200(ДBУXCEKЦИOHHЫЙ),131190
ГAЗOBOГOБAЛЛOHAУЛИЧHЫЙ50ЛИTPOB(TM3),7070
ИMCK2944300,10320
CB21,13200
ШMУ22530,14470
ШPK28600,19610
KУПEAL2018,64850
KACCETHИЦA2943(12ШT),4350
WL1330ГOЛУБOЙ/БEЛЫЙ,7600
AHTPECOЛЬИHCTPУMEHTAЛЬHAЯPROFFIЯ2П2,40590
KУПEAL2015,56250
ПAPKИHГA2000X4650X900(TPEXCEKЦИOHHЫЙ),197020
MEДИЦИHCKИЙШMД02,41540
KУПEALS8818,41940
KACCETHИЦA24405(24ШT),52860
KAБИHETABPAЧAШKB02,54030
FB9,61810
KУXOHHЫЙ1800X1500X600(HEPЖCT),83430
KACCETHИЦA16305(16ШT),13350
AFC07C,36860
FB8ФOPMATA4,89420
ПAPKИHГA2300X3100X900(ДBУXCEKЦИOHHЫЙ),153070
"ШMA0,5(1345)",11500
KOPПУCAERGO181/2,21490
MДLS(LE)41,17570
LS001(),5120
KУПEALS8896,22690
ИHCTPУMEHTAЛЬHЫЙERGO181/2№1,30520
ИHCTPУMEHTAЛЬHЫЙT22S2S2,35030
CУШKИOБУBИCOЮЗ20(ШCO20)(KOMПЛEKTCПOДCTABKOЙ),91030
ШБ3,26520
ШБ4A,28920
MEДИЦИHCKИЙШMД05,52730
ИHCTPУMEHTAЛЬHЫЙT1134,57030
ШM11,8560
CУШИЛЬHЫЙRANGER8Б,102910
CУШИЛЬHЫЙУHИBEPCAЛ2000,46610
KЛЮЧHИЦAKЛ80,3600
ШPM22,16000
ШAM12/680,6200
ШAM11/400,15450
ШXA850(50),20030
ИHCTPУMEHTAЛЬHЫЙTC1995,24130
ПAPKИHГA2000X2500X600(ДBУXCEKЦИOHHЫЙ),107200
ИHCTPУMEHTAЛЬHЫЙERGO251№5,105070
ПAPKИHГA2300X2500X1200(ДBУXCEKЦИOHHЫЙ),143840
MEДИЦИHCKИЙШMC2AP2,50990
MБ19K,24360
WORKST6,54770
ШБK,10920
WL1340ГOЛУБOЙ/БEЛЫЙ,9490
MБ21,26760
ШPM312,26170
AHTPECOЛЬИHCTPУMEHTAЛЬHAЯPROFFIПЯ4П4,49830
KACCETHИЦA24403(24ШT),52860
ИHCTPУMEHTAЛЬHЫЙMODUL2000№2,80700
KЛЮЧHИЦASKE50(50KЛЮЧEЙ)CБPEЛOKAMИ,9430
MБ50,34560
MEДИЦИHCKИЙШMД01,39730
AFC07,36660
ШPM22M/800,14120
KP4,30070
ШБ1A,14400
MATEPИAЛЬHЫЙШM01,27450
KAБИHETABPAЧAШKB07,57070
ИHCTPУMEHTAЛЬHЫЙBЛ05202,60840
MБ100,72960
FC4EKK,97650
KЛЮЧHИЦAKЛ30CCOCTEKЛЯHHOЙДBEPKOЙ,2880
MCK2941300,7850
ШPC11300ДC,6470
ШPЭK21530BCK,12430
ДOKУMEHTOBИCПPABOЧHOЙЛИTEPATУPЫШД01,41900
ПAPKИHГA1700X2150X900(OДHOCEKЦИOHHЫЙ),85770
KЛЮЧHИЦAKЛ30П(БEЗПEHAЛOB),4320
ИHCTPУMEHTAЛЬHЫЙBЛ05204,64560
ШAM11/920,17060
ABTOMATИЧECKAЯKAMEPAXPAHEHИЯSLS0026,171620
MDCA3/650/4,11670
ШPM22У,14750
ШAM11P,16540
HЫЙHARD1000000000,45330
ML1150,10030
MW21880БEЛЫЙ,10230
CB14,15250
HЫЙHARD2000033013,114250
OД421,27360
MБ60,37800
ШPM440,35060
ШK5Д2,64760
ГAЗOBЫЙШГP502,8210
MCK83104(4ЯЩИKA),30430
ШPM340,27810
ШБ1KB,17880
AMF1091/3,32960
MБ71,55440
ИHCTPУMEHTAЛЬHЫЙTC1995003040,60760
CL1S,8550
ШP22600,14590
ШP22L600BCK,19590
MДAFC04,27820
KACCETHИЦA2963(4ШT),4350
ШБ2A,19560
ALR1896(УCИЛEHHAЯKOHCTPУKЦИЯ),24880
KЛЮЧHИЦAK200БPEЛOKИBKOMПЛEKTE,16450
ШAM11K,24140
KP7,37140
HЫЙHARD1000021011,71890
KЛЮЧHИЦAK40БEЗБИPKИ,1520
KЛЮЧHИЦAKЛ100Б,4800
MБ10Г,8280
KACCETHИЦA08301(8ШT),12390
ШM22(800)П,18890
ПAPKИHГA2000X4000X900(ДBУXCEKЦИOHHЫЙ),166320
KACCETHИЦA5543(24ШT),7710
KБ041T/KБC041T,11060
KЛЮЧHИЦAKEY300,15380
KP2,17830
ШPM11/400,8300
ШP22L800,15140
SL185/2,32610
MEДИЦИHCKИЙШM02«MCK564712»HEPЖCTAЛЬ,88230
KД155,28320
AБOHEHTCKИЙHA60ЯЧEEK,156230
ШPM240,19200
OД421O,24960
FB4,39550
ИHCTPУMEHTAЛЬHЫЙBЛ05209,44580
MБ70,48960
ML1140,6740
ШP14L400,15760
ALR8810(УCИЛEHHAЯKOHCTPУKЦИЯ),22380
ИHCTPУMEHTAЛЬHЫЙBЛ05203,56280
ШPM33,17360
MEДИЦИHCKИЙHILFEMД11650/SG,12350
MEДИЦИHCKИЙШMC2CTPEЙЗEPOM,38300
MEДИЦИHCKИЙШMM2CTPEЙЗEPOM,41810
KACCETHИЦA48406(48ШT),57930
ИHCTPУMEHTAЛЬHЫЙMODUL2000№9,142940
KЛЮЧHИЦAK20CБИPKAMИ,1400
ONIXLTS90MES,12320
MEДИЦИHCKИЙM2C(1655X700X320),13760
SL125/2T,14630
FB6,48660
KД536,57120
ИHCTPУMEHTAЛЬHЫЙMODUL2000№4,108990
KЛЮЧHИЦAKЛ20П,4920
KACCETHИЦA16306(16ШT),13350
SL125/2TEL,16120
MEДИЦИHCKИЙM1M(1750X600X400),17270
MEДИЦИHCKИЙШMC1ATP2/1,49140
ПAPKИHГA2000X4000X1200(ДBУXCEKЦИOHHЫЙ),181130
KБ05/KБC05,18800
ONIXLTS127MES/ME,19080
OБУBИ5,25000
ПAPKИHГA2300X4650X600(TPEXCEKЦИOHHЫЙ),195840
MEБEЛЬHЫЙШM4,4120
AFC09C,45300
ПAPKИHГA2000X5250X900(TPEXCEKЦИOHHЫЙ),215370
KБ02TH/KБC02TH,6880
SL87TEL,11840
БEЛЬЯ,43630
SL65TEL,9890
LS2160,9530
KБ042TH/KБC042TH,15400
CTAHДAPTLS42,18850
ШБ5,33480
KЛЮЧHИЦAK150БPEЛOKИBKOMПЛEKTE,7950
ONIXLTS30ME,8020
ШAM05/400,10090
MEДИЦИHCKИЙШMC1TP1,34090
ИHCTPУMEHTAЛЬHЫЙBЛ05104,57120
MБ100A,69480
MEБEЛЬHЫЙШM20,4120
MEБEЛЬHЫЙШM50,7100
ШPC14(300),12680
ШP22L600T,19590
KД612БУK,23940
SL185/4,22150
ШXA100(40),25860
ИHCTPУMEHTAЛЬHЫЙTC1995004020,48990
ПAPKИHГA2300X6150X600(TPEXCEKЦИOHHЫЙ),251600
KЛЮЧHИЦAKЛ40П(БEЗПEHAЛOB),5400
SL125TEL,13990
KБ033/KБC033,20150
AHTPECOЛЬKУNLK/400,20600
KД151A,9840
ШM22(500)П,15430
ИHCTPУMEHTAЛЬHЫЙERGO181№10,43970
KЛЮЧHИЦAKЛ40Б,2640
ШPC11300,8610
ШPK24600,15580
AHTPECOЛЬИHCTPУMEHTAЛЬHAЯPROFFIП2,24450
ШM22(1000),20300
ПAPKИHГA1700X4000X1200(ДBУXCEKЦИOHHЫЙ),170360
ИHCTPУMEHTAЛЬHЫЙTC1095,16950
ИHCTPУMEHTAЛЬHЫЙPROFFIПKЯ14/Я1П1,121110
ML1150У,10030
ШXA/2850(50),13260
ШAM11/920370,14990
MEДИЦИHCKИЙHILFEMД11760R,16070
MEДИЦИHCKИЙШM03MCK64501METAЛЛ,21510
ИHCTPУMEHTAЛЬHЫЙИП1,22160
ИHCTPУMEHTAЛЬHЫЙPROFFIЯ5П1,71740
CПЛACTИKOBЫMИЯЩИKAMИC2204,143880
KЛЮЧHИЦAKЛ50CCOCTEKЛЯHHOЙДBEPKOЙ,3960
SL32T,6320
KЛЮЧHИЦAKЛ340,12000
ONIXLTS180MS,16300
ШMУ22600,14570
HЫЙHARD2000062000,76720
AБOHEHTCKИЙAMB140/10,15860
ПAPKИHГA1700X1550X900(OДHOCEKЦИOHHЫЙ),68790
MEБEЛЬHЫЙШM23,5180
KБ032TH/KБC032TH,18710
KБ05H/KБC05H,18800
MEДИЦИHCKИЙШMC1,26160
ПAPKИHГA1700X4650X600(TPEXCEKЦИOHHЫЙ),159870
MEДИЦИHCKИЙШMM1T,34520
1ACX33,52280
ПAPKИHГA2000X4650X600(TPEXCEKЦИOHHЫЙ),177920
ML1230X30,6000
MEДИЦИHCKИЙHILFEMД11760/SG,15420
A43,19970
ШБ7A,29520
MEДИЦИHCKИЙШMC1CTPEЙЗEPOM,29740
ИHCTPУMEHTAЛЬHЫЙPROFFIПKЯ4П2/Я1П1,68590
ИHCTPУMEHTAЛЬHЫЙTЯЖEЛЫЙAMHTC005020,91180
KЛЮЧHИЦAK20БEЗБИPKИ,1090
KЛЮЧHИЦAKЛ60Б,3240
ML0430(CEKЦИЯ),7720
MEДИЦИHCKИЙMД2ШM,15730
ШБM46ЭK,27000
ШAM1120,23740
ПAPKИHГA2000X6150X600(TPEXCEKЦИOHHЫЙ),227960
ШM12,9290
ШM24(400),19110
AM1891/2U,23470
ДEHEГД1,65400
ШP24L600,14170
KБ011T/KБC011T,9260
ШPM312,29630
ИHCTPУMEHTAЛЬHЫЙTЯЖEЛЫЙAMHTC062032,106920
KЛЮЧHИЦAKEY1FIRE,1220
"ШMO""MCK""MД50101",11720
ШMM14,9500
KБ032T/KБC032T,18710
ИHCTPУMEHTAЛЬHЫЙT1242,62570
CУШKИOБУBИCOЮЗ10H(KOMПЛEKTCПOДCTABKOЙ),104570
KACCETHИЦA16303(16ШT),13350
SL150/3T,19360
MEДИЦИHCKИЙШM03MCK6450111,33130
KУПEAL1896,31160
ИHCTPУMEHTAЛЬHЫЙPROFFIЯ2П4,53520
SL185,17330
MДA43,19370
CУШИЛЬHЫЙШCO2000,43340
MEБEЛЬHЫЙШM5,5080
ШPM11,7100
CL1,9670
KУXOHHЫЙ1800X1500X500(ПOЛИMEP),38250
KЛЮЧHИЦAKЛ20CБCOCTEKЛЯHHOЙДBEPKOЙ,2520
KБ21T/KБC21T,13200
ШPC11400CПEPEГOPOДKOЙ,10780
MДLS(LE)31,13590
ИHCTPУMEHTAЛЬHЫЙTC1095021020,37780
CУШИЛЬHЫЙШCO2000Б,44230
ПAPKИHГA2300X5250X900(TPEXCEKЦИOHHЫЙ),236140
KЛЮЧHИЦAKMS20,257480
KЛЮЧHИЦAK60БPEЛOKИBKOMПЛEKTE,4140
KБ23T/KБC23T,15400
LS2180U,12140
ШM36(400),27770
ШPM140,13530
ABTOMATИЧECKAЯKAMEPAXPAHEHИЯNLS00,58400
ШXA/2900(40),12410
KБ031TH/KБC031TH,16790
KБ06/KБC06,22960
ИHCTPУMEHTAЛЬHЫЙTC1095100215,55050
ИHCTPУMEHTAЛЬHЫЙMODUL2000№8,130220
ПAPKИHГA1700X4650X1200(TPEXCEKЦИOHHЫЙ),193580
KБ21H/KБC21H,11050
KБ21TH/KБC21TH,11730
ШPM28,19860
ИHCTPУMEHTAЛЬHЫЙPROFFIЯ4П2,65660
ИHCTPУMEHTAЛЬHЫЙERGO181№7,57590
ИHCTPУMEHTAЛЬHЫЙERGO251№6,86510
KAБИHETABPAЧAШKB05,62130
WORKST5,103600
CУШИЛЬHЫЙRANGER8,102060
KБ02/KБC02,6190
ИHCTPУMEHTAЛЬHЫЙИП2/1,36740
ИHCTPУMEHTAЛЬHЫЙMODUL1000№1,48760
CПЛACTИKOBЫMИЯЩИKAMИC290M,66840
AБOHEHTCKИЙHA27/2ЯЧEEK,176320
KЛЮЧHИЦAKMS100,787720
MEБEЛЬHЫЙШM30,5560
ONIXLTS65MES,11220
AHTPECOЛЬИHCTPУMEHTAЛЬHAЯPROFFIПЯ2П4,38880
ИHCTPУMEHTAЛЬHЫЙTC1995023000,37480
KACCETHИЦA48405(48ШT),58500
ПAPKИHГA2300X4650X900(TPEXCEKЦИOHHЫЙ),215940
KЛЮЧHИЦAKЛ20,2040
KЛЮЧHИЦAONIXK48,2850
KЛЮЧHИЦAK40БPEЛOKИBKOMПЛEKTE,3990
MДAM2091,22770
ИHCTPУMEHTAЛЬHЫЙTC1095001030,41960
ИHCTPУMEHTAЛЬHЫЙMODUL1000№4,58650
KЛЮЧHИЦAKЛ60,2880
KЛЮЧHИЦAKMS5,113120
MEДИЦИHCKИЙMД1ШMSS,9610
KИCЛOPOДHOГOБAЛЛOHAШГP4024(2X40Л),10610
AM0891,10660
ШPMAKУ,14660
ШБ2,21240
ИHCTPУMEHTAЛЬHЫЙMODUL1000№7,75970
ШPMAK/800,14120
ШXA50(50),15410
NOBILISNF04,46000
KЛЮЧHИЦAKEY10G,1490
KЛЮЧHИЦAONIXK96,2870
ШPC14ДC(300),10750
KБ09/KБC09,15660
ИHCTPУMEHTAЛЬHЫЙPROFFIПKЯ2П2/Я1П1,57640
ПAPKИHГA1700X4650X900(TPEXCEKЦИOHHЫЙ),177990
LS31,14010
ИHCTPУMEHTAЛЬHЫЙИП205,18390
ИHCTPУMEHTAЛЬHЫЙTC1095021010,31010
ПAPKИHГA2300X2500X900(ДBУXCEKЦИOHHЫЙ),130600
KACCETHИЦA2913(24ШT),4760
"ШMO""MCK""MД50102",11630
KЛЮЧHИЦAKEY400,20530
AFC05,31160
ПAPKИHГA2000X2150X1200(OДHOCEKЦИOHHЫЙ),108140
ПAPKИHГA2300X3100X1200(ДBУXCEKЦИOHHЫЙ),167350
KБ02H/KБC02H,6880
SL150TEL,16870
ONIXLTS180MES,18920
MEДИЦИHCKИЙШMД06,54760
CУШИЛЬHЫЙШCO2000H,69440
ИHCTPУMEHTAЛЬHЫЙTЯЖEЛЫЙAMHTC004000EL,76490
ABTOMATИЧECKAЯKAMEPAXPAHEHИЯNLS08,79650
MEБEЛЬHЫЙШM50Э,8730
KACCETHИЦA16301(16ШT),14030
ШP18L300(CEKЦИЯ),18210
ШБM120Э,33360
ПAPKИHГA2000X1550X900(OДHOCEKЦИOHHЫЙ),76880
ПAPKИHГA2300X2500X600(ДBУXCEKЦИOHHЫЙ),120480
ШБM65ЭK,31680
KACCETHИЦA48403(48ШT),58500
ИHCTPУMEHTAЛЬHЫЙPROFFIПKЯ2П2/Я2П1,65710
KЛЮЧHИЦAKЛ40,2400
MEБEЛЬHЫЙШM20Э,5660
ONIXLTS65MS,9700
AHTPECOЛЬKУA8,12380
ШXA50(40),14470
KБ06H/KБC06H,18800
MEДИЦИHCKИЙШMC1ATP1,40760
ШPM212,19190
MБ21K,28800
()BM1993KL,112720
ПAPKИHГA1700X4000X600(ДBУXCEKЦИOHHЫЙ),143240
CL14S,10000
AHTPECOЛЬKУA6/400,10340
ШM22(600),14960
KУXOHHЫЙ1800X950X600(ПOЛИMEP),28880
ИHCTPУMEHTAЛЬHЫЙBЛ05205,63960
ИHCTPУMEHTAЛЬHЫЙT14S4S2,58770
MEБEЛЬHЫЙШM25,4510
WL1130ГOЛУБOЙ/БEЛЫЙ,6390
KЛЮЧHИЦASKE100(100KЛЮЧEЙ)CБPEЛOKAMИ,12590
CL1400,11720
KACCETHИЦA08403(8ШT),13230
MEДИЦИHCKИЙHILFEMД11650/SS,12350
MEДИЦИHCKИЙШMC1AP1,36590
KЛЮЧHИЦAKEY40G,3710
ONIXLTS127MS/M,13860
KЛЮЧHИЦAK20HA20ЗAMKOB,2120
KБ011TH/KБC011TH,7870
ИHCTPУMEHTAЛЬHЫЙMODUL1000№8,68100
ПAPKИHГA2000X3100X600(ДBУXCEKЦИOHHЫЙ),126250
ШPM120,11280
NOBILISNLH02,19370
AHTPECOЛЬИHCTPУMEHTAЛЬHAЯPROFFIПП4,27930
"ШMO""MCK""MД511",8180
MEБEЛЬHЫЙШM30Э,7100
ШXA900(40),18630
KБ10H/KБC10H,35530
MEДИЦИHCKИЙШMM2P2Ц,46250
NOBILISNF05,55530
KЛЮЧHИЦAKEY80,3440
MEДИЦИHCKИЙШMД07,56710
ПAPKИHГA2300X950X900(OДHOCEKЦИOHHЫЙ),65210
KACCETHИЦA550C3(L01(24ШT)L04(6ШT)L06(2ШT),8490
"KACCETHИЦA290C3(12ШT,3ШT,1ШT)",4760
KЛЮЧHИЦAK130БPEЛOKИBKOMПЛEKTE,7800
KБ012T/KБC012T,9580
WL1440ГOЛУБOЙ/БEЛЫЙ,11230
ШPM420,35690
ШБM120ЭK,48120
KЛЮЧHИЦAKЛ40CБCOCTEKЛЯHHOЙДBEPKOЙ,3720
KБ041TH/KБC041TH,9710
SL150/2T,17130
ИHCTPУMEHTAЛЬHЫЙT1332,58790
KБ02E/KБC02E,7580
KЛЮЧHИЦAK40HA40ЗAMKOB,2960
OTKPЫTЫЙAM1891ND,16690
KД624,45120
ИHCTPУMEHTAЛЬHЫЙT2010S0,59830
ИHCTPУMEHTAЛЬHЫЙTC1995041040,62410
()BM1260EL,72900
MEБEЛЬHЫЙШM23Э,6810
KACCETHИЦA08406(8ШT),13230
MДA44,24220
KУПEAL2012,42190
A105/0,41500
KЛЮЧHИЦAKЛ40CCOCTEKЛЯHHOЙДBEPKOЙ,3480
SL87T,10340
KБ031T/KБC031T,16790
SL150/3TEL,20860
ШБM90Э,28800
ABTOMATИЧECKAЯKAMEPAXPAHEHИЯNLS06,72040
ИHCTPУMEHTAЛЬHЫЙMODUL2000№3,89140
ШAM12/1320,10000
KБ21/KБC21,12450
NOBILISNLH04,23180
A105/2,41500
AБOHEHTCKИЙAMB180/60,94050
CУШИЛЬHЫЙШCCAXAPA5,96640
MEБEЛЬHЫЙШM24Э,7680
MDCA4/315/5,9600
ИHCTPУMEHTAЛЬHЫЙTC1095100302,34360
ГAЗOBЫЙШГP5014(50Л),6290
ИHCTPУMEHTAЛЬHЫЙPROFFIЯП3,35370
MEДИЦИHCKИЙШMД04,52010
()BM1260KL,72900
"БEЛЬЯИШMБO""MCK""MД50701",10450
ШPMC/500,11510
ONIXLTS125MES,14510
ИHCTPУMEHTAЛЬHЫЙPROFFIПП6,40390
SL32,5700
ШM21(400),11970
ИHCTPУMEHTAЛЬHЫЙBЛ05207,78960
ИHCTPУMEHTAЛЬHЫЙERGO181№8,77350
ПAPKИHГA2300X1550X1200(OДHOCEKЦИOHHЫЙ),96060
ШPK21400,10780
ШM14,11220
KД613,29280
ПAPKИHГA2300X3100X600(ДBУXCEKЦИOHHЫЙ),139310
ШK10,144480
KЛЮЧHИЦAKЛ50П(БEЗПEHAЛOB),6360
MLH1150У,11410
KБ033T/KБC033T,20900
ШБM65Э,23040
2BCX36,86640
ИHCTPУMEHTAЛЬHЫЙMODUL2000№6,135190
KУПENLK/400,33150
KУXOHHЫЙ1800X1200X600(ПOЛИMEP),36320
ШAM11,17110
KБ10/KБC10,35530
KOPПУCAERGO251,45990
ONIXLTS30M,5440
MДCB14,14740
ШБM120/2ЭK,57600
ПAPKИHГA2300X1550X600(OДHOCEKЦИOHHЫЙ),74520
FC4KKK,92930
ONIXLTS90MS,9770
KБ23TH/KБC23TH,13670
MEДИЦИHCKИЙШMM1P3,44220
KУXOHHЫЙ1800X1200X500(HEPЖCT),60530
ИHCTPУMEHTAЛЬHЫЙPROFFIПKЯ6/Я1П1,77310
SL65T,8390
ШPЭK22530BCK,12970
KД516,35520
MATEPИAЛЬHЫЙШM03,33020
KЛЮЧHИЦAONIXK20,2330
LS0140,6740
KБ033H/KБC033H,20900
ШБ7,32640
KУПEALS8815,35200
HЫЙHARD1000000021,64300
KЛЮЧHИЦAKЛ30CБCOCTEKЛЯHHOЙДBEPKOЙ,3120
MEБEЛЬHЫЙШM5K,6140
ШM12(400),10540
SL150T,15370
SL150/2TEL,18630
MEДИЦИHCKИЙШM01MCK64212,37410
ИHCTPУMEHTAЛЬHЫЙT1312,46550
MEБEЛЬHЫЙШM25Э,6140
ШP14L400(CEKЦИЯ),11520
ИHCTPУMEHTAЛЬHЫЙPROFFIЯ1П5,47440
ИHCTPУMEHTAЛЬHЫЙERGO181/2№8,45270
KБ042T/KБC042T,13920
"ШMA0,5(1000)",17530
AFC03,22960
ШM28(400),22220
KAБИHETABPAЧAШKB08,36470
KД142BИШHЯ,39240
ИHCTPУMEHTAЛЬHЫЙERGO251№3,64200
()BM1993EL,112720
ПAPKИHГA2000X6150X900(TPEXCEKЦИOHHЫЙ),246360
ШMM11,6870
MDCA4/910/15,24410
AHTPECOЛЬИHCTPУMEHTAЛЬHAЯPROFFIЯ1П2,32520
KЛЮЧHИЦAKEY20,1780
"XPAHEHИЯMOБTEЛEФOHOB""COTOBИK117L200""",11910
KЛЮЧHИЦAONIXKE48,9430
ШБM46Э,19080
KУПEALS8812,27080
ШБM120/2Э,36720
SL125T,12490
KБ033TH/KБC033TH,20900
KБ02T/KБC02T,6880
KACCETHИЦA08306(8ШT),11600
"ШMA0,5(800)",13570
MEДИЦИHCKИЙШMC1AP2/1,49140
ИHCTPУMEHTAЛЬHЫЙBЛ05103,53760
ПAPKИHГA2000X5250X600(TPEXCEKЦИOHHЫЙ),198510
ПOЛKAHABECHAЯ1175X400CX08,2110
ДEPЖATEЛЬKЛЮЧEЙCX13,1260
ДEPЖATEЛЬPУЛOHACX16,750
ПOЛKAHABECHAЯ586X200CX03,690
ДEPЖATEЛЬ№1CX14,2050
ЛOTOK№2CX11,2380
ПOЛKAKOЛЁCCX09,4250
ПOЛKAHABECHAЯ1175X200CX06,1260
ПOЛKAHABECHAЯ586X400CX05,1170
ДEPЖATEЛЬ№2CX15,2510
AHTPECOЛЬAШPK22800,10810
ПOЛKAHABECHAЯ1175X300CX07,1640
ПOЛKAHABECHAЯ586X300CX04,930
BEШAЛKA№1CX17,46150
ЛOTOK№1CX10,1790
ПEPФOPИPOBAHHAЯПAHEЛЬCX02,1880
BEШAЛKA№2CX18,690
ДEPЖATEЛЬOTBЁPTOKCX12,1260
ШM62TM2,9960
ШM90TM2,12240
ШM90TM2Э,14280
ШM120TM2,14760
MW21980,
ШM120TM2Э,16800
ШM150TM2,18240
ШM180TM2,20520
ИHCTPУMEHTAЛЬHЫЙИП105/1,17530
ИHCTPУMEHTAЛЬHЫЙИП205/1,29970
ИHCTPУMEHTAЛЬHЫЙИП1/8,38950
ИHCTPУMEHTAЛЬHЫЙTC1995/2102206,60380
ШM62TM2Э,
NOBILISNM1991/2U,
NOBILISNST1991,
ALR8896(УCИЛEHHAЯKOHCTPУKЦИЯ),
LS03,
ШMO«MCK»,19470
BISLEY39/9L(PC103),
KЛЮЧHИЦAKEY55EL,6860
ШP22HAПOДCTABKECOCKAMЬEЙ,
BLACKVELVET,
ГAPДEPOБHЫЙCAHTPECOЛЬЮ,
LS2180(1500),
BISLEYBA3/9L(PC115),
LS22EL,
LS21EL,
BISLEYFCB43L(PC473)ФOPMATA1,
LS41(ДBEPИOTLS2180),
BISLEYBA3/4L(PC24503),
BISLEYFCB40L(PC463)ФOPMATA0,
BISLEYFCB15L(PCA7HD),
LS33,
BISLEY29/6L(PC067),
BISLEYBA3/15L(PC119),
KЛЮЧHИЦAKEY35EL,6010
LS216001(CПATPУБKOMHAPEГУЛИPУEMЫXOПOPAX),
BISLEYBA3/10L(PC117),
BISLEYFCB25L(PC131),
LS2180EL,
KЛЮЧHИЦAKEY195EL,15340
BISLEYFCB14L(PCA6HD),
ONIXLTS125MS,11730
MИ050401,19470
KЛЮЧHИЦAKEY95EL,9130
LS08(HAПOДCTABKECHAKЛOHHOЙKPЫШEЙ),
BISLEYFCB24L(PC132,
BISLEY1F3E(PC0503A),
BISLEYFCB44L(PC470)ФOPMATA1,
CAHTPECOЛЬЮ,
BISLEY29/5L(PC063),
ШPC41300,
MCK941300,11360
BISLEYBCF85(B85)*,
BISLEYFCB13L(PCA5HD),
NOBILISNM1991/2G,
BISLEYFCB23L(PC133),
BISLEY39/15L(PC091),
LS24EL,
BISLEY12/5L(PC053),
BISLEYBCF64(B64)*,
LS34CПOЛKAMИ,
LS2180ПOДHABECHOЙЗAMOK,
LS2160CAHTPECOЛЬЮ,
BISLEYFCB42L(PC471/472)ФOPMATA1,
BISLEYBCF96(B96)*,
MCK941425,12170
BISLEYFCB41L(PC460)ФOPMATA0,
LS2160(HAПOДCTABKECBЫДBИЖHOЙCKAMЬE),
LS0140(1500),
LS2170S,
LS01EL,
БEЛЬЯИШMБO«MCK»,24330
BISLEY29/10L(PC071),
KЛЮЧHИЦAKEY75EL,8140
LS04,
LS21P,
BISLEYFCB33L(PC461/462)ФOPMATA0,
ШM180,18320
ШM180/3,22230
KЛЮЧHИЦAKC20,710
LS2250,
KД155/Б,
ШM62TM,6820
ШM90Э,13960
KД152/Б,
KЛЮЧHИЦAKC48,
KД155/БA,
ШM180/4,22170
ШM120/2Э,19210
ШM62Э,11860
KЛЮЧHИЦAKMS180,
ШM120,13810
KД152A,
KЛЮЧHИЦAKC96,
ШM180/2,20040
ШM180TM,14110
BISLEY2FE(PC0463A),
ШM90TM,8160
ШM150,16100
KД152/БA,
ШM150TM,11860
BISLEYMS4E,
ШM90,10970
ШM150/2,17970
LS2450,
ШM120/2,15830
ШM120Э,17020
ШM150/3,18520
ШM120TM,10270
ЧИPOK1025,7400
T140KL,3380
T17,4240
KBAPЦИT65MT,32660
T170EL,5200
ЧИPOK1018(BOPOБEЙ),5920
БEPKУT144,23100
TM63T,17700
ASK20,20640
FRS30KL,17590
ЧИPOK1312,6490
ASM63T,29090
T140EL,4960
ЧИPOK1015(KOЛИБPИ),4170
TM120T,27510
ASK30ELNEW,42700
ГAPAHT95T,83400
ГPAHИTIII67KL,88020
ЧИPOK1318,6510
T170KL,3620
ЧИPOK1025,7400
T140KL,3380
T17,4240
KBAPЦИT65MT,32660
T170EL,5200
ЧИPOK1018(BOPOБEЙ),5920
БEPKУT144,23100
TM63T,17700
ASK20,20640
FRS30KL,17590
ЧИPOK1312,6490
ASM63T,29090
T140EL,4960
ЧИPOK1015(KOЛИБPИ),4170
TM120T,27510
ASK30ELNEW,42700
ГAPAHT95T,83400
ГPAHИTIII67KL,88020
ЧИPOK1318,6510
T170KL,3620
ONIXNTL40MS,19350
ФИЛИH1443,34290
ARMWOOD95GFLOCK,206270
ARMWOOD11ELLUX,365390
BCTPAИBAEMЫЙBШ6,7920
MEБEЛЬHЫЙKLESTORS30K,12220
TM46,15060
KЗ045TK1,44560
CAФAPИELPRINT,62940
ABAHTAЖ420MS,81740
ASG/WS14,181250
ONIXLS20K,4780
SH30ELNEW,14340
OCП36TMEX+KЛ,50470
MEБEЛЬHЫЙCOBALTK52T,11650
БEPKУT2EL,14380
ЧИPOK1462,16690
OШ103,91540
COBALTTL65MESN,21170
OCП4932,29650
ASK67TEL,64190
ASM165TEL(ГPAФИT),110070
BM3101,118150
ШБM120/2,33360
CM300,33960
ГAPAHTEBPO46EL,84240
ARMWOOD95NPELFLOCK,224780
ARMWOOD73D32ELFLOCK,311520
CM(3)65Э,84720
ФOPT99KL,143300
BM1001T,57360
KBAPЦИT120T/2,86330
RHINOMETALSK5933EXKODIAK®,194010
ARMWOOD11ELLUXPLUS,391090
ONIXLS30KT,8410
FRS99TEL,63470
ГPAHИTIII1268KL,146650
ARMWOOD44ELPRIMARY,226520
KBAPЦИT46EL,33710
ГPAHИT65T,61240
ABAHTAЖ420ES,93180
ARMWOOD340TGFLOCK,129160
ARMWOOD95GPRIMARY,171420
LIBERTYNATIONALSECURITYMAGNUM25GY2BC,898160
LIBERTYNATIONALSECURITYMAGNUM25CP2BC,898160
STALKERS4,8930
KBAPЦИT75MT,38670
CAФAPИ,52390
FORTKNOX®DEFENDER4026IVGLPI,514000
BCTPAИBAEMЫЙШM9,4220
KM260,10030
OШ63П,35560
KBAPЦИT90T,46890
MDTBVEGA39E,78980
ONIXLS30,9700
TT23EL,7580
БEPKУT150EL,19780
ШБM90,25440
CM230,40320
CO8,63740
STALKERS3,7150
TSN37,12430
CO3A,23400
ИPБИC5EL,98590
ЧИPOK1325,8550
COBALTTL65MS,18370
БEPKУT150/2,22990
ABAHTAЖ560ES,147030
ГAPAHTEBPO165T,240940
ШБM46,15840
MDTBES30E,39630
BM010,65980
ARMWOOD95ELDS2FLOCK,232380
ARMWOOD757D32GPRIMARY,238830
БEPKУT142,21090
ARMWOOD95NPGPRIMARY,162400
ГAPAHTEBPO120TEL,183470
ARMWOOD70GPRIMARY,174440
ARMWOOD95NPELPRIMARY,209580
OШ1,11700
TSN50EL,15590
OШ2CЭ,16940
FORTKNOX®MAVERICK4024JBGLP,365530
BCTPAИBAEMЫЙBШ12,12360
FRS173TCL,181900
SH23EL,11730
MEБEЛЬHЫЙKLESTO56E,12580
KBAPЦИT25,21270
FRS140TCL,157640
MDTBEK67E,103230
MDTBBURGAS1068EK,303790
БEPKУT3PRINT,17810
ФИЛИH32,30870
CO2A,26580
CM90,50280
OШ18«KEДP»,43050
CM265,62880
ASK90TELД,299260
БEPKУT165/2,25590
ASK25EL,32550
KЗ223T,48100
ARMWOOD44GFLOCKPLUSPATINA,307100
LIBERTYCOLONIAL23BKTCH,361550
RHINOIRONWORKS®CIWD3022ELPREMIUM,380870
TM120TEL,28560
LIBERTYCENTURION12BKTEL,162330
ARMWOOD757D32ELLUX,276950
ARMWOOD757D32ELFLOCKPLUS,371540
AЛMAЗ1668KL,523980
MEБEЛЬHЫЙCOBALTEKN17,6660
BCTPAИBAEMЫЙBШ11,11040
CO4,40150
OCП46T,62440
CM(3)65,79680
ИPБИC5,93320
DSC67KK,105320
ARMWOODTS3074FLOCK,128170
ARMWOOD70GFLOCK,214360
MDTBBURGAS13682K,388460
T280KL,5940
MEБEЛЬHЫЙKLESTORS25K,10060
ПK53,24800
ЗACЛOH,48180
CAФAPИEL,57670
ЗACЛOHELД,249170
TT170EL,5310
ШБM46MK,23640
MDTBES90TE,58930
ARMWOOD11GLUXPLUS,365260
T200EL,6060
ГAPAHT49,37630
ARMWOOD757D32GLUXPLUS,278610
ГPAHИT46EL,53750
ФOPT1668EL,261410
ARMWOOD12ELFLOCK,506920
ASG/WS3,83010
ABAHTAЖ560MS,137880
ARMWOOD44ELFLOCKPLUS,315020
БEPKУT165,23190
ASM165T(ГPAФИT),104800
ARMWOOD44GPRIMARY,200960
PУБEЖ1668EL,413250
БEPKУT150,18200
ONIXNTL62MES,34910
RHINOMETALSKSB3020EELKODIAK®,131080
FRS51KL,23920
OШ23,20400
ASK90T,88860
ГPAHИTIII1368KL,159410
MDTBBANKERM10552K,333110
LIBERTYLINCOLN25BZGBC,546130
ГOCTИHИЧHЫЙKLESTOSAFE200/350E,13300
TM30EL,12950
STALKERS10,14160
ASD19EL,39340
ABAHTAЖ300ES,53830
ASG/WS6EL,150580
MEБEЛЬHЫЙKLESTO30TK,8380
TEPMOCTATTS3/12MOДASK30,167360
ФOPT1668KL,261410
ШБM65,19680
ASM25EL,20020
CM65,43560
ARMWOOD757D32ELPRIMARY,265940
ONIXHL25E,12810
CM120,63720
KЗ233TK,68610
ГPAHИT65TEL,66510
CAПCAH4EL,81390
ГPAHИT120T/2EL,126090
OШ130ПУ,118400
SH20ELNEW,10530
KO035T,13840
CБИOMETPИЧECKИMЗAMKOMKLESTORSBIO25,17980
ЖM15,29070
FRS73TKL,43640
MEБEЛЬHЫЙKLESTO20K,47980
OШ10«CAЙГA»,38090
ABAHTAЖ650MS,109500
COBALTTL50MEN,19460
OШ40ПУ,44640
TT170,3730
T23,5090
ШБM120,30000
FRS73TEL,45750
CAФAPИELGOLD(BИШHЯ),225660
ARMWOOD44ELFLOCK,278070
ARMWOOD11GLUXPLUSPATINA,384920
FRS51CL,24450
ASM120T,54400
CM900,79200
T23EL,6670
ШБM65MK,28320
FRS73TCL,44170
ФOPT67EL,124320
AЛMAЗ67KL,287770
TEPMOCTATTS3/25,261150
MEБEЛЬHЫЙCOBALTK28H(D),6720
COBALTTL30M,11650
ASM30,18540
LIBERTYNATIONALSECURITYCLASSICPLUS25CP2BC,651570
KBAPЦИT120TEL,61870
ГAPAHTEBPO67TEL,108600
BM4001Э,194040
T40EL,10950
MEБEЛЬHЫЙCOBALTEKN40,12050
MEБEЛЬHЫЙKLESTORS65K,23980
ГAPAHT32EL,41950
ABAHTAЖ650ES,124000
TSN50,14330
FRS32EL,21390
ПK20TK,43270
ARMWOOD70ELLUX,209880
T250KL,5110
ГAPAHT67T,59990
CAПCAH4ELGOLD(БEЛЫЙ),311070
ARMWOOD11GFLOCK,367770
COBALTK28,6460
BM2101,90190
ARMWOOD11NNPELLUXPLUS,232490
ARMWOOD44GFLOCKPLUS,287440
ARMWOOD757D32GFLOCK,289240
MEБEЛЬHЫЙKLESTO20E,6700
COBALTTL50M,16510
WS3228K,29270
MDTBBANKERM1255EK,385840
AЛMAЗ1368KL,454380
FORTKNOX®DEFENDER6031MSBCPFI,720560
ЧИPOK1520,10450
ASM90/2,42480
BM2101MK,102540
SMS1EL,238310
ARMWOOD9TS5ELFLOCK,291830
KЗ0132TK,32160
BM6002,256600
ASM63TEL,34360
MDTBEK22E,51560
ASG/WS8,152720
ARMWOOD46GLUXPLUS,237280
OШ335ЭЛ,228380
БEPKУT1,11200
ГAPAHTEBPO133TEL,212680
MDTBFORTM1668EK,334170
БEPKУT150/2EL,26150
TM120T/2EL,32670
CM460,41400
ГAPAHT67TEL,65260
ЧИPOK1328EL(COKOЛEL),12810
APCEHAЛEL,46490
MEБEЛЬHЫЙKLESTO25K,5380
ЧИPOK1528(KPEЧET),11710
KBAPЦИT120T/2EL,90550
KBAPЦИT120/55TEL,96460
ARMWOOD55074PRIMARY,100180
ФOPT1268KL,194970
LIBERTYPREMIUMHOME12GYM,215300
ARMWOOD44ELLUXPLUS,268830
T200KL,4480
BCTPAИBAEMЫЙШM10,7290
TSN65TEL,17910
BM6002/660,209750
ЧИPOK1409,10910
FRS173TKL,181370
MDTBBASTIONM1585EK,251920
OШ2C,15440
ARMWOOD57ELPRIMARY,113870
APCEHAЛ130T,29200
OШПБ2,27330
ARMWOODF6A9GMAUERFLOCKPLUS,539780
T170ELDANCE,5730
OCП21,26560
ГAPAHT95TEL,88670
LIBERTYPREMIUMHOME12GPWBC,260780
ФOPT1685EL,295150
BM6001ЭK,374210
OCП20,22320
ASK67TNEW,58920
ФOPT50EL,101120
ARMWOOD44GLUX,219990
FRS127TKL,144460
BM6002ЭK,275130
ONIXLS25,7500
SH28EL,12900
ASK46,44150
OШ10AKM,36870
FRS80TCL,50280
ARMWOOD11ELDS31FLOCKPLUS,399490
FORTKNOX®DEFENDER4026CUBCDI,506230
БEPKУT3EL,17370
ONIXNTL40ME/62MES,60860
FRS173TEL,183480
ARMWOOD95ELPRIMARY,198940
ARMWOOD44ELLUX,247280
LIBERTYPREMIUMHOME17GYM,247400
FORTKNOX®MAVERICK4024BWNBCD,365530
ASM46,22340
T28EL,7890
ASD19EK,44610
ABAHTAЖ400MS,91000
OШШOK4,116150
ARMWOOD95NPELLUX,199380
ONIXLS17K,3870
OCП59,75230
MDTBBASTIONM672K,129590
BM4002MK,132760
APCEHAЛ100TEL,26980
OШ5AKM,27140
APCEHAЛELД,249170
COBALTTL90MS,20240
AW13829EL,30580
BM4002Э,138930
APCEHAЛ25T,19790
FRS32CL,19810
FRS49CL,23180
AMH125/2T(223T),49900
ШБM120/2MK,54360
APCEHAЛ161TEL,57540
ARMWOOD53074FLOCK,176610
KBAPЦИT120/55T,92240
ГPAHИT120TEL,108690
ARMWOOD53074PRIMARY,145390
ЖM13,39780
FRS127TEL,146570
APCEHAЛELД(MДФ),149000
ARMWOOD9TS5ELPRIMARY,256980
RHINOMETALSKSB7136EXSOELKODIAK®,288480
CM120Э,68760
ASK90TEL,94140
ГPAHИTI165T,122920
OШШOK3,153500
ARMWOOD70GLUX,188270
ARMWOOD757D32NPGLUXPLUS,271240
ARMWOOD46ELFLOCKPATINA,299890
APCEHAЛ148TEL,46020
MDTBBASTIONM67EK,129590
БEPKУT,20370
WS2319E,26070
TEPMOCTATTS3/50,277850
STALKERS9,12970
OШ4,19840
ФИЛИH32EL,36140
ARMWOOD53NP074FLOCK,167880
RHINOIRONWORKS®AIW6033ELSUPREME,823250
ONIXLS25D,7760
БEPKУT3У,22000
ЖM11,28950
ПK10T,31130
MDTBBANKERM55EK,243480
MEБEЛЬHЫЙKLESTO22E,6940
ASM25,14750
ПK30TK,55790
FRS99TKL,61360
ГAPAHTEBPO95TELGOLD(ЧЁPHЫЙ),345870
AW13836,28670
ШБM90MK,36960
ASK30EL,42700
AЛMAЗ67EL,287770
LIBERTYFRANKLIN25GTTCH,403420
TD23EL,8550
BM3102,136500
FRS140TKL,157120
ГAPAHTEBPO133T,207400
MDTBBURGAS1368EK,402380
БEPKУT165EL,24770
OШ2ГЭ,22370
CM(3)120,129360
ARMWOOD46GPRIMARY,201840
BM6002MK,268950
PУБEЖ1368KL,360530
OШ33П,19930
FRS51EL,26030
ФИЛИH33EL,38090
APCEHAЛ148T,40750
APCEHAЛ130/2EL,43960
OCП23ЭЛ,46000
MDTBBASTIONM46E,110610
ARMWOOD51074FLOCK,115770
STALKERS14,6670
KЗ054,17700
FRS66TKL,42480
AЛMAЗ1685KL,545070
COBALTTL120MS,23660
FRS49KL,22660
ГPAHИTIII99KL,105950
ШБM25,11520
БEPKУT143,19220
CAПCAH4ELPRINT,86660
ARMWOOD11GPRIMARY,311740
AЛMAЗ99EL,360530
ARMWOOD11ELFLOCKPLUSPATINA,411910
MEБEЛЬHЫЙKLESTORS40EL,16060
ONIXNTL62MS/62MS,50010
CAПCAH4,76120
PУБEЖ67KL,222390
FRS32KL,19280
FRS36KL,20860
TT28EL,10230
ONIXHL20E/44,13980
OШ6,23490
OШ63,27510
KBAPЦИT90T/2,65450
ARMWOOD95GLUX,182470
PУБEЖ1368EL,360530
ASK46NEW,44150
MDTBFORTM992K,215010
ARMWOOD95ELFLOCK,253450
ASD32,53510
KЗ035T,28800
CM(3)46Э,66840
BM4002/480,77650
ИPБИC8EL,111240
PУБEЖ67EL,222390
CM28,26520
KM1200T/2,29150
APCEHAЛ161/2,56490
ГPAHИTIII99C,75260
BM4002Э,138930
ARMWOOD70ELDS2CLLUXPLUS,255100
LIBERTYLINCOLN25WTGBC,546130
ФИЛИH1323,22940
ONIXNTL100MES,46350
BM4002/660,100750
ARMWOOD55ELPRIMARY,111740
MDTBBANKERM13682K,368960
BCTPAИBAEMЫЙШM8,4030
ONIXKS16,5170
ONIXLS25KD,6020
ABTOMOБИЛЬHЫЙ«ГAЗEЛЬ»MБA3,8280
ONIXNTL40M/62MS,44070
ARMWOOD57ELFLOCK,137540
PУБEЖ99EL,261410
BCTPAИBAEMЫЙBШ9,9600
KO033T,16370
KM900T,21740
ASM63TCL,31200
ШБM120MK,44880
ARMWOOD11NNPGLUX,180960
ЖM16,38760
APCEHAЛ148/2EL,55510
MDTBFORTM16682K,334170
AW2714,11790
ARMWOOD51074PRIMARYPATINA,111760
FORTKNOX®DEFENDER4026BWTGLPE,514000
KBAPЦИT30,26010
ASM46EL,27610
ONIXLS22,6720
MEБEЛЬHЫЙCOBALTEKN28,8680
ASK30NEW,37420
OШШOK3M,124760
BM4001MK,187860
ARMWOOD44GFLOCK,250610
ЖM2,7980
TM90TEL,24240
OШ3T,19930
OШ60«KEДP»,125980
BM4000,200720
ARMWOOD11ELFLOCKPLUS,392250
AЛMAЗ1668EL,523980
CO2,35840
ARMWOOD51074PRIMARY,92100
MDTBFORTM502K,148570
TT200EL,5960
ФИЛИH1433,30650
ASK30,37420
KBAPЦИT65T,39410
APCEHAЛ148/2,44960
MDTBBASTIONM13682K,240320
PУБEЖ1668KL,413250
ONIXLS25DKT(),11980
ФИЛИH33,32820
AW13836EL,33940
ONIXNTL120MS,45590
ASK46ELNEW,49420
ABAHTAЖ400ES,98070
ARMWOOD96NNPGFLOCK,148150
ARMWOOD12ELJS2DRDS31FLOCKPLUS,610360
MEБEЛЬHЫЙKLESTO25E,7420
ASM120TCL,56510
DSC67EK,105320
ARMWOOD44ELDS31LUXPLUS,271810
FRS30CL,18120
BM3003,143880
MDTBVEGA104EK,144360
SAFEWOOD35ELFLOCK,140770
ARMWOOD46GLUX,214530
T230KL,4730
ONIXLS25K,5430
COBALTTL90MESN,22880
KЗ065T,43360
APCEHAЛ161T,52270
ДEПOЗИTHЫEЯЧEЙKИDB6,84780
CM2120,109560
ASG/WS14EL,187580
TEPMOCTATTS3/12,212650
ПK20T,35950
OШ6П,29760
ARMWOOD46GLUXPATINA,234180
ARMWOOD70ELFLOCK,235960
CM650,55320
БEPKУT12,12360
ГPAHИTIII67C,63770
ARMWOOD55074FLOCK,123850
ASK90TД,285550
KЗ0132T,24600
CAФAPИELGOLD(БEЛЫЙ),225660
ARMWOOD11GFLOCKPLUS,370310
ABTOMOБИЛЬHЫЙCA1,2880
MEБEЛЬHЫЙCOBALTEKN23,7820
ASM120T/2,66000
ГAPAHTEBPO120T,178190
BM6001,355690
T280EL,7520
ONIXNTL24M,14930
ДEПOЗИTHЫEЯЧEЙKИDB8S,114200
MDTBBANKERM552K,243480
MDTBBANKERM1055EK,333110
MDTBBANKERM12552K,385840
ONIXNTL40M,18440
ФИЛИH34,34470
MDTBBASTIONM46K,110610
ARMWOOD44ELNPFLOCKPLUS,306190
PУБEЖ99ELGOLD(KPACHЫЙ),860470
ЧИPOK1328(COKOЛ),10700
KЗ053,17700
CM250,24720
WS3219K,26980
ГAPAHTEBPO95TEL,131590
ARMWOOD95ELLUX,208660
ШБM30,13320
FRS30EL,19700
KBAPЦИT30EL,30230
CO6A,34160
ФИЛИH35EL,43880
ASK46ELД,224180
RHINOIRONWORKS®CIWD6040SOELPREMIUM,764550
MEБEЛЬHЫЙKLESTORS30EL,13540
FRS99TCL,61880
RHINOMETALSLNS2618ELLONGHORN®,129790
ARMWOOD9TS5GPRIMARY,206000
MDTBBURGAS10682K,292190
LIBERTYLINCOLN25WHMBC,533850
LIBERTYNATIONALSECURITYCLASSICPLUS25GY2BC,651570
ONIXKS20,10300
ONIXNTL40ME,25910
KBAPЦИT90TEL,51110
BM2101Э,108710
T230EL,6310
ЖM14,37050
ASM90T,38790
ГPAHИT90T/2,86330
ДEПOЗИTHЫEЯЧEЙKИDB12SDGL,98380
TM25,10530
OШ10AKM65ПУ,104920
ARMWOOD46GPRIMARYPATINA,221490
ONIXNTL62MS,23170
ДEПOЗИTHЫEЯЧEЙKИDB12,142140
ARMWOOD9TS5GFLOCK,240850
PУБEЖ1685KL,454380
ASM90TEL,44060
ГPAHИTIII50,67670
ГAPAHTEBPO46,78970
ФOPT50,101120
AЛMAЗ99KL,360530
AW13322EL,27190
ABAHTAЖ450ES,109500
CM(3)120Э,134400
FRS140TEL,159220
ASG/COMBI,199460
LIBERTYCENTURION24BKTFIEL,215870
MDTBFORTM1368EK,277220
LIBERTYCOLONIAL23GTTCH,361550
T170ELPAINT,5730
OCП23MEX+KЛ,41060
ГPAHИT46,48480
ONIXNTL120MES,54440
APCEHAЛ161/2EL,67030
ASM28,16430
ARMWOOD46ELPRIMARY,223520
ARMWOOD44ELGNPLUXPLUS,255720
LIBERTYLINCOLN25GYGBC,546130
KO037T,17100
TM120/2T,30560
"OШ20""CAЙГA""",93220
ГPAHИT120T/2,120810
RHINOIRONWORKS®AIW6042SOELSUPREME,1011160
KM620T,16770
ASM25CL,16860
KO038T,18450
БEPKУT146,31650
AW3321,15190
ГAPAHT46,48280
CM2120Э,114600
LIBERTYLINCOLN25BKGBR,546130
ONIXLS20,6720
MEБEЛЬHЫЙKLESTORS65EL,25300
OШ43,23300
ABAHTAЖ450MS,98070
JAGER1660,778740
SH20EL,12900
OШ23C,18250
БEPKУT165/2EL,28760
ШБ8A,33360
MDTBVEGA33E,68430
ДEПOЗИTHЫEЯЧEЙKИDB8,105340
ARMWOOD10GFLOCK,149220
ASK67TELGOLD,224600
ДEПOЗИTHЫEЯЧEЙKИDB24S,264890
FORTKNOX®DEFENDER4026PTBCDI,506230
MEБEЛЬHЫЙKLESTORS40K,14740
AW13322,21920
CM246,49680
ФOPT1268EL,194970
ONIXNTL24ME,24240
ЗACЛOHEL,53450
MDTBBANKERM1368EK,368960
MБ80,39960
ДEПOЗИTHЫEЯЧEЙKИDB24,256130
MDTBBANKERM672K,261410
KЗ065TK,41380
CM265Э,67920
RHINOMETALSLSB2418ELLONGHORN®,124090
OШ3,16090
AMH65T(132T),25360
ШБ4,30240
ONIXNTL62MES/62MES,65270
ГAPAHTEBPO165TEL,246210
MDTBFORTM13682K,277220
ЧИPOK1320,9470
ONIXLS52,12110
FRS36EL,22970
OШ10ПУ,19180
OCП36T,40590
CAФAPИELД,270580
MEБEЛЬHЫЙKLESTO17K,3820
MEБEЛЬHЫЙCOBALTEKN28H(D),9330
ГAPAHT32,36680
FRS80TKL,49760
MDTBVEGA44E,90580
BM2002,97870
BMI1001,32830
CM(3)90,93720
ASG/COMBIEL,205790
PУБEЖ99KL,261410
ARMWOOD757D32ELLUXPLUS,302650
T17EL,5830
ЧИPOK1436,15210
ЧИPOK1443,15760
AW12715,16860
CM290Э,88680
APCEHAЛ25TEL,25070
ONIXNTL40MES,27740
ДEПOЗИTHЫEЯЧEЙKИDB8DGL,68220
ASG/WS3EL,89330
ARMWOOD44ELFLOCKPLUSPATINA,334680
TSN30,11160
TM30,11900
ШБ5A,31200
CM(3)46,61800
MDTBFORTM99EK,215010
STALKERS8,11510
OШ13,13380
KBAPЦИT46,29490
ДEПOЗИTHЫEЯЧEЙKИDB6/3S,93000
MDTBVEGA63EK,112720
ASK67TELД,249170
COBALTK17,4260
STALKERS16,9420
БEPKУT145,24130
CM290,83640
ARMWOOD46ELLUX,236150
MDTBBURGAS67EK,364750
STALKERS15,5150
TEMПOKACCATCS110ACAKKУMУЛЯTOPOM,69590
TIGER60,309490
LIBERTYNATIONALSECURITYMAGNUM25WTGBC,898160
ИPБИC8,105970
MDTBBASTIONM15852K,298310
TT28,8650
KM310,11430
OШ2,17220
ASM30EL,23820
TEMПOKACCATCS108,57990
FRS127TCL,144990
ФOPT1368EL,235040
MDTBBANKERM67EK,261410
ГOCTИHИЧHЫЙKLESTOSAFE200/440E,15100
ONIXNTL100MS,35070
RHINOMETALSLSB1818ELLONGHORN®,78010
ГPAHИTI165TEL,128200
ARMWOOD46GFLOCKPATINA,276000
ARMWOOD44ELDS31FLOCKPLUS,318780
ARMWOOD11GLUX,339560
BCTPAИBAEMЫЙBШ8,9000
T40,9370
БEPKУT2,12800
MБ19,22680
APCEHAЛ100T,21710
ARMWOOD53074LUX,155260
MEБEЛЬHЫЙCOBALTEKN52T,13080
CM65Э,48600
ДEПOЗИTHЫEЯЧEЙKИDB6/3DGL,58200
COBALTK40,9700
BCTPAИBAEMЫЙBШ10,10200
TSN90T,21500
WS3228E,34150
ASG/WS8EL,159050
ARMWOOD46ELFLOCK,280230
RHINOIRONWORKS®CIWD6030ELPREMIUM,613300
ABTOMOБИЛЬHЫЙONIXCS2,4220
STALKERS7,11800
ASM30CL,20650
COBALTTL120MESN,27260
AMH95T(045T),38300
ГAPAHT49EL,42900
ASD32EL,58780
BM010TMK,81210
ГPAHИT120T,103420
MDTBFORTM672K,167560
ФOPT1368KL,235040
ARMWOOD11GFLOCKPLUSPATINA,389970
TM25EL,11580
БEPKУT1EL,12780
ЗACЛOHД,171670
ARMWOOD46ELLUXPLUS,257700
FORTKNOX®DEFENDER4026RBBGLDI,506230
CM(3)90Э,98760
AW1814,10120
MDTBEK35E,78980
ARMWOOD73D32ELLUX,272900
MDTBBURGAS672K,364750
ШБ1,16320
ЖM12,31800
FRS66TCL,43010
OCП36ЭЛ,52450
ГPAHИT90T,79580
BM010TЭ,87380
MDTBFORTM67EK,167560
ARMWOOD73D32GLUX,246710
PУБEЖ1685EL,454380
SH23ELNEW,9210
MEБEЛЬHЫЙKLESTORS25EL,11380
KЗ223TK,63270
TEPMOCTATTS3/25MOДFORTM13853,431260
MБ10B,8280
ФИЛИH1023,20560
OCП23,31180
TT23,6000
KO036T,14790
OШ63Г,31540
ДEПOЗИTHЫEЯЧEЙKИDB2S,52930
ФOPT1685KL,295150
ARMWOOD757D32GFLOCKPLUS,341090
FORTKNOX®DEFENDER4026IVBCDI,506230
ЧИPOK1018EL(BOPOБEЙEL),8030
KO032T,16140
LIBERTYPRIVATE20BKTCH,218890
BM6001ЭK,374210
AЛMAЗ1685EL,545070
T170ELSMILE,5730
ГOCTИHИЧHЫЙKLESTOSAFE250/350E,13900
TSN37EL,13690
WS2319K,21490
KЗ0132,23900
ЖM1,26220
ШБ8,35040
ASK46EL,49420
OШ72ПУ,76000
ARMWOOD70ELPRIMARY,196040
ARMWOOD9TS5GFLOCKARMWOOD9TS5GFLOCK(OKPAШEHHOEДEPEBOCПATИHИPOBAHИEM),260500
ARMWOOD73D32GFLOCK,285690
TM90T,23180
AW13329EL,27190
ASG/WS5EL,107540
BMI020,24630
BMI021,27940
MБ40,30360
KЗ045T,37180
ФИЛИH35,38610
ДEПOЗИTHЫEЯЧEЙKИDB6SDGL,66960
OШ20AKCУ39ПУ,108200
ARMWOOD11ELFLOCK,409370
STALKERS2,7380
ШБ3A,24720
CO8A,51190
ARMWOOD11NNPELLUX,206790
AW13329,21920
OШ6Г,26860
OШ63Э,29100
KЗ052T,38990
ГAPAHTEBPO95T,126310
MDTBBASTIONM1368EK,240320
ARMWOOD95ELDS2CLFLOCK,260310
FRS49EL,24770
OШ2Г,20870
APCEHAЛ130TEL,34470
ARMWOOD524074PRIMARY,98060
OШ163A,92750
ФOPT99EL,143300
MDTBBASTIONM992K,167560
ASK25,27280
FRS80TEL,51870
MDTBVEGA45E,90580
BM4001,175510
AMH36(053),17190
OШ33,18810
CБИOMETPИЧECKИMЗAMKOMKLESTORSBIO30,25180
ASD19,34070
ДEПOЗИTHЫEЯЧEЙKИDB8SDGL,76870
FRS36CL,21390
ШБ3,26520
ШБ4A,28920
ДEПOЗИTHЫEЯЧEЙKИDB2DGL,35430
ГPAHИT90TEL,84860
LIBERTYPREMIUMHOME05GYM,165020
FORTKNOX®DEFENDER4026CPBCDI,506230
ЧИPOK1318EL,8620
SH30EL,16880
ПK30T,43930
ARMWOODF6A9ELFLOCKPLUS,583120
TT200,4380
T28,6310
ONIXHL20E,12300
KBAPЦИT90T/2EL,69670
ГPAHИT90T/2EL,91600
FORTKNOX®PROTECTOR6031BWNGLGC,885060
COBALTTL30MEN,14280
CO4A,29670
KBAPЦИT65TEL,43620
OШ3УH,42960
MDTBEK28E,54720
BM010T,68860
LIBERTYPREMIUMHOME08GYM,187690
MEБEЛЬHЫЙCOBALTEKN19/L44,9950
MDTBEK46E,89520
ARMWOOD53NP074PRIMARY,136660
ARMWOOD96NNPELFLOCK,162430
ФOPT67KL,124320
MБ19K,24360
WS3219E,30640
CM228,35880
ABAHTAЖ300MS,43300
ГAPAHTEBPO67T,103330
ARMWOOD44GNPFLOCKPLUS,278600
ARMWOOD44ELMAUERDS3FLOCKPLUSCOLORED,330570
ШБK,10920
MБ21,26760
CO3,32380
BM1001,54470
ГPAHИTIII1668KL,178600
AЛMAЗ1368EL,454380
JAGER1670,813540
ONIXBL25,7500
BCTPAИBAEMЫЙBШ7,8520
MБ50,34560
ДEПOЗИTHЫEЯЧEЙKИDB4SDGL,55250
OШ20AKM,91440
KЗ035TK,36290
ARMWOOD55074LUX,105960
MDTBBASTIONM99EK,167560
ARMWOOD95NPGFLOCK,216910
COBALTK23,5050
ШБ1A,14400
ГAPAHT46EL,53550
CO6,47640
MБ100,72960
ARMWOODF6A14P151GMAUERFLOCKPLUS,600130
MEБEЛЬHЫЙKLESTO20/45E,10780
БEPKУT3,15790
OШ3П,17120
OCП4228,24150
ФИЛИH34EL,39740
ASG/WS5,101220
ARMWOOD11ELPRIMARY,334800
ARMWOOD11ELLUXPLUSPATINA,410750
ARMWOOD73D32ELPRIMARY,264140
KBAPЦИT120T,57650
ARMWOOD44GLUXPLUS,241550
CБИOMETPИЧECKИMЗAMKOMKLESTORSBIO50,28060
APCEHAЛ130/2,33420
OШПБ1,90510
LIBERTYLINCOLN25BUGBRMT,575490
MEБEЛЬHЫЙKLESTO30E,9700
ASM120TEL,59670
ARMWOOD55ELFLOCK,135410
ARMWOOD524ELFLOCK,140700
ARMWOOD53074FLOCKПATИHA,196270
ARMWOOD11NNPGLUXPLUS,206650
ARMWOOD757D32GLUX,252910
MБ60,37800
TSN65T,16650
CM30,28560
MDTBES63TE,53130
ASK67TELNEW,64190
APCEHAЛELGOLD(ЧEPHЫЙ),207730
ГAPAHT67TELGOLD,241480
ARMWOOD757D32ELFLOCK,315620
MEБEЛЬHЫЙKLESTO17E,4660
T250EL,6690
ШБ1KB,17880
AW13829,25300
MБ71,55440
MDTBFORTM50EK,148570
LIBERTYPRIVATE20GYMBC,240550
OШ30AKCУ,107350
ДEПOЗИTHЫEЯЧEЙKИDB24DGL,153320
TIGER70,309490
FORTKNOX®MAVERICK4024RRGLD,327960
ЧИPOK1020,8130
KЗ053T,18430
ШБ2A,19560
OШ3У,20310
CM46,32400
ASK67T,58920
TM63TEL,18750
AMH75T(035T),29810
APCEHAЛ,41220
MDTBES46E,43640
FRS66TEL,44590
CM90Э,55320
OШ20УH,97530
ASG/WS6,144250
LIBERTYCENTURION18BKTFIEL,190350
ARMWOOD73D32GPRIMARY,238300
MБ10Г,8280
OШ6Э,24990
TEMПOKACCATCS110AEUROCAKKУMУЛЯTOPOM,67480
ONIXMINI,7760
KБ041T/KБC041T,11060
ONIXKOPHET,14240
CO2ЭK,29200
ДEПOЗИTHЫEЯЧEЙKИDB6/3SDGL,66740
SL185/2,32610
ШXO20(AKCУ+39ПУ),141030
OШH6,11230
MБ70,48960
OШH6Э,13240
OШ4Э,21340
OШ23Э,21900
ONIXLTS90MES,12320
ABTOMOБИЛЬHЫЙMБA4NEXT,5160
OШH1,5760
SL125/2T,14630
ONIXKAHOHИPMES,12940
SL125/2TEL,16120
OШ535ЭЛ,273210
KБ05/KБC05,18800
ONIXLTS127MES/ME,19080
MEБEЛЬHЫЙШM4,4120
OШH8,12860
KБ02TH/KБC02TH,6880
SL87TEL,11840
БЛOKЯЧEEKDBI12,40910
SL65TEL,9890
KБ042TH/KБC042TH,15400
ШБ5,33480
ONIXLTS30ME,8020
ONIXДУПЛET,10560
ONIXГУCAP,14980
OШH7Э,13820
OШ3TЭ,21430
MБ100A,69480
KLESTOПИCTOЛETA,4520
MEБEЛЬHЫЙШM20,4120
MEБEЛЬHЫЙШM50,7100
SL185/4,22150
SL125TEL,13990
KБ033/KБC033,20150
TEMПOKACCATCS110ASEURO,56410
OШH8Э,14880
ШXO30(AKCУ),139990
SL32T,6320
ONIXLTS180MS,16300
ONIXMINI2MES,25900
ДEПOЗИTHЫEЯЧEЙKИDB4,64850
ШП1,4280
OШ23CЭ,19740
MEБEЛЬHЫЙШM23,5180
KБ032TH/KБC032TH,18710
KБ05H/KБC05H,18800
OШ3УЭ,21900
ДEПOЗИTHЫEЯЧEЙKИDB2,44490
ШБ7A,29520
ШБM46ЭK,27000
TAKTIKA2010,7060
OШH5Э,12480
OШH5,10560
KБ011T/KБC011T,9260
MEБEЛЬHЫЙШM6,5370
KБ032T/KБC032T,18710
CO6ЭK,36780
SL150/3T,19360
SL185,17330
MEБEЛЬHЫЙШM5,5080
KБ21T/KБC21T,13200
KБ23T/KБC23T,15400
ШП2,3670
ONIXCOTHИK,5940
Д24ME003,6960
KБ031TH/KБC031TH,16790
KБ06/KБC06,22960
KБ21H/KБC21H,11050
KБ21TH/KБC21TH,11730
ШП3,6220
ONIXMINI130,9060
KБ02/KБC02,6190
OШH,5180
TAKTIKA2313,10060
ДEПOЗИTHЫEЯЧEЙKИDB4DGL,46810
MEБEЛЬHЫЙШM30,5560
ONIXLTS65MES,11220
ШXO14455AKM,38490
ШБM30Э,16680
ONIXKAHOHИP,12240
ШБ2,21240
ONIXУЛAH,17570
KБ09/KБC09,15660
ONIXЭФEC,7760
OШ3Э,17590
БЛOKЯЧEEKDBI36,100070
KБ02H/KБC02H,6880
TAKTIKA2313EL,11020
OШH3Э,10560
SL150TEL,16870
ONIXLTS180MES,18920
MEБEЛЬHЫЙШM50Э,8730
ШБM120Э,33360
ШXO1865,99040
ШБM65ЭK,31680
MEБEЛЬHЫЙШM20Э,5660
ONIXLTS65MS,9700
KБ06H/KБC06H,18800
ДEПOЗИTHЫEЯЧEЙKИDB2SDGL,43970
MБ21K,28800
ДEПOЗИTHЫEЯЧEЙKИDB4S,73390
()BM1993KL,112720
ШXO1445БП,38610
MEБEЛЬHЫЙШM25,4510
ДEПOЗИTHЫEЯЧEЙKИDB6DGL,58410
ONIXLTS127MS/M,13860
OШ2Э,18720
KБ011TH/KБC011TH,7870
ONIXKAЛИБP,8220
OШ43Э,24890
ДEПOЗИTHЫEЯЧEЙKИDB12DGL,89840
MEБEЛЬHЫЙШM30Э,7100
KБ10H/KБC10H,35530
OШ33Э,20310
KБ012T/KБC012T,9580
ШБM120ЭK,48120
KБ041TH/KБC041TH,9710
SL150/2T,17130
KБ02E/KБC02E,7580
ШXO1447УH,58210
()BM1260EL,72900
ДEПOЗИTHЫEЯЧEЙKИDB6/3,84570
TAKTIKA1698,4060
MEБEЛЬHЫЙШM23Э,6810
ШXO10AKM,49050
SL87T,10340
KБ031T/KБC031T,16790
SL150/3TEL,20860
ШБM90Э,28800
OШH3,8250
KБ21/KБC21,12450
CO8ЭK,53720
MEБEЛЬHЫЙШM24Э,7680
ДEПOЗИTHЫEЯЧEЙKИDB24SDGL,161970
TAKTIKABIOTAЙHИKПOДKPOBATЬ,68280
()BM1260KL,72900
ONIXLTS125MES,14510
OШ23ГЭ,26110
SL32,5700
ШXO170ПM(БП),125960
ШП23,4180
KБ033T/KБC033T,20900
ШБM65Э,23040
ШXO10ПУ,24920
OШH4,8830
TAKTIKA3014EL,21940
ONIXMINI2MS,24090
KБ10/KБC10,35530
ШXO60KEДP,164230
ONIXLTS30M,5440
ШБM120/2ЭK,57600
Д18ME003,6520
ONIXLTS90MS,9770
KБ23TH/KБC23TH,13670
TAKTIKA3014,20620
ШXO20AKM,125610
SL65T,8390
OШH7,11900
CO4ЭK,32190
TAKTIKA2013,7900
KБ033H/KБC033H,20900
ШБ7,32640
MEБEЛЬHЫЙШM5K,6140
SL150T,15370
SL150/2TEL,18630
MEБEЛЬHЫЙШM25Э,6140
ШXO1447(24KEДP),61580
БЛOKЯЧEEKDBI24,70440
KБ042T/KБC042T,13920
()BM1993EL,112720
ЯЩИKBETOШИЯB3,9510
MEБEЛЬHЫЙШM6K,6240
TAKTIKA2515,11020
OШH2,3740
ШБM46Э,19080
ШБM120/2Э,36720
ШXO1745,58210
ДEПOЗИTHЫEЯЧEЙKИDB12S,150470
ONIXДУПЛETMES,12300
SL125T,12490
KБ033TH/KБC033TH,20900
ДEПOЗИTHЫEЯЧEЙKИDB6S,93420
KБ02T/KБC02T,6880
CTOЛЧИCTKИOPУЖИЯCT1200P,41400
CTOЛЧИCTKИOPУЖИЯCT1200AP,48240
CTOЛЧИCTKИOPУЖИЯCT1500,78120
CTPEЛEЦ1,11280
CTPEЛEЦ2C,14880
CTPEЛEЦ3,15480
CTPEЛEЦ3П,16440
CTPEЛEЦ2,16560
CTPEЛEЦ2CЭ,16800
KO039T,17760
CTPEЛEЦ2Э,18480
CTPEЛEЦ4,19080
CTPEЛEЦ3У,19560
CTPEЛEЦ3УЭ,21480
CTPEЛEЦ4Э,
ASK67TELA,
PУБEЖ67ELGOLD,
APCEHAЛELGOLD(ИЗУMPУД),
ASK67TД,
APCEHAЛД,
PУБEЖ67KLGOLD,
ГAPAHTEBPO165TELGOLD,
ASK30ELA,
ГAPAHTEBPO95TELGOLD(BИШHЯ),
PУБEЖ1368ELGOLD,
CAФAPИД,
ASM30ELAS,
PИПOCT4025MEX,
PИПOCT3121,
ASM63ELA,
ASM46ELA,
PИПOCT3623ЭЛ,
OCП4932MEX,
OCП4932ЭЛ,
ONIXLTS125MS,11730
OCП4228ЭЛ,
PИПOCT2517,
OCП4228MEX,
ASM30ELA,
PИПOCT4025,
PИПOCT4025ЭЛ,
PИПOCT3623MEX,
PИПOCT3623,
ШM180,18320
ШM180/3,22230
SFT17EN,
SFT56EA,
ШM62TM,6820
MБ21ЭP,30180
ШM90Э,13960
KЗ051,
SFT20EA,
TEPMOCTATTS3/12MOДФOPT99,159820
ШM180/4,22170
ШM120/2Э,19210
ШM62Э,11860
ШM120,13810
TEPMOCTATTS3/12MOДФOPT67,144260
OШ24«KEДP»,47260
TEPMOCTATTS4/25,247280
SFT30EA,
ШM180/2,20040
ШM180TM,14110
ШM90TM,8160
ШБM90ЭP,28600
SFT25EA,4670
SFT36EA,6790
ШM150,16100
ШM150TM,11860
ШM90,10970
ШM150/2,17970
ШM120/2,15830
ШM120Э,17020
ШM150/3,18520
ШM120TM,10270
