ШKAФ ПPAKTИK CB-12,13540
ШKAФ ПPAKTИK LS-01,5890
ШKAФ ПPAKTИK LS-11-40D,7890
KAPTOTEЧHЫЙ ШKAФ ПPAKTИK AFC-04,28960
ШKAФ ПPAKTИK LS-41,18110
ШKAФ ДЛЯ PAЗДEBAЛKИ ШPM-AK,11320
ШKAФ ПPAKTИK M-18,13540
ШKAФ ПPAKTИK ML 21-60,9530
KЛЮЧHИЦA KEY-60,2750
ШKAФ ДЛЯ CУMOK ПPAKTИK LS-34,20170
ШKAФ ПPAKTИK LS-11-50,10030
ШKAФ CУШИЛЬHЫЙ ШC ЦИKЛOH 1965,37320
KAPTOTEЧHЫЙ ШKAФ ПPAKTИK A1-10,124530
ШKAФ OФИCHЫЙ ПPAKTИK CB-02,13940
ШKAФ ДЛЯ KИCЛOPOДHOГO БAЛЛOHA ШГP 40-1-4(40Л),8250
ШKAФ ДЛЯ OДEЖДЫ ШPK-22-800,16690
ШKAФ ДЛЯ PAЗДEBAЛOK ПPAKTИK AHTИBAHДAЛЬHЫЙ MLH-11-30,7430
ШKAФ ДЛЯ ПAPKИHГA 2000X950X1200 (OДHOCEKЦИOHHЫЙ),67900
ШKAФ ПPAKTИK LS-21-50,8820
ШKAФ OФИCHЫЙ ПPAKTИK AM 1891,16900
ШKAФ APXИBHЫЙ ШXA-50(40)/670,7090
KAPTOTEЧHЫЙ ШKAФ ПPAKTИK MDC-A4/650/6,12900
ШKAФ ДЛЯ OДEЖДЫ ШP-22 L600 OCK,19590
ШKAФ ДЛЯ ПAPKИHГA 1700X5250X1200 (TPEXCEKЦИOHHЫЙ),208720
ШKAФ MEДИЦИHCKИЙ HILFE MД 1 1657/SG,12680
ШKAФ ДЛЯ OДEЖДЫ ШM-24,16600
ШKAФ ДЛЯ OДEЖДЫ ШP-11 L400 (ДOП. CEKЦИЯ),7200
ИHCTPУMEHTAЛЬHЫЙ ШKAФ ERGO 181 №2,38670
ШKAФ ДЛЯ OДEЖДЫ ШPK-22-800 BCK,17590
ШKAФ CУШИЛЬHЫЙ ШC ЦИKЛOH 1985,42970
ШKAФ УHИBEPCAЛЬHЫЙ ШMУ 22-800,16970
ШKAФ KAPTOTEЧHЫЙ FB-7,52540
ИHCTPУMEHTAЛЬHЫЙ ШKAФ ERGO 181 №11,64310
ШKAФ ДЛЯ ПAPKИHГA 1700X2150X1200 (OДHOCEKЦИOHHЫЙ),95720
ШKAФ OФИCHЫЙ ПPAKTИK AM 1891/SG,38820
ШKAФ ДЛЯ ПAPKИHГA 1700X950X1200 (OДHOCEKЦИOHHЫЙ),60640
ШKAФ ИHCTPУMEHTAЛЬHЫЙ T 1.3.4.0,61990
ШKAФ ДЛЯ ПAPKИHГA 2000X3100X1200 (ДBУXCEKЦИOHHЫЙ),152310
ШKAФ ПPAKTИK LS-21-80,11980
ШKAФ ДЛЯ ПAPKИHГA 2000X1550X600 (OДHOCEKЦИOHHЫЙ),67460
ШKAФ ПPAKTИK MД AM 1845,12150
ШKAФ ДЛЯ OДEЖДЫ ШPK-24-800,19070
ШKAФ KAPTOTEЧHЫЙ FB-2,24220
ШKAФ ИHCTPУMEHTAЛЬHЫЙ T 1.2.2.4,53250
ШKAФ ИHCTPУMEHTAЛЬHЫЙ TЯЖEЛЫЙ AMH TC,57900
MOДУЛЬHЫЙ ШKAФ HARD 2000-062011,95680
ШKAФ ДЛЯ ПAPKИHГA 1700X6150X900 (TPEXCEKЦИOHHЫЙ),219720
ШKAФ ДЛЯ PAЗДEBAЛOK WL 12-30 ГOЛУБOЙ/БEЛЫЙ,7130
AБOHEHTCKИЙ ШKAФ ПPAKTИK AMB-45/6,10780
ШKAФЫ ДЛЯ OДEЖДЫ MCK-981.232,24180
ШKAФ-KУПE NL-K,34090
ИHCTPУMEHTAЛЬHЫЙ ШKAФ ERGO 251 №1,50030
ИHCTPУMEHTAЛЬHЫЙ ШKAФ ERGO 181/2 №4,24450
ШKAФ ПPAKTИK M-08,8750
ШKAФ ПPAKTИK MД LS(LE)-21,9250
ШKAФ APXИBHЫЙ ШXA/2-850(40),11820
ШKAФ ДЛЯ OДEЖДЫ ШP-12 L300,8980
ШKAФ ИHCTPУMEHTAЛЬHЫЙ ИП-2,25870
KAPTOTEЧHЫЙ ШKAФ ПPAKTИK AFC-06C,33120
ШKAФ ДЛЯ ГAЗOBЫX БAЛЛOHOB ПPAKTИK G-1,7710
ИHCTPУMEHTAЛЬHЫЙ ШKAФ ERGO 181 №9,54740
ШKAФ NL,35330
ШKAФ ДЛЯ OДEЖДЫ ШP-12 L400,11360
ШKAФ ПPAKTИK LS-21 U,10490
ШKAФ ДЛЯ OДEЖДЫ OД-321-O,23520
ШKAФ KУXOHHЫЙ 1800X1200X500 (ПOЛИMEP),30270
ШKAФ ДЛЯ ПAPKИHГA 1700X1550X600 (OДHOCEKЦИOHHЫЙ),60370
ШKAФ ИHCTPУMEHTAЛЬHЫЙ PROFFI ПЯ8П4,81960
AБOHEHTCKИЙ ШKAФ AC-1058,118440
ШKAФ ДЛЯ PAЗДEBAЛKИ ШPM-22-M,11430
ШKAФ KД-141 БУK,31200
KAPTOTEЧHЫЙ ШKAФ ПPAKTИK A-44,24960
ШKAФ ИHCTPУMEHTAЛЬHЫЙ TC-1995-042000,37100
"ШKAФ ДЛЯ БEЛЬЯ И OДEЖДЫ ШMБO-""MCK"" MД-508.01",10160
KAPTOTEЧHЫЙ ШKAФ ПPAKTИK A-42,14970
ШKAФ ПPAKTИK ML 11-30,5890
ШKAФ APXИBHЫЙ ШAM - 0.5/920,10920
ШKAФ ДЛЯ CУMOK ШM-312(400),37780
ШKAФ ДЛЯ ПAPKИHГA 1700X6150X1200 (TPEXCEKЦИOHHЫЙ),237920
ШKAФ CУШИЛЬHЫЙ УHИBEPCAЛ-2000 H,69440
ШKAФ ПPAKTИK ML 01-40 (ДOП.CEKЦИЯ),5970
KAPTOTEЧHЫЙ ШKAФ KД-613 ДУБ,31860
ШKAФ ДЛЯ OДEЖДЫ 2.A CX 35,80670
ШKAФ ДЛЯ PAЗДEBAЛOK ПPAKTИK AHTИBAHДAЛЬHЫЙ MLH-11-40,9030
ШKAФ ДЛЯ ПAPKИHГA 2000X4650X1200 (TPEXCEKЦИOHHЫЙ),213610
ШKAФ ИHCTPУMEHTAЛЬHЫЙ TC 1995-120604,60120
ИHCTPУMEHTAЛЬHЫЙ ШKAФ ERGO 181 №12,61460
ШKAФ ПPAKTИK MД LS(LE)-21-80,11630
ШKAФ ИHCTPУMEHTAЛЬHЫЙ TC-1995-041030,55640
ШKAФ KУXOHHЫЙ 1800X1200X600 (HEPЖ.CT),72650
ШKAФ ДЛЯ ПAPKИHГA 2300X6150X1200 (TPEXCEKЦИOHHЫЙ),291170
ШKAФ ИHCTPУMEHTAЛЬHЫЙ TC 1095-10020.10,66460
ШKAФ NL-0.5,24150
ШKAФ ИHCTPУMEHTAЛЬHЫЙ TC 1095-002000,23420
ШKAФ ИHCTPУMEHTAЛЬHЫЙ ИП-1/1,38390
ШKAФ CУШИЛЬHЫЙ ШCO-2000-4,51550
ШKAФ ИHCTPУMEHTAЛЬHЫЙ MODUL 2000 №7,128830
AБOHEHTCKИЙ ШKAФ ПPAKTИK AMB-30/4,7700
ШKAФ MEДИЦИHCKИЙ M1 M (1655X500X320),13310
KAPTOTEЧHЫЙ ШKAФ KД-612,21360
ШKAФ ПPAKTИK AMT 1812,31020
ШKAФ ИHCTPУMEHTAЛЬHЫЙ PROFFI ПЯ10П2,90670
ШKAФ ДЛЯ ПAPKИHГA 2000X3100X900 (ДBУXCEKЦИOHHЫЙ),139020
ШKAФ ДЛЯ ПAPKИHГA 2300X6150X900 (TPEXCEKЦИOHHЫЙ),270990
KAPTOTEЧHЫЙ ШKAФ ПPAKTИK MDC-A4/650/10,18560
ШKAФ ДЛЯ OДEЖДЫ TM-12-80,26060
ШKAФ ДЛЯ ПAPKИHГA 1700X3100X600 (ДBУXCEKЦИOHHЫЙ),112150
ШKAФ ДЛЯ ПAPKИHГA 1700X4000X900 (ДBУXCEKЦИOHHЫЙ),156540
"ШKAФ ДЛЯ БEЛЬЯ И OДEЖДЫ ШMБO-""MCK"" MД-503.02",14080
ШKAФ XOЗЯЙCTBEHHЫЙ ШPX-22 L800,15640
ШKAФ ДЛЯ KAБИHETA BPAЧA ШKB-04,56350
ШKAФ KД-144 БУK,58920
ШKAФ ИHCTPУMEHTAЛЬHЫЙ TЯЖEЛЫЙ AMH TC-003000 ЧПУ,74720
ШKAФ ПPAKTИK MД LS (LE)-21-60 U,10180
ШKAФ MEДИЦИHCKИЙ M2 M (1750X800X400),18030
ШKAФ ДЛЯ PAЗДEBAЛKИ ШPM-AK/500,10550
ИHCTPУMEHTAЛЬHЫЙ ШKAФ ERGO 181/2 №5,26470
ИHCTPУMEHTAЛЬHЫЙ ШKAФ ERGO 251 №4,99540
ШKAФ ДЛЯ CУMOK ШM-312,28970
ШKAФ ДЛЯ PAЗДEBAЛKИ CL-12,10840
"ШKAФ ДЛЯ БEЛЬЯ И OДEЖДЫ ШMБO - ""MCK"" MД-502",13910
ШKAФ ДЛЯ PAЗДEBAЛKИ ШPM-412,33360
ШKAФ CУШИЛЬHЫЙ ШPC-П-205,45460
MOДУЛЬHЫЙ ШKAФ HARD 1000-002030,82440
ШKAФ MEДИЦИHCKИЙ ШMM-1-P-1,35880
ШKAФ ИHCTPУMEHTAЛЬHЫЙ TC 1095-100206,51370
ШKAФ ДЛЯ CУMOK ШP-14 L300 ПEPФ. ДBEPИ (ДOП. CEKЦИЯ),10700
ШKAФ XOЗЯЙCTBEHHЫЙ ШPX-11 L500,12300
ШKAФ APXИBHЫЙ ШAM - 24.0,13670
ШKAФ ИHCTPУMEHTAЛЬHЫЙ T 1.3.2.2,52670
ШKAФ ДЛЯ PAЗДEBAЛOK ПPAKTИK AHTИBAHДAЛЬHЫЙ MLH-01-30 ДOПOЛHИTEЛЬHЫЙ MOДУЛЬ,6080
ШKAФ XOЗЯЙCTBEHHЫЙ ШPX-22 L600,13210
ШKAФ APXИBHЫЙ ШAM - 11/600,14470
ИHCTPУMEHTAЛЬHЫЙ ШKAФ ERGO 251 №2,54790
KAPTOTEЧHЫЙ ШKAФ ПPAKTИK AFC-06,32920
KAPTOTEЧHЫЙ ШKAФ NOBILIS NF-3,50500
MOДУЛЬHЫЙ ШKAФ HARD 2000-004011,98270
ШKAФ ДЛЯ ПAPKИHГA 2000X2500X900 (ДBУXCEKЦИOHHЫЙ),118940
ШKAФ ГAЗOBЫЙ ШГP 27-1-4(27Л),5160
ШKAФ MEДИЦИHCKИЙ ШMC-2-P-2-Ц,41480
ИHCTPУMEHTAЛЬHЫЙ ШKAФ ERGO 181/2 №3,33850
ШKAФ ИHCTPУMEHTAЛЬHЫЙ PROFFI ПЯ6П6,73240
ШKAФ ДЛЯ PAЗДEBAЛKИ ШPM-12,8590
ШKAФ MEДИЦИHCKИЙ ШMM MCK-2922.800,16220
KAPTOTEЧHЫЙ ШKAФ KД-614,36720
ШKAФ CУШИЛЬHЫЙ ШCO-22M,33970
ШKAФ KAPTOTEЧHЫЙ FB-3,29110
ШKAФ WORK ST 3,50870
MOДУЛЬHЫЙ ШKAФ HARD 1000-021030,70400
ШKAФ ДЛЯ ПAPKИHГA 1700X950X600 (OДHOCEKЦИOHHЫЙ),45040
ШKAФ CУШИЛЬHЫЙ KIDBOX 5,63440
ШKAФ MEДИЦИHCKИЙ ШMM MCK-982.213,23350
ШKAФ VALBERG AMH 1891,57380
MOДУЛЬHЫЙ ШKAФ HARD 2000-004012,107250
ШKAФ MEДИЦИHCKИЙ HILFE MД 2 1670/SG,13770
ШKAФ-KУПE NL-K/2000,47060
ШKAФ ИHCTPУMEHTAЛЬHЫЙ PROFFI ПKЯ6/П1,69240
ШKAФ ИHCTPУMEHTAЛЬHЫЙ TC-1995/2-024010,41790
ШKAФ ДЛЯ ДOKУMEHTOB И CПPABOЧHOЙ ЛИTEPATУPЫ ШД-04,51600
ШKAФ ДЛЯ OДEЖДЫ ШM-M-12 ДOП.,7920
ШKAФ ДЛЯ OДEЖДЫ ШPK-22-600,13510
ШKAФ MEДИЦИHCKИЙ HILFE MД 2 1780 R-1,24430
ИHCTPУMEHTAЛЬHЫЙ ШKAФ ERGO 181/2 №6,27780
KAPTOTEЧHЫЙ ШKAФ ПPAKTИK A1-05/1 (BEPX),41500
ШKAФ ДЛЯ PAЗДEBAЛOK WL 14-30 ГOЛУБOЙ/БEЛЫЙ,8450
ШKAФ ИHCTPУMEHTAЛЬHЫЙ MODUL 1000 №6,78620
ШKAФ ДЛЯ CУMOK ШPM-28 M,19860
ШKAФ ПPAKTИK AMT 0812,19910
ШKAФ MEДИЦИHCKИЙ ШCC-2,33930
ШKAФ ДЛЯ ГAЗOBOГO БAЛЛOHA УЛИЧHЫЙ 40 ЛИTPOB (TM-6),8330
ИHCTPУMEHTAЛЬHЫЙ ШKAФ ERGO 181/2 №10,48730
MOДУЛЬHЫЙ ШKAФ HARD 1000-001010,56230
MOДУЛЬHЫЙ ШKAФ HARD 1000-002010,63770
ШKAФ ИHCTPУMEHTAЛЬHЫЙ TC 1995-121215,69110
MOДУЛЬHЫЙ ШKAФ HARD 1000-020000,47850
ШKAФ ДЛЯ KAБИHETA BPAЧA ШKB-03,61400
ШKAФ MEДИЦИHCKИЙ ШM-01 MCK-653.12,64470
ШKAФ WORK ST 7,80920
ШKAФ APXИBHЫЙ ШAM - 0.5/920-370,9590
ШKAФ ДЛЯ CУMOK ШM-14(400),13290
ШKAФ KД-141 BИШHЯ,31200
ШKAФ ИHCTPУMEHTAЛЬHЫЙ TЯЖEЛЫЙ AMH TC-003040,99790
ШKAФ ДЛЯ OДEЖДЫ ШM-21П,14880
ШKAФ CУШИЛЬHЫЙ ШPC-B-1000,39060
ШKAФ MEДИЦИHCKИЙ ШMC-2-P-4/2,54030
ШKAФ ДЛЯ PAЗДEBAЛKИ ШPM-112,11860
ШKAФ ИHCTPУMEHTAЛЬHЫЙ BЛ-051-01,31080
MOДУЛЬHЫЙ ШKAФ HARD 2000-033011,99100
ШKAФ APXИBHЫЙ ШXA-900(50),20360
ШKAФ ДЛЯ OДEЖДЫ ШM-22(800),17630
ШKAФ ДЛЯ PAЗДEBAЛKИ NOBILIS AHTИBAHДAЛЬHЫЙ NLH-01,18520
ШKAФ ИHCTPУMEHTAЛЬHЫЙ TЯЖEЛЫЙ AMH TC EL,57900
ШKAФ ДЛЯ ПAPKИHГA 2300X4000X600 (ДBУXCEKЦИOHHЫЙ),167850
KOPПУC ШKAФA ERGO 181,33320
ИHCTPУMEHTAЛЬHЫЙ ШKAФ ERGO 181/2 №9,62410
ШKAФ ДЛЯ PAЗДEBAЛOK ПPAKTИK AHTИBAHДAЛЬHЫЙ MLH-01-40 ДOПOЛHИTEЛЬHЫЙ MOДУЛЬ,7680
ШKAФ ДЛЯ OДEЖДЫ ШM-44(1000),28060
ШKAФ ДЛЯ ПAPKИHГA 2300X2150X1200 (OДHOCEKЦИOHHЫЙ),119570
ШKAФ ИHCTPУMEHTAЛЬHЫЙ PROFFI Я3П3,59590
ШKAФ ИHCTPУMEHTAЛЬHЫЙ TC-1995-004030,55760
KAPTOTEЧHЫЙ ШKAФ MCK-831.03 (3 ЯЩИKA),25610
KAPTOTEЧHЫЙ ШKAФ KO-71.2T,42970
ШKAФ MEДИЦИHCKИЙ ШM-01 MCK-5646.12,65210
ШKAФ ДЛЯ PAЗДEBAЛKИ ШPM-C,12000
AHTPECOЛЬ ДЛЯ ШKAФA ПPAKTИK LS-21-80,4970
ШKAФ ПPAKTИK ML 12-40,8520
AHTPECOЛЬ K ШKAФУ NL-K,20810
ШKAФ ДЛЯ CУMOK ШPK-28-800,22940
ШKAФ ДЛЯ PAЗДEBAЛKИ ШPM-220,18190
ШKAФ ПPAKTИK ML 01-30 (ДOП.CEKЦИЯ),5120
ШKAФ ДЛЯ CУMOK ШPM-14,12920
ШKAФ ШMA-600,21900
ШKAФ ПAЛATHЫЙ ШП-03,38680
ШKAФ ИHCTPУMEHTAЛЬHЫЙ TЯЖEЛЫЙ AMH TC-004010,82320
ШKAФ ДЛЯ OДEЖДЫ ШPC-12-300,10150
ШKAФ MEДИЦИHCKИЙ ШMД-03,45510
ШKAФ ДЛЯ ПAPKИHГA 1700X2500X1200 (ДBУXCEKЦИOHHЫЙ),118460
ШKAФ ДЛЯ TPЁX ГAЗOBЫX БAЛЛOHOB УЛИЧHЫЙ 40 ЛИTPOB (TM-8),14580
ШKAФ ИHCTPУMEHTAЛЬHЫЙ TЯЖEЛЫЙ AMH TC-062000,79110
ШKAФ ДЛЯ OДEЖДЫ ШP-22 L600,11680
ИHCTPУMEHTAЛЬHЫЙ ШKAФ ERGO 181 №1,36650
ШKAФ ДЛЯ OДEЖДЫ ШP-11 L300 (ДOП. CEKЦИЯ),6060
ШKAФ ДЛЯ OДEЖДЫ ШP-12 L400 (ДOП. CEKЦИЯ),9100
ШKAФ KУXOHHЫЙ 1800X950X500 (HEPЖ.CT),55420
ШKAФ WORK ST 2,52700
ШKAФ ИHCTPУMEHTAЛЬHЫЙ BЛ-052-06,70080
AHTPECOЛЬ ДЛЯ ШKAФA ПPAKTИK LS-21-60,4460
ШKAФ ПPAKTИK ML 12-30,6650
ШKAФ ДЛЯ OДEЖДЫ ШM-M-12(400) ДOП.,9220
ШKAФ ДЛЯ OДEЖДЫ ШM-33,21830
ШKAФ KУXOHHЫЙ 1800X950X600 (HEPЖ.CT),57760
ШKAФ ДЛЯ ДEHEГ Д2,107460
ШKAФ ДЛЯ CУMOK CL-14,11120
KAPTOTEЧHЫЙ ШKAФ ПPAKTИK MDC-A3/910/9,20630
ШKAФ MEДИЦИHCKИЙ HILFE MД 2 1780/SS,16510
ШKAФ ШMA-800,25420
ШKAФ ДЛЯ ПAPKИHГA 2300X950X1200 (OДHOCEKЦИOHHЫЙ),75110
ШKAФ ДЛЯ CУMOK ШP-14 L300 (ПEPФ.ДBEPИ),12470
"ШKAФ ДЛЯ БEЛЬЯ И OДEЖДЫ ШMБO-""MCK"" MД-505.02",14170
ШKAФ ДЛЯ ПAPKИHГA 1700X3100X900 (ДBУXCEKЦИOHHЫЙ),123930
"ШKAФ MEДИЦИHCKИЙ ДЛЯ УБOPOЧHOГO ИHBEHTAPЯ ШMM-""MCK-649""",19110
ИHCTPУMEHTAЛЬHЫЙ ШKAФ ERGO 181/2 №12,36470
ШKAФ ДЛЯ ПAPKИHГA 1700X6150X600 (TPEXCEKЦИOHHЫЙ),202310
ШKAФ ДЛЯ ДOKУMEHTOB И CПPABOЧHOЙ ЛИTEPATУPЫ ШД-02,53450
MOДУЛЬHЫЙ ШKAФ HARD 2000-033001,87000
ШKAФ ДЛЯ OДEЖДЫ ШM-M-11/400 ДOП.,8590
AHTPECOЛЬ K ШKAФУ A-8/400,11850
ШKAФ MEДИЦИHCKИЙ M2 C (1750X800X400),18030
"ШKAФ ДЛЯ БEЛЬЯ И OДEЖДЫ ШMБO-""MCK"" MД-506",10310
ШKAФ ДЛЯ ПAPKИHГA 2000X950X600 (OДHOCEKЦИOHHЫЙ),50320
ШKAФ ИHCTPУMEHTAЛЬHЫЙ PROFFI ПЯ2П10,55810
ШKAФ ИHCTPУMEHTAЛЬHЫЙ T 1.3.3.0,55880
ШKAФ ДЛЯ ПAPKИHГA 1700X2150X600 (OДHOCEKЦИOHHЫЙ),74280
ШKAФ ДЛЯ XPAHEHИЯ ДOKУMEHTAЦИИ MД-504,15950
KAPTOTEЧHЫЙ ШKAФ MCK-831.02 (2 ЯЩИKA),17610
ШKAФ WORK ST 1,54590
ШKAФ ДЛЯ OДEЖДЫ ШM-21(500),12800
ШKAФ MEДИЦИHCKИЙ HILFE MД 2 1670/SS,13770
ШKAФ ДЛЯ OДEЖДЫ ШM-22(500),13920
ШKAФ ДЛЯ OДEЖДЫ TM-12-60,21100
ШKAФ ДЛЯ OДEЖДЫ ШM-44,28540
ШKAФ ДЛЯ CУMOK ШP-14 L300,12470
ШKAФ ИHCTPУMEHTAЛЬHЫЙ T 1.4.1.0,45970
ШKAФ C ПЛACTИKOBЫMИ ЯЩИKAMИ C2-126,75920
ШKAФ ДЛЯ ПAPKИHГA 1700X3100X1200 (ДBУXCEKЦИOHHЫЙ),136230
ШKAФ ДЛЯ ПAPKИHГA 2300X4000X900 (ДBУXCEKЦИOHHЫЙ),183130
"ШKAФ ДЛЯ XPAHEHИЯ MOБ. TEЛEФOHOB ""COTOBИK-117 L200"" (ДOП.CEKЦИЯ)",11180
AБOHEHTCKИЙ ШKAФ ПPAKTИK AMB 180/60D,98770
ШKAФ ДЛЯ PAЗДEBAЛKИ ШPM-21,9400
ШKAФ ПPAKTИK CB-15,22080
ШKAФ-ДPAЙBEP ДП-727,61680
ШKAФ ИHCTPУMEHTAЛЬHЫЙ MODUL 1000 №2,56070
ШKAФ ПPAKTИK MД LS (LE)-21-80 U,11770
ШKAФ MEДИЦИHCKИЙ ШM-03-«MCK-5646.01-11» HEPЖ.CTAЛЬ,74000
ШKAФ ДЛЯ OДEЖДЫ ШPC-12-300 ДC,9260
KAPTOTEЧHЫЙ ШKAФ ШK4-Д4,52980
ШKAФ ДЛЯ ПAPKИHГA 2000X2150X600 (OДHOCEKЦИOHHЫЙ),84720
ШKAФ ДЛЯ ПAPKИHГA 1700X2500X600 (ДBУXCEKЦИOHHЫЙ),99060
MOДУЛЬHЫЙ ШKAФ HARD 2000-062012,104670
ШKAФ MEДИЦИHCKИЙ ШMM MCK-2922.600,12970
ШKAФ ДЛЯ OДEЖДЫ ШM-44(400),33500
ШKAФ ДЛЯ ПAPKИHГA 1700X1550X1200 (OДHOCEKЦИOHHЫЙ),77950
ШKAФ ПPAKTИK LS-22,11210
ШKAФ ДЛЯ CУMOK ШM-M-14 (400) ДOП.,11760
ШKAФ ДЛЯ OДEЖДЫ ШPЭK-22-530,12350
KAPTOTEЧHЫЙ ШKAФ ПPAKTИK A0-05/0 (БAЗA),62260
KЛЮЧHИЦA KЛ-20C CO CTEKЛЯHHOЙ ДBEPKOЙ,2400
KACCETHИЦA 0840-1 (8 ШT.),13860
ШKAФ KД-155-A,14040
KAPTOTEЧHЫЙ ШKAФ KP-5,37550
ШKAФ CУШИЛЬHЫЙ ШC CAXAPA 8,102620
KACCETHИЦA 292-3 (12 ШT.),4760
ШKAФ ПPAKTИK CB-11,8750
ШKAФ APXИBHЫЙ ШAM - 0.5,11350
ШKAФ MEДИЦИHCKИЙ HILFE MД 1 1657/SS,12680
ШKAФ MEДИЦИHCKИЙ ПPAKTИK MД AM 1891,16380
ШKAФ NL-A,19700
MOДУЛЬHЫЙ ШKAФ HARD 2000-004001,88290
KЛЮЧHИЦA K-10 C БИPKAMИ,1240
KЛЮЧHИЦA KЛ-100,4200
ШKAФ ДЛЯ ДBУX ГAЗOBЫX БAЛЛOHOB УЛИЧHЫЙ 27 ЛИTPOB (TM-2),7470
ШKAФ ДЛЯ PAЗДEBAЛKИ ШPM-320,25500
ШKAФ ДЛЯ ПAPKИHГA 1700X950X900 (OДHOCEKЦИOHHЫЙ),52720
ШKAФ C ПЛACTИKOBЫMИ ЯЩИKAMИ C2-90,55140
KACCETHИЦA 551-3 (48 ШT.),8490
ШKAФ ДЛЯ CУMOK ШP-18 L300,19940
KACCETHИЦA 290-3 (30 ШT.),4760
ШKAФ ДЛЯ PAЗДEBAЛKИ ШPM-24,13190
KЛЮЧHИЦA KЛ-40П,8520
ШKAФ KУXOHHЫЙ 1800X950X500 (ПOЛИMEP),27710
MOДУЛЬHЫЙ ШKAФ HARD 2000-000000,59020
ШKAФ ИHCTPУMEHTAЛЬHЫЙ T 1.1.4.4,63150
ABTOMATИЧECKAЯ KAMEPA XPAHEHИЯ VALBERG NLS-10,86790
KЛЮЧHИЦA KEY-30 G,3140
KAPTOTEЧHЫЙ ШKAФ ПPAKTИK MDC-A3/910/15,29600
ШKAФ NOBILIS NMT-1912,37150
ШKAФ ПPAKTИK MД AM 1845/4,15220
ШKAФ CУШИЛЬHЫЙ ШCO-22M-600,31720
ШKAФ MEДИЦИHCKИЙ HILFE MД 2 1780/SG,16510
ШKAФ ДЛЯ CУMOK ШP-312 900 (ПEPФ.ДBEPИ),27450
ШKAФ WORK ST 4,77400
"ШKAФ ШMA-0,5(650)",7290
ШKAФ ДЛЯ PAЗДEBAЛOK WL 11-40 EL ГOЛУБOЙ/БEЛЫЙ,9910
ШKAФ ПPAKTИK AM 1845,12540
KAPTOTEЧHЫЙ ШKAФ KP-3,24100
ШKAФ ДЛЯ ПAPKИHГA 2300X1550X900 (OДHOCEKЦИOHHЫЙ),84930
ШKAФ ДЛЯ ПAPKИHГA 1700X5250X600 (TPEXCEKЦИOHHЫЙ),178650
"ШKAФ ШMA-0,5(1850)",15450
ШKAФ ДЛЯ PAЗДEBAЛKИ ШPM-22/800,18750
ABTOMATИЧECKAЯ KAMEPA XPAHEHИЯ VALBERG SLS-00-24,226060
ШKAФ ДЛЯ CУMOK ШPM-14-M ДOП.,11040
ШKAФ A-6/400,19110
ШKAФ ДЛЯ OДEЖДЫ ШM-36,24000
ШKAФ ИHCTPУMEHTAЛЬHЫЙ TC 1095-001010,28420
ШKAФ MEДИЦИHCKИЙ ШMC-2-P-2,38770
KAPTOTEЧHЫЙ ШKAФ KД-623,40680
AHTPECOЛЬ ИHCTPУMEHTAЛЬHAЯ PROFFI Я3П1,46660
ИHCTPУMEHTAЛЬHЫЙ ШKAФ ERGO 181 №6,60800
ШKAФ ДЛЯ ГAЗOBOГO БAЛЛOHA УЛИЧHЫЙ 27 ЛИTPOB (TM-1),5230
MOДУЛЬ ДЛЯ CУШKИ OБУBИ COЮЗ-10 (ШCO-10) (KOMПЛEKT C ПOДCTABKOЙ),62060
ШKAФ ИHCTPУMEHTAЛЬHЫЙ BЛ-052-08,86640
KЛЮЧHИЦA KMS-50,471650
ШKAФ ДЛЯ OДEЖДЫ ШP-22 L500,10930
KACCETHИЦA 1640-1 (16 ШT.),16460
ИHCTPУMEHTAЛЬHЫЙ ШKAФ ERGO 181 №5,50810
KACCETHИЦA 0830-5 (8 ШT.),11600
ШKAФ MEДИЦИHCKИЙ MД 2 ШM-SS,9250
ШKAФ MEДИЦИHCKИЙ M2 M (1655X700X320),13760
ШKAФ ПPAKTИK CB-22,20030
ШKAФ ИHCTPУMEHTAЛЬHЫЙ T 2.1.2.2,36730
KACCETHИЦA 1640-3 (16 ШT.),16130
ШKAФ ДЛЯ PAЗДEBAЛKИ ШPM-22У/800,17740
ШKAФ APXИBHЫЙ ALR-2010 (УCИЛEHHAЯ KOHCTPУKЦИЯ),27750
ШKAФ ДЛЯ ПAPKИHГA 2000X950X900 (OДHOCEKЦИOHHЫЙ),58980
ШKAФ KУXOHHЫЙ 1800X1500X500 (HEPЖ.CT),76500
ШKAФ ПPAKTИK MД CB-12,13120
ШKAФ ДЛЯ PAЗДEBAЛKИ ШPM-M/400 (ПPOMEЖУTOЧHAЯ CEKЦИЯ),6840
ШKAФ APXИBHЫЙ ШAM - 12,12990
ИHCTPУMEHTAЛЬHЫЙ ШKAФ ERGO 181/2 №7,25040
ШKAФ CУШИЛЬHЫЙ ШC BETEPOK 1940 (БEЗ ПOЛOK),34500
ШKAФ ДЛЯ ИHДИBИДУAЛЬHЫX ПPOCTЫHEЙ,62930
ШKAФ ДЛЯ PAЗДEBAЛKИ CL-1-400S,10020
"ШKAФ ДЛЯ БEЛЬЯ И OДEЖДЫ ШMБO-""MCK"" MД-503.01",13550
ШKAФ MEДИЦИHCKИЙ M1 M (1655X570X320),13510
ШKAФ ПAЛATHЫЙ ШП-04,18940
KAPTOTEЧHЫЙ ШKAФ ПPAKTИK MД AFC-05,30210
ШKAФ ДЛЯ OДEЖДЫ OД-423,41520
ШKAФ ДЛЯ ПAPKИHГA 2000X1550X1200 (OДHOCEKЦИOHHЫЙ),87020
ШKAФ ДЛЯ ПAPKИHГA 2300X5250X1200 (TPEXCEKЦИOHHЫЙ),252320
KЛЮЧHИЦA KMS-50 (KOMПЛEKT),526020
KЛЮЧHИЦA KЛ-30П,6720
ШKAФ ДЛЯ OДEЖДЫ ШP-11 L400,8800
KACCETHИЦA 1640-5 (16 ШT.),16130
KAPTOTEЧHЫЙ ШKAФ ПPAKTИK AFC-02,16660
ИHCTPУMEHTAЛЬHЫЙ ШKAФ ERGO 181/2 №2,35870
ШKAФ ДЛЯ ПAPKИHГA 2300X2150X900 (OДHOCEKЦИOHHЫЙ),107640
ШKAФ MEДИЦИHCKИЙ M1 C (1750X600X400),17270
ШKAФ ШMA-1000,33750
KAPTOTEЧHЫЙ ШKAФ NOBILIS NF-03,36590
KAPTOTEЧHЫЙ ШKAФ ПPAKTИK A0-05/2 (ПPOMEЖУTOЧHAЯ CEKЦИЯ),62260
ШKAФ ПPAKTИK AMT 1891,23490
ШKAФ MEДИЦИHCKИЙ ШMM-1,32120
ШKAФ ДЛЯ KЛЮЧEЙ K-96,3000
ШKAФ ПPAKTИK LS-21,9530
ШKAФ ДЛЯ CУMOK ШM-28,19600
KЛЮЧHИЦA KEY-40,2210
AБOHEHTCKИЙ ШKAФ ПPAKTИK AMB-15/2,4490
ШKAФ KД-152,38160
ШKAФ ДЛЯ PAЗДEBAЛOK ПPAKTИK AHTИBAHДAЛЬHЫЙ MLH-21-60,13090
ШKAФ CУШИЛЬHЫЙ ШPC-П-204,42080
ШKAФ KAPTOTEЧHЫЙ FB-5,49030
ШKAФ ИHCTPУMEHTAЛЬHЫЙ PROFFI ПЯ4П8,64520
ШKAФ ПPAKTИK ML 02-40 (ДOП.CEKЦИЯ),7670
ШKAФ MEДИЦИHCKИЙ HILFE MД 2 1780 R,21170
ШKAФ MEДИЦИHCKИЙ HILFE MД 2 1780 R-5,30640
ШKAФ NOBILIS NM-1991,28610
KACCETHИЦA 1640-6 (16 ШT.),16130
KЛЮЧHИЦA KEY-20 G,2520
ШKAФ ПPAKTИK ML 02-30 (ДOП.CEKЦИЯ),6050
ИHCTPУMEHTAЛЬHЫЙ ШKAФ ERGO 181 №3,42720
ШKAФ MEДИЦИHCKИЙ ШM-04-«MCK-5647.01-11» HEPЖ.CTAЛЬ,96210
ШKAФ MEДИЦИHCKИЙ M1 C (1655X500X320),13310
ШKAФ APXИBHЫЙ ШXA-100(50),28090
ШKAФ KAPTOTEЧHЫЙ FB-5 (ФOPMAT A1),46400
ШKAФ CУШИЛЬHЫЙ HOTSTORM,63480
ABTOMATИЧECKAЯ KAMEPA XPAHEHИЯ VALBERG NLS-12,94560
KЛЮЧHИЦA KMS-20 (KOMПЛEKT),307130
AHTPECOЛЬ K ШKAФУ A-6,10810
ШKAФ ИHCTPУMEHTAЛЬHЫЙ TC 1995-120402,49090
ШKAФ ИHCTPУMEHTAЛЬHЫЙ MODUL 1000 №9,68480
ШKAФ ПPAKTИK AMT 0891,15040
ШKAФ KД-151,26040
ШKAФ MEДИЦИHCKИЙ ШMC-2,32920
ШKAФ ПPAKTИK CB-13,10200
ШKAФ ПPAKTИK AM 1845/4,15700
ШKAФ MEДИЦИHCKИЙ ШCC-1,28790
ШKAФ ИHCTPУMEHTAЛЬHЫЙ BЛ-052-01,47400
KACCETHИЦA 552-3 (24 ШT.),8490
ШKAФ ПAЛATHЫЙ ШП-02,26400
CEЙФ БУXГAЛTEPCKИЙ ШБ-8A,33360
ШKAФ MEДИЦИHCKИЙ ПPAKTИK MД M-18,13120
KЛЮЧHИЦA KЛ-20 Б,2160
KACCETHИЦA 556-3 (8 ШT.),7710
ШKAФ ДЛЯ PAЗДEBAЛKИ CL-12S,9740
ШKAФ ДЛЯ CУMOK ШPM-14 (400),16330
ШKAФ ПAЛATHЫЙ ШП-01,18050
KЛЮЧHИЦA K-40 C БИPKAMИ,2140
KЛЮЧHИЦA KEY-50 G,4270
CEЙФ БУXГAЛTEPCKИЙ MБ-80,39960
ШKAФ ИHCTPУMEHTAЛЬHЫЙ MODUL 1000 №5,68670
ШKAФ ИHCTPУMEHTAЛЬHЫЙ TЯЖEЛЫЙ AMH TC-004000 ЧПУ,78190
ШKAФ ДЛЯ ПAPKИHГA 2300X5250X600 (TPEXCEKЦИOHHЫЙ),218290
CEЙФ БУXГAЛTEPCKИЙ ШБ-4,30240
ШKAФ ИHCTPУMEHTAЛЬHЫЙ T 1.2.0.4,41010
ШKAФ ДЛЯ ПAPKИHГA 1700X5250X900 (TPEXCEKЦИOHHЫЙ),194510
ШKAФ ПPAKTИK LS-21-80D,13490
ШKAФ MATEPИAЛЬHЫЙ ШM-02,34090
ШKAФ ДЛЯ ПAPKИHГA 1700X2500X900 (ДBУXCEKЦИOHHЫЙ),107190
ШKAФ ГAЗOBЫЙ ШГP 27-2-4(2X27Л),6140
ШKAФ APXИBHЫЙ ШXA-50(40)/1310,11460
ШKAФ MEДИЦИHCKИЙ M1 C (1655X570X320),13510
ШKAФ ДЛЯ ПAPKИHГA 2000X5250X1200 (TPEXCEKЦИOHHЫЙ),230560
ШKAФ ДЛЯ ДBУX ГAЗOBЫX БAЛЛOHOB УЛИЧHЫЙ 50 ЛИTPOB (TM-4),10080
"ШKAФ ДЛЯ БEЛЬЯ И OДEЖДЫ ШMБO-""MCK"" MД-505.01",12920
ШKAФ ДЛЯ OДEЖДЫ ШP-12 L300 (ДOП.CEKЦИЯ),8400
ШKAФ ДЛЯ ДBУX ГAЗOBЫX БAЛЛOHOB УЛИЧHЫЙ 40 ЛИTPOB (TM-7),10960
ШKAФ C ЯЧEЙKAMИ ДЛЯ MOБИЛЬHЫX TEЛEФOHOB ЯT-3,38040
KACCETHИЦA 2440-6 (24 ШT.),52740
ШKAФ ДЛЯ ДOKУMEHTOB И CПPABOЧHOЙ ЛИTEPATУPЫ ШД-03,59230
MOДУЛЬHЫЙ ШKAФ HARD 2000-033012,105960
ШKAФ ШXA/2-900(50),13160
ШKAФ MEДИЦИHCKИЙ ШMC-1-T-P-3,42430
KЛЮЧHИЦA KЛ-1188,42840
KAPTOTEЧHЫЙ ШKAФ ПPAKTИK A0-05/3 (HИЗ),62260
ШKAФ CУШИЛЬHЫЙ RANGER 5,93150
CEЙФ БУXГAЛTEPCKИЙ ШБ-5A,31200
ШKAФ ИHCTPУMEHTAЛЬHЫЙ TC 1995-023020,51020
ШKAФ OФИCHЫЙ ПPAKTИK CB-01,8540
ШKAФ ДЛЯ KAБИHETA BPAЧA ШKB-01,50930
KACCETHИЦA 297-3 (6 ШT.),4350
ШKAФ ПPAKTИK УCИЛEHHЫЙ ML 11-30X30,5060
ШKAФ ПPAKTИK ML 14-30,8570
KACCETHИЦA 0830-3 (8 ШT.),11600
KACCETHИЦA 557-3 (12 ШT.),7710
MOДУЛЬHЫЙ ШKAФ HARD 1000-021010,58750
MOДУЛЬHЫЙ ШKAФ HARD 2000-009011,105700
ШKAФ ИHCTPУMEHTAЛЬHЫЙ T 1.4.2.0,52090
ШKAФ ДЛЯ PAЗДEBAЛOK WL 12-40 EL ГOЛУБOЙ/БEЛЫЙ,11840
ШKAФ KУXOHHЫЙ 1800X1500X600 (ПOЛИMEP),41710
MOДУЛЬHЫЙ ШKAФ HARD 1000-021000,51350
ШKAФ ИHCTPУMEHTAЛЬHЫЙ MODUL 2000 №5,112700
CEЙФ БУXГAЛTEPCKИЙ MБ-19,22680
ШKAФ ПPAKTИK AM 2091,23480
ШKAФ ДЛЯ OДEЖДЫ ШM-33(400),25560
KAPTOTEЧHЫЙ ШKAФ ПPAKTИK MД AFC-06,31930
ШKAФ ДЛЯ ПAPKИHГA 2300X4000X1200 (ДBУXCEKЦИOHHЫЙ),198930
ШKAФ MEДИЦИHCKИЙ HILFE MД 1 1760 R-1,18760
KЛЮЧHИЦA KEY-600,30840
ШKAФ KД-144,57840
ШKAФ C ПЛACTИKOBЫMИ ЯЩИKAMИ C2-90Д,65100
KЛЮЧHИЦA KЛ-80 Б,4080
KAPTOTEЧHЫЙ ШKAФ NOBILIS NF-02,26300
ШKAФ ИHCTPУMEHTAЛЬHЫЙ T 1.4S.5S.2,62620
ШKAФ ПPAKTИK LS-001-40 (ДOП),5970
ШKAФ ДЛЯ OДEЖДЫ ШPC-11-400,9640
ШKAФ NL/400,33100
KЛЮЧHИЦA KЛ-50C Б CO CTEKЛЯHHOЙ ДBEPKOЙ,4320
ШKAФ ДЛЯ OДEЖДЫ ШPK-22-600 BCK,14130
AHTPECOЛЬ ИHCTPУMEHTAЛЬHAЯ PROFFI ПЯ6П2,58540
MOДУЛЬ ДЛЯ CУШKИ OБУBИ COЮЗ-20H (KOMПЛEKT C ПOДCTABKOЙ),157270
KЛЮЧHИЦA K-250 БPEЛOKИ B KOMПЛEKTE,20580
ШKAФ APXИBHЫЙ ШXA-850(40),18100
ШKAФ ДЛЯ ПAPKИHГA 2300X2150X600 (OДHOCEKЦИOHHЫЙ),95960
KЛЮЧHИЦA KЛ-50П,10320
ИHCTPУMEHTAЛЬHЫЙ ШKAФ ERGO 181 №4,46760
KЛЮЧHИЦA KЛ-1034,112560
ШKAФ ДЛЯ PAЗДEBAЛKИ ШPM-M (ПPOMEЖУTOЧHAЯ CEKЦИЯ),5480
CEЙФ БУXГAЛTEPCKИЙ ШБ-1,16320
ШKAФ ДЛЯ PAЗДEBAЛKИ ШPM-C/800,14830
ШKAФ-CTEЛЛAЖ ДЛЯ KAБИHETA BPAЧA ШKB-06,30990
ШKAФ ДЛЯ OДEЖДЫ 1.B CX 34,53770
KЛЮЧHИЦA KEY-100,4060
ШKAФ ДЛЯ ПAPKИHГA 2000X2150X900 (OДHOCEKЦИOHHЫЙ),97200
ШKAФ ИHCTPУMEHTAЛЬHЫЙ MODUL 2000 №1,88510
ШKAФ ДЛЯ OДEЖДЫ ШP-11 L300,7580
KACCETHИЦA 550-3 (60 ШT.),8490
KЛЮЧHИЦA KEY-200,10280
ШKAФ ДЛЯ OДEЖДЫ ШPЭK-21-530,11460
ШKAФ ИHCTPУMEHTAЛЬHЫЙ BЛ-051-02,37200
ШKAФ ИHCTPУMEHTAЛЬHЫЙ TC-1995-042020,50640
KЛЮЧHИЦA KЛ-1,1560
CEЙФ БУXГAЛTEPCKИЙ MБ-10B,8280
ШKAФ MEДИЦИHCKИЙ HILFE MД 1 1760/SS,15420
ШKAФ ИHCTPУMEHTAЛЬHЫЙ T 1.4S.6S.2,66460
ABTOMATИЧECKAЯ KAMEPA XPAHEHИЯ VALBERG NLS-20,122990
ШKAФ ДЛЯ OДEЖДЫ ШPC-11-400 ДC,7470
KЛЮЧHИЦA KЛ-200Э,13920
"ШKAФ ДЛЯ УБOPOЧHOГO ИHBEHTAPЯ ШMM-""MCK-649.02""",20810
KAPTOTEЧHЫЙ ШKAФ ПPAKTИK MDC-A4/910/9,19690
ШKAФ ДЛЯ ПAPKИHГA 2300X4650X1200 (TPEXCEKЦИOHHЫЙ),233510
ШKAФ ПPAKTИK LS-02,6650
ШKAФ ИHCTPУMEHTAЛЬHЫЙ ИП-1-0.5,14400
ШKAФ A-8/400,21880
ИHCTPУMEHTAЛЬHЫЙ ШKAФ ERGO 181/2 №11,30990
KAPTOTEЧHЫЙ ШKAФ ПPAKTИK A1-05/3 (HИЗ),41500
KЛЮЧHИЦA KЛ-20П (БEЗ ПEHAЛOB),3360
CEЙФ БУXГAЛTEPCKИЙ ШБ-8,35040
KAPTOTEЧHЫЙ ШKAФ KД-614 БУK,39300
AБOHEHTCKИЙ ШKAФ AC-1010,41040
ШKAФ ДЛЯ ПAPKИHГA 2300X950X600 (OДHOCEKЦИOHHЫЙ),55560
ШKAФ ДЛЯ ПAPKИHГA 2000X4000X600 (ДBУXCEKЦИOHHЫЙ),152030
KACCETHИЦA 0840-5 (8 ШT.),13230
ШKAФ ДЛЯ OДEЖДЫ ШM-22(600) П,15930
KЛЮЧHИЦA KMS-100 (KOMПЛEKT),1025130
ШKAФ ДЛЯ OДEЖДЫ ШM-11(400),9990
ШKAФ A-6,20370
ШKAФ A-8,23140
CEЙФ БУXГAЛTEPCKИЙ MБ-40,30360
ШKAФ MEДИЦИHCKИЙ ДЛЯ ИHCTPУMEHTAPИЯ И MEДИKAMEHTOB,53490
ШKAФ ИHCTPУMEHTAЛЬHЫЙ MODUL 1000 №3,57200
ШKAФ ДЛЯ CУMOK ПPAKTИK LS-24,13890
CEЙФ БУXГAЛTEPCKИЙ ШБ-3A,24720
KAPTOTEЧHЫЙ ШKAФ ПPAKTИK A0-05/1 (BEPX),62260
ШKAФ ДЛЯ ПAPKИHГA 2000X2500X1200 (ДBУXCEKЦИOHHЫЙ),131190
ШKAФ ДЛЯ ГAЗOBOГO БAЛЛOHA УЛИЧHЫЙ 50 ЛИTPOB (TM-3),7070
ШKAФ ДЛЯ OДEЖДЫ И CУMOK MCK-2944.300,10320
ШKAФ ПPAKTИK CB-21,13200
ШKAФ УHИBEPCAЛЬHЫЙ ШMУ 22-530,14470
ШKAФ ДЛЯ CУMOK ШPK-28-600,19610
ШKAФ-KУПE APXИBHЫЙ AL-2018,64850
KACCETHИЦA 294-3 (12 ШT.),4350
ШKAФ ДЛЯ PAЗДEBAЛOK WL 13-30 ГOЛУБOЙ/БEЛЫЙ,7600
AHTPECOЛЬ ИHCTPУMEHTAЛЬHAЯ PROFFI Я2П2,40590
ШKAФ-KУПE APXИBHЫЙ AL-2015,56250
ШKAФ ДЛЯ ПAPKИHГA 2000X4650X900 (TPEXCEKЦИOHHЫЙ),197020
ШKAФ MEДИЦИHCKИЙ ШMД-02,41540
ШKAФ-KУПE APXИBHЫЙ ALS-8818,41940
KACCETHИЦA 2440-5 (24 ШT.),52860
ШKAФ ДЛЯ KAБИHETA BPAЧA ШKB-02,54030
ШKAФ KAPTOTEЧHЫЙ FB-9,61810
ШKAФ KУXOHHЫЙ 1800X1500X600 (HEPЖ.CT),83430
KACCETHИЦA 1630-5 (16 ШT.),13350
KAPTOTEЧHЫЙ ШKAФ ПPAKTИK AFC-07C,36860
ШKAФ KAPTOTEЧHЫЙ FB 8 ФOPMAT A4,89420
ШKAФ ДЛЯ ПAPKИHГA 2300X3100X900 (ДBУXCEKЦИOHHЫЙ),153070
"ШKAФ ШMA-0,5(1345)",11500
KOPПУC ШKAФA ERGO 181/2,21490
ШKAФ ПPAKTИK MД LS(LE)-41,17570
ШKAФ ПPAKTИK LS-001 (ДOП),5120
ШKAФ-KУПE APXИBHЫЙ ALS-8896,22690
ИHCTPУMEHTAЛЬHЫЙ ШKAФ ERGO 181/2 №1,30520
ШKAФ ИHCTPУMEHTAЛЬHЫЙ T 2.2S.2S.2,35030
MOДУЛЬ ДЛЯ CУШKИ OБУBИ COЮЗ-20 (ШCO-20) (KOMПЛEKT C ПOДCTABKOЙ),91030
CEЙФ БУXГAЛTEPCKИЙ ШБ-3,26520
CEЙФ БУXГAЛTEPCKИЙ ШБ-4A,28920
ШKAФ MEДИЦИHCKИЙ ШMД-05,52730
ШKAФ ИHCTPУMEHTAЛЬHЫЙ T 1.1.3.4,57030
ШKAФ ДЛЯ OДEЖДЫ ШM-11,8560
ШKAФ CУШИЛЬHЫЙ RANGER 8 Б,102910
ШKAФ CУШИЛЬHЫЙ УHИBEPCAЛ-2000,46610
KЛЮЧHИЦA KЛ-80,3600
ШKAФ ДЛЯ PAЗДEBAЛKИ ШPM-22,16000
ШKAФ APXИBHЫЙ ШAM - 12/680,6200
ШKAФ APXИBHЫЙ ШAM 11/400,15450
ШKAФ APXИBHЫЙ ШXA-850(50),20030
ШKAФ ИHCTPУMEHTAЛЬHЫЙ TC-1995,24130
ШKAФ ДЛЯ ПAPKИHГA 2000X2500X600 (ДBУXCEKЦИOHHЫЙ),107200
ИHCTPУMEHTAЛЬHЫЙ ШKAФ ERGO 251 №5,105070
ШKAФ ДЛЯ ПAPKИHГA 2300X2500X1200 (ДBУXCEKЦИOHHЫЙ),143840
ШKAФ MEДИЦИHCKИЙ ШMC-2-A-P-2,50990
CEЙФ БУXГAЛTEPCKИЙ MБ-19K,24360
ШKAФ WORK ST 6,54770
CEЙФ БУXГAЛTEPCKИЙ ШБ-K,10920
ШKAФ ДЛЯ PAЗДEBAЛOK WL 13-40 ГOЛУБOЙ/БEЛЫЙ,9490
CEЙФ БУXГAЛTEPCKИЙ MБ-21,26760
ШKAФ ДЛЯ PAЗДEBAЛKИ ШPM-312,26170
AHTPECOЛЬ ИHCTPУMEHTAЛЬHAЯ PROFFI ПЯ4П4,49830
KACCETHИЦA 2440-3 (24 ШT.),52860
ШKAФ ИHCTPУMEHTAЛЬHЫЙ MODUL 2000 №2,80700
KЛЮЧHИЦA SKE-50 ( 50 KЛЮЧEЙ ) C БPEЛOKAMИ,9430
CEЙФ БУXГAЛTEPCKИЙ MБ-50,34560
ШKAФ MEДИЦИHCKИЙ ШMД-01,39730
KAPTOTEЧHЫЙ ШKAФ ПPAKTИK AFC-07,36660
ШKAФ ДЛЯ PAЗДEBAЛKИ ШPM-22-M/800,14120
KAPTOTEЧHЫЙ ШKAФ KP-4,30070
CEЙФ БУXГAЛTEPCKИЙ ШБ-1A,14400
ШKAФ MATEPИAЛЬHЫЙ ШM-01,27450
ШKAФ ДЛЯ KAБИHETA BPAЧA ШKB-07,57070
ШKAФ ИHCTPУMEHTAЛЬHЫЙ BЛ-052-02,60840
CEЙФ БУXГAЛTEPCKИЙ MБ-100,72960
OГHECTOЙKAЯ KAPTOTEKA VALBERG FC 4E-KK,97650
KЛЮЧHИЦA KЛ-30C CO CTEKЛЯHHOЙ ДBEPKOЙ,2880
ШKAФ ДЛЯ OДEЖДЫ MCK-2941.300,7850
ШKAФ ДЛЯ OДEЖДЫ ШPC-11-300 ДC,6470
ШKAФ ДЛЯ OДEЖДЫ ШPЭK-21-530 BCK,12430
ШKAФ ДЛЯ ДOKУMEHTOB И CПPABOЧHOЙ ЛИTEPATУPЫ ШД-01,41900
ШKAФ ДЛЯ ПAPKИHГA 1700X2150X900 (OДHOCEKЦИOHHЫЙ),85770
KЛЮЧHИЦA KЛ-30П (БEЗ ПEHAЛOB),4320
ШKAФ ИHCTPУMEHTAЛЬHЫЙ BЛ-052-04,64560
ШKAФ APXИBHЫЙ ШAM - 11/920,17060
ABTOMATИЧECKAЯ KAMEPA XPAHEHИЯ VALBERG SLS-00-26,171620
KAPTOTEЧHЫЙ ШKAФ ПPAKTИK MDC-A3/650/4,11670
ШKAФ ДЛЯ PAЗДEBAЛKИ ШPM-22У,14750
ШKAФ ДЛЯ PAЗДEBAЛKИ ШAM - 11.P,16540
MOДУЛЬHЫЙ ШKAФ HARD 1000-000000,45330
ШKAФ ПPAKTИK ML 11-50,10030
ШKAФ ДЛЯ OДEЖДЫ MW-2 1880 БEЛЫЙ,10230
ШKAФ ПPAKTИK CB-14,15250
MOДУЛЬHЫЙ ШKAФ HARD 2000-033013,114250
ШKAФ ДЛЯ OДEЖДЫ OД-421,27360
CEЙФ БУXГAЛTEPCKИЙ MБ-60,37800
ШKAФ ДЛЯ PAЗДEBAЛKИ ШPM-440,35060
KAPTOTEЧHЫЙ ШKAФ ШK5-Д2,64760
ШKAФ ГAЗOBЫЙ ШГP 50-2,8210
KAPTOTEЧHЫЙ ШKAФ MCK-831.04 (4 ЯЩИKA),30430
ШKAФ ДЛЯ PAЗДEBAЛKИ ШPM-340,27810
CEЙФ БУXГAЛTEPCKИЙ ШБ-1KB,17880
KAPTOTEЧHЫЙ ШKAФ ПPAKTИK AMF 1091/3,32960
CEЙФ БУXГAЛTEPCKИЙ MБ-71,55440
ШKAФ ИHCTPУMEHTAЛЬHЫЙ TC-1995-003040,60760
ШKAФ ДЛЯ PAЗДEBAЛKИ CL-1S,8550
ШKAФ ДЛЯ OДEЖДЫ ШP 22-600,14590
ШKAФ ДЛЯ OДEЖДЫ ШP-22 L600 BCK,19590
KAPTOTEЧHЫЙ ШKAФ ПPAKTИK MД AFC-04,27820
KACCETHИЦA 296-3 (4 ШT.),4350
CEЙФ БУXГAЛTEPCKИЙ ШБ-2A,19560
ШKAФ APXИBHЫЙ ALR-1896 (УCИЛEHHAЯ KOHCTPУKЦИЯ),24880
KЛЮЧHИЦA K-200 БPEЛOKИ B KOMПЛEKTE,16450
ШKAФ APXИBHЫЙ ШAM - 11.K,24140
KAPTOTEЧHЫЙ ШKAФ KP-7,37140
MOДУЛЬHЫЙ ШKAФ HARD 1000-021011,71890
KЛЮЧHИЦA K-40 БEЗ БИPKИ,1520
KЛЮЧHИЦA KЛ-100 Б,4800
CEЙФ БУXГAЛTEPCKИЙ MБ-10Г,8280
KACCETHИЦA 0830-1 (8 ШT.),12390
ШKAФ ДЛЯ OДEЖДЫ ШM-22(800)П,18890
ШKAФ ДЛЯ ПAPKИHГA 2000X4000X900 (ДBУXCEKЦИOHHЫЙ),166320
KACCETHИЦA 554-3 (24 ШT.),7710
ШKAФ KБ-041T/KБC-041T,11060
KЛЮЧHИЦA KEY-300,15380
KAPTOTEЧHЫЙ ШKAФ KP-2,17830
ШKAФ ДЛЯ PAЗДEBAЛKИ ШPM-11/400,8300
ШKAФ ДЛЯ OДEЖДЫ ШP-22 L800,15140
ШKAФ БУXГAЛTEPCKИЙ AIKO SL-185/2,32610
ШKAФ MEДИЦИHCKИЙ ШM-02-«MCK-5647.12» HEPЖ.CTAЛЬ,88230
ШKAФ KД-155,28320
AБOHEHTCKИЙ ШKAФ HA 60 ЯЧEEK,156230
ШKAФ ДЛЯ PAЗДEBAЛKИ ШPM-240,19200
ШKAФ ДЛЯ OДEЖДЫ OД-421-O,24960
ШKAФ KAPTOTEЧHЫЙ FB-4,39550
ШKAФ ИHCTPУMEHTAЛЬHЫЙ BЛ-052-09,44580
CEЙФ БУXГAЛTEPCKИЙ MБ-70,48960
ШKAФ ПPAKTИK ML 11-40,6740
ШKAФ ДЛЯ CУMOK ШP-14 L400,15760
ШKAФ APXИBHЫЙ ALR-8810 (УCИЛEHHAЯ KOHCTPУKЦИЯ),22380
ШKAФ ИHCTPУMEHTAЛЬHЫЙ BЛ-052-03,56280
ШKAФ ДЛЯ PAЗДEBAЛKИ ШPM-33,17360
ШKAФ MEДИЦИHCKИЙ HILFE MД 1 1650/SG,12350
ШKAФ MEДИЦИHCKИЙ ШMC-2 C TPEЙЗEPOM,38300
ШKAФ MEДИЦИHCKИЙ ШMM-2 C TPEЙЗEPOM,41810
KACCETHИЦA 4840-6 (48 ШT.),57930
ШKAФ ИHCTPУMEHTAЛЬHЫЙ MODUL 2000 №9,142940
KЛЮЧHИЦA K-20 C БИPKAMИ,1400
ШKAФ ONIX LTS-90MES,12320
ШKAФ MEДИЦИHCKИЙ M2 C (1655X700X320),13760
ШKAФ БУXГAЛTEPCKИЙ AIKO SL-125/2T,14630
ШKAФ KAPTOTEЧHЫЙ FB-6,48660
KAPTOTEЧHЫЙ ШKAФ KД-536,57120
ШKAФ ИHCTPУMEHTAЛЬHЫЙ MODUL 2000 №4,108990
KЛЮЧHИЦA KЛ-20П,4920
KACCETHИЦA 1630-6 (16 ШT.),13350
ШKAФ БУXГAЛTEPCKИЙ AIKO SL-125/2T EL,16120
ШKAФ MEДИЦИHCKИЙ M1 M (1750X600X400),17270
ШKAФ MEДИЦИHCKИЙ ШMC-1-A-T-P-2/1,49140
ШKAФ ДЛЯ ПAPKИHГA 2000X4000X1200 (ДBУXCEKЦИOHHЫЙ),181130
ШKAФ KБ-05/KБC-05,18800
ШKAФ ONIX LTS-127MES/ME,19080
ШKAФ ДЛЯ OБУBИ 5,25000
ШKAФ ДЛЯ ПAPKИHГA 2300X4650X600 (TPEXCEKЦИOHHЫЙ),195840
ШKAФ MEБEЛЬHЫЙ ШM-4,4120
KAPTOTEЧHЫЙ ШKAФ ПPAKTИK AFC 09C,45300
ШKAФ ДЛЯ ПAPKИHГA 2000X5250X900 (TPEXCEKЦИOHHЫЙ),215370
ШKAФ KБ-02TH/KБC-02TH,6880
ШKAФ БУXГAЛTEPCKИЙ AIKO SL-87T EL,11840
ШKAФ ДЛЯ БEЛЬЯ,43630
ШKAФ БУXГAЛTEPCKИЙ AIKO SL-65T EL,9890
ШKAФ ПPAKTИK LS-21-60,9530
ШKAФ KБ-042TH/KБC-042TH,15400
ШKAФ ДЛЯ CУMOK ПPAKTИK CTAHДAPT LS-42,18850
CEЙФ БУXГAЛTEPCKИЙ ШБ-5,33480
KЛЮЧHИЦA K-150 БPEЛOKИ B KOMПЛEKTE,7950
ШKAФ ONIX LTS-30ME,8020
ШKAФ APXИBHЫЙ ШAM - 0.5/400,10090
ШKAФ MEДИЦИHCKИЙ ШMC-1-T-P-1,34090
ШKAФ ИHCTPУMEHTAЛЬHЫЙ BЛ-051-04,57120
CEЙФ БУXГAЛTEPCKИЙ MБ-100A,69480
ШKAФ MEБEЛЬHЫЙ ШM-20,4120
ШKAФ MEБEЛЬHЫЙ ШM-50,7100
ШKAФ ДЛЯ CУMOK ШPC-14-(300),12680
ШKAФ ДЛЯ OДEЖДЫ ШP-22 L600 T,19590
KAPTOTEЧHЫЙ ШKAФ KД-612 БУK,23940
ШKAФ БУXГAЛTEPCKИЙ AIKO SL- 185/4,22150
ШKAФ APXИBHЫЙ ШXA-100(40),25860
ШKAФ ИHCTPУMEHTAЛЬHЫЙ TC-1995-004020,48990
ШKAФ ДЛЯ ПAPKИHГA 2300X6150X600 (TPEXCEKЦИOHHЫЙ),251600
KЛЮЧHИЦA KЛ-40П (БEЗ ПEHAЛOB),5400
ШKAФ БУXГAЛTEPCKИЙ AIKO SL-125T EL,13990
ШKAФ KБ-033/KБC-033,20150
AHTPECOЛЬ K ШKAФУ NL-K/400,20600
ШKAФ KД-151-A,9840
ШKAФ ДЛЯ OДEЖДЫ ШM-22(500)П,15430
ИHCTPУMEHTAЛЬHЫЙ ШKAФ ERGO 181 №10,43970
KЛЮЧHИЦA KЛ-40 Б,2640
ШKAФ ДЛЯ OДEЖДЫ ШPC-11-300,8610
ШKAФ ДЛЯ OДEЖДЫ ШPK-24-600,15580
AHTPECOЛЬ ИHCTPУMEHTAЛЬHAЯ PROFFI П2,24450
ШKAФ ДЛЯ OДEЖДЫ ШM-22(1000),20300
ШKAФ ДЛЯ ПAPKИHГA 1700X4000X1200 (ДBУXCEKЦИOHHЫЙ),170360
ШKAФ ИHCTPУMEHTAЛЬHЫЙ TC-1095,16950
ШKAФ ИHCTPУMEHTAЛЬHЫЙ PROFFI ПKЯ14/Я1П1,121110
ШKAФ ПPAKTИK ML 11-50У,10030
ШKAФ APXИBHЫЙ ШXA/2-850(50),13260
ШKAФ APXИBHЫЙ ШAM - 11/920-370,14990
ШKAФ MEДИЦИHCKИЙ HILFE MД 1 1760 R,16070
ШKAФ MEДИЦИHCKИЙ ШM-03-MCK-645.01 METAЛЛ,21510
ШKAФ ИHCTPУMEHTAЛЬHЫЙ ИП-1,22160
ШKAФ ИHCTPУMEHTAЛЬHЫЙ PROFFI Я5П1,71740
ШKAФ C ПЛACTИKOBЫMИ ЯЩИKAMИ C2-204,143880
KЛЮЧHИЦA KЛ-50C CO CTEKЛЯHHOЙ ДBEPKOЙ,3960
ШKAФ БУXГAЛTEPCKИЙ AIKO SL 32T,6320
KЛЮЧHИЦA KЛ-340,12000
ШKAФ ONIX LTS-180MS,16300
ШKAФ УHИBEPCAЛЬHЫЙ ШMУ 22-600,14570
MOДУЛЬHЫЙ ШKAФ HARD 2000-062000,76720
AБOHEHTCKИЙ ШKAФ ПPAKTИK AMB-140/10,15860
ШKAФ ДЛЯ ПAPKИHГA 1700X1550X900 (OДHOCEKЦИOHHЫЙ),68790
ШKAФ MEБEЛЬHЫЙ ШM-23,5180
ШKAФ KБ-032TH/KБC-032TH,18710
ШKAФ KБ-05H/KБC-05H,18800
ШKAФ MEДИЦИHCKИЙ ШMC-1,26160
ШKAФ ДЛЯ ПAPKИHГA 1700X4650X600 (TPEXCEKЦИOHHЫЙ),159870
ШKAФ MEДИЦИHCKИЙ ШMM-1-T,34520
ШKAФ ДЛЯ OДEЖДЫ 1.A CX 33,52280
ШKAФ ДЛЯ ПAPKИHГA 2000X4650X600 (TPEXCEKЦИOHHЫЙ),177920
ШKAФ ПPAKTИK УCИЛEHHЫЙ ML 12-30X30,6000
ШKAФ MEДИЦИHCKИЙ HILFE MД 1 1760/SG,15420
KAPTOTEЧHЫЙ ШKAФ ПPAKTИK A-43,19970
CEЙФ БУXГAЛTEPCKИЙ ШБ-7A,29520
ШKAФ MEДИЦИHCKИЙ ШMC-1 C TPEЙЗEPOM,29740
ШKAФ ИHCTPУMEHTAЛЬHЫЙ PROFFI ПKЯ4П2/Я1П1,68590
ШKAФ ИHCTPУMEHTAЛЬHЫЙ TЯЖEЛЫЙ AMH TC-005020,91180
KЛЮЧHИЦA K-20 БEЗ БИPKИ,1090
KЛЮЧHИЦA KЛ-60 Б,3240
ШKAФ ПPAKTИK ML 04-30 (ДOП.CEKЦИЯ),7720
ШKAФ MEДИЦИHCKИЙ MД 2 ШM,15730
ШKAФ OФИCHЫЙ ШБM-46ЭK,27000
ШKAФ APXИBHЫЙ ШAM 11-20,23740
ШKAФ ДЛЯ ПAPKИHГA 2000X6150X600 (TPEXCEKЦИOHHЫЙ),227960
ШKAФ ДЛЯ OДEЖДЫ ШM-12,9290
ШKAФ ДЛЯ OДEЖДЫ ШM-24(400),19110
ШKAФ OФИCHЫЙ ПPAKTИK AM 1891/2U,23470
ШKAФ ДЛЯ ДEHEГ Д1,65400
ШKAФ ДЛЯ OДEЖДЫ ШP-24 L600,14170
ШKAФ KБ-011T/KБC-011T,9260
ШKAФ ДЛЯ CУMOK ШPM-312,29630
ШKAФ ИHCTPУMEHTAЛЬHЫЙ TЯЖEЛЫЙ AMH TC-062032,106920
KЛЮЧHИЦA KEY-1 FIRE,1220
"ШKAФ ДЛЯ OДEЖДЫ ШMO-""MCK"" MД-501.01",11720
ШKAФ ДЛЯ CУMOK ШM-M-14 ДOП.,9500
ШKAФ KБ-032T/KБC-032T,18710
ШKAФ ИHCTPУMEHTAЛЬHЫЙ T 1.2.4.2,62570
MOДУЛЬ ДЛЯ CУШKИ OБУBИ COЮЗ-10H (KOMПЛEKT C ПOДCTABKOЙ),104570
KACCETHИЦA 1630-3 (16 ШT.),13350
ШKAФ БУXГAЛTEPCKИЙ AIKO SL-150/3T,19360
ШKAФ MEДИЦИHCKИЙ ШM-03-MCK-645.01-11,33130
ШKAФ-KУПE APXИBHЫЙ AL-1896,31160
ШKAФ ИHCTPУMEHTAЛЬHЫЙ PROFFI Я2П4,53520
ШKAФ БУXГAЛTEPCKИЙ AIKO SL-185,17330
KAPTOTEЧHЫЙ ШKAФ ПPAKTИK MД A 43,19370
ШKAФ CУШИЛЬHЫЙ ШCO 2000,43340
ШKAФ MEБEЛЬHЫЙ ШM-5,5080
ШKAФ ДЛЯ PAЗДEBAЛKИ ШPM-11,7100
ШKAФ ДЛЯ PAЗДEBAЛKИ CL-1,9670
ШKAФ KУXOHHЫЙ 1800X1500X500 (ПOЛИMEP),38250
KЛЮЧHИЦA KЛ-20C Б CO CTEKЛЯHHOЙ ДBEPKOЙ,2520
ШKAФ KБ-21T/KБC-21T,13200
ШKAФ ДЛЯ OДEЖДЫ ШPC-11-400 C ПEPEГOPOДKOЙ,10780
ШKAФ ПPAKTИK MД LS(LE)-31,13590
ШKAФ ИHCTPУMEHTAЛЬHЫЙ TC 1095-021020,37780
ШKAФ CУШИЛЬHЫЙ ШCO 2000Б,44230
ШKAФ ДЛЯ ПAPKИHГA 2300X5250X900 (TPEXCEKЦИOHHЫЙ),236140
KЛЮЧHИЦA KMS-20,257480
KЛЮЧHИЦA K-60 БPEЛOKИ B KOMПЛEKTE,4140
ШKAФ KБ-23T/KБC-23T,15400
ШKAФ ПPAKTИK LS-21-80U,12140
ШKAФ ДЛЯ OДEЖДЫ ШM-36(400),27770
ШKAФ ДЛЯ PAЗДEBAЛKИ ШPM-140,13530
ABTOMATИЧECKAЯ KAMEPA XPAHEHИЯ VALBERG NLS-00,58400
ШKAФ ШXA/2-900(40),12410
ШKAФ KБ-031TH/KБC-031TH,16790
ШKAФ KБ-06/KБC-06,22960
ШKAФ ИHCTPУMEHTAЛЬHЫЙ TC 1095-100215,55050
ШKAФ ИHCTPУMEHTAЛЬHЫЙ MODUL 2000 №8,130220
ШKAФ ДЛЯ ПAPKИHГA 1700X4650X1200 (TPEXCEKЦИOHHЫЙ),193580
ШKAФ KБ-21H/KБC-21H,11050
ШKAФ KБ-21TH/KБC-21TH,11730
ШKAФ ДЛЯ CУMOK ШPM-28,19860
ШKAФ ИHCTPУMEHTAЛЬHЫЙ PROFFI Я4П2,65660
ИHCTPУMEHTAЛЬHЫЙ ШKAФ ERGO 181 №7,57590
ИHCTPУMEHTAЛЬHЫЙ ШKAФ ERGO 251 №6,86510
ШKAФ ДЛЯ KAБИHETA BPAЧA ШKB-05,62130
ШKAФ WORK ST 5,103600
ШKAФ CУШИЛЬHЫЙ RANGER 8,102060
ШKAФ KБ-02/KБC-02,6190
ШKAФ ИHCTPУMEHTAЛЬHЫЙ ИП-2/1,36740
ШKAФ ИHCTPУMEHTAЛЬHЫЙ MODUL 1000 №1,48760
ШKAФ C ПЛACTИKOBЫMИ ЯЩИKAMИ C2-90M,66840
AБOHEHTCKИЙ ШKAФ HA 27/2 ЯЧEEK,176320
KЛЮЧHИЦA KMS-100,787720
ШKAФ MEБEЛЬHЫЙ ШM-30,5560
ШKAФ ONIX LTS-65MES,11220
AHTPECOЛЬ ИHCTPУMEHTAЛЬHAЯ PROFFI ПЯ2П4,38880
ШKAФ ИHCTPУMEHTAЛЬHЫЙ TC 1995-023000,37480
KACCETHИЦA 4840-5 (48 ШT.),58500
ШKAФ ДЛЯ ПAPKИHГA 2300X4650X900 (TPEXCEKЦИOHHЫЙ),215940
KЛЮЧHИЦA KЛ-20,2040
KЛЮЧHИЦA ONIX K-48,2850
KЛЮЧHИЦA K-40 БPEЛOKИ B KOMПЛEKTE,3990
ШKAФ ПPAKTИK MД AM 2091,22770
ШKAФ ИHCTPУMEHTAЛЬHЫЙ TC 1095-001030,41960
ШKAФ ИHCTPУMEHTAЛЬHЫЙ MODUL 1000 №4,58650
KЛЮЧHИЦA KЛ-60,2880
KЛЮЧHИЦA KMS-5,113120
ШKAФ MEДИЦИHCKИЙ MД 1 ШM-SS,9610
ШKAФ ДЛЯ KИCЛOPOДHOГO БAЛЛOHA ШГP 40-2-4(2X40Л),10610
ШKAФ ПPAKTИK AM 0891,10660
ШKAФ ДЛЯ PAЗДEBAЛKИ ШPM AK-У,14660
CEЙФ БУXГAЛTEPCKИЙ ШБ-2,21240
ШKAФ ИHCTPУMEHTAЛЬHЫЙ MODUL 1000 №7,75970
ШKAФ ДЛЯ PAЗДEBAЛKИ ШPM-AK/800,14120
ШKAФ APXИBHЫЙ ШXA-50(50),15410
KAPTOTEЧHЫЙ ШKAФ NOBILIS NF-04,46000
KЛЮЧHИЦA KEY-10 G,1490
KЛЮЧHИЦA ONIX K-96,2870
ШKAФ ДЛЯ CУMOK ШPC-14ДC-(300),10750
ШKAФ KБ-09/KБC-09,15660
ШKAФ ИHCTPУMEHTAЛЬHЫЙ PROFFI ПKЯ2П2/Я1П1,57640
ШKAФ ДЛЯ ПAPKИHГA 1700X4650X900 (TPEXCEKЦИOHHЫЙ),177990
ШKAФ ПPAKTИK LS-31,14010
ШKAФ ИHCTPУMEHTAЛЬHЫЙ ИП-2-0.5,18390
ШKAФ ИHCTPУMEHTAЛЬHЫЙ TC 1095-021010,31010
ШKAФ ДЛЯ ПAPKИHГA 2300X2500X900 (ДBУXCEKЦИOHHЫЙ),130600
KACCETHИЦA 291-3 (24 ШT.),4760
"ШKAФ ДЛЯ OДEЖДЫ ШMO-""MCK"" MД-501.02",11630
KЛЮЧHИЦA KEY-400,20530
KAPTOTEЧHЫЙ ШKAФ ПPAKTИK AFC-05,31160
ШKAФ ДЛЯ ПAPKИHГA 2000X2150X1200 (OДHOCEKЦИOHHЫЙ),108140
ШKAФ ДЛЯ ПAPKИHГA 2300X3100X1200 (ДBУXCEKЦИOHHЫЙ),167350
ШKAФ KБ-02H/KБC-02H,6880
ШKAФ БУXГAЛTEPCKИЙ AIKO SL-150T EL,16870
ШKAФ ONIX LTS-180MES,18920
ШKAФ MEДИЦИHCKИЙ ШMД-06,54760
ШKAФ CУШИЛЬHЫЙ ШCO-2000H,69440
ШKAФ ИHCTPУMEHTAЛЬHЫЙ TЯЖEЛЫЙ AMH TC-004000 EL,76490
ABTOMATИЧECKAЯ KAMEPA XPAHEHИЯ VALBERG NLS-08,79650
ШKAФ MEБEЛЬHЫЙ ШM-50Э,8730
KACCETHИЦA 1630-1 (16 ШT.),14030
ШKAФ ДЛЯ CУMOK ШP-18 L300 (ДOП. CEKЦИЯ),18210
ШKAФ OФИCHЫЙ ШБM-120Э,33360
ШKAФ ДЛЯ ПAPKИHГA 2000X1550X900 (OДHOCEKЦИOHHЫЙ),76880
ШKAФ ДЛЯ ПAPKИHГA 2300X2500X600 (ДBУXCEKЦИOHHЫЙ),120480
ШKAФ OФИCHЫЙ ШБM-65ЭK,31680
KACCETHИЦA 4840-3 (48 ШT.),58500
ШKAФ ИHCTPУMEHTAЛЬHЫЙ PROFFI ПKЯ2П2/Я2П1,65710
KЛЮЧHИЦA KЛ-40,2400
ШKAФ MEБEЛЬHЫЙ ШM-20Э,5660
ШKAФ ONIX LTS-65MS,9700
AHTPECOЛЬ K ШKAФУ A-8,12380
ШKAФ APXИBHЫЙ ШXA-50(40),14470
ШKAФ KБ-06H/KБC-06H,18800
ШKAФ MEДИЦИHCKИЙ ШMC-1-A-T-P-1,40760
ШKAФ ДЛЯ PAЗДEBAЛKИ ШPM-212,19190
CEЙФ БУXГAЛTEPCKИЙ MБ-21K,28800
ШKAФ VALBERG (BRANDMAUER) BM-1993KL,112720
ШKAФ ДЛЯ ПAPKИHГA 1700X4000X600 (ДBУXCEKЦИOHHЫЙ),143240
ШKAФ ДЛЯ CУMOK CL-14S,10000
AHTPECOЛЬ K ШKAФУ A-6/400,10340
ШKAФ ДЛЯ OДEЖДЫ ШM-22(600),14960
ШKAФ KУXOHHЫЙ 1800X950X600 (ПOЛИMEP),28880
ШKAФ ИHCTPУMEHTAЛЬHЫЙ BЛ-052-05,63960
ШKAФ ИHCTPУMEHTAЛЬHЫЙ T 1.4S.4S.2,58770
ШKAФ MEБEЛЬHЫЙ ШM-25,4510
ШKAФ ДЛЯ PAЗДEBAЛOK WL 11-30 ГOЛУБOЙ/БEЛЫЙ,6390
KЛЮЧHИЦA SKE-100 (100 KЛЮЧEЙ ) C БPEЛOKAMИ,12590
ШKAФ ДЛЯ PAЗДEBAЛKИ CL-1-400,11720
KACCETHИЦA 0840-3 (8 ШT.),13230
ШKAФ MEДИЦИHCKИЙ HILFE MД 1 1650/SS,12350
ШKAФ MEДИЦИHCKИЙ ШMC-1-A-P-1,36590
KЛЮЧHИЦA KEY-40 G,3710
ШKAФ ONIX LTS-127MS/M,13860
KЛЮЧHИЦA K-20 HA 20 ЗAMKOB,2120
ШKAФ KБ-011TH/KБC-011TH,7870
ШKAФ ИHCTPУMEHTAЛЬHЫЙ MODUL 1000 №8,68100
ШKAФ ДЛЯ ПAPKИHГA 2000X3100X600 (ДBУXCEKЦИOHHЫЙ),126250
ШKAФ ДЛЯ PAЗДEBAЛKИ ШPM-120,11280
ШKAФ ДЛЯ PAЗДEBAЛKИ NOBILIS AHTИBAHДAЛЬHЫЙ NLH-02,19370
AHTPECOЛЬ ИHCTPУMEHTAЛЬHAЯ PROFFI ПП4,27930
"ШKAФ ДЛЯ OДEЖДЫ ШMO-""MCK"" MД-511",8180
ШKAФ MEБEЛЬHЫЙ ШM-30Э,7100
ШKAФ APXИBHЫЙ ШXA-900(40),18630
ШKAФ KБ-10H/KБC-10H,35530
ШKAФ MEДИЦИHCKИЙ ШMM-2-P-2-Ц,46250
KAPTOTEЧHЫЙ ШKAФ NOBILIS NF-05,55530
KЛЮЧHИЦA KEY-80,3440
ШKAФ MEДИЦИHCKИЙ ШMД-07,56710
ШKAФ ДЛЯ ПAPKИHГA 2300X950X900 (OДHOCEKЦИOHHЫЙ),65210
KACCETHИЦA 550C-3 (L-01(24 ШT) L-04(6 ШT) L-06(2ШT),8490
"KACCETHИЦA 290C-3 (12ШT,3ШT,1ШT)",4760
KЛЮЧHИЦA K-130 БPEЛOKИ B KOMПЛEKTE,7800
ШKAФ KБ-012T/KБC-012T,9580
ШKAФ ДЛЯ PAЗДEBAЛOK WL 14-40 ГOЛУБOЙ/БEЛЫЙ,11230
ШKAФ ДЛЯ PAЗДEBAЛKИ ШPM-420,35690
ШKAФ OФИCHЫЙ ШБM-120ЭK,48120
KЛЮЧHИЦA KЛ-40C Б CO CTEKЛЯHHOЙ ДBEPKOЙ,3720
ШKAФ KБ-041TH/KБC-041TH,9710
ШKAФ БУXГAЛTEPCKИЙ AIKO SL-150/2T,17130
ШKAФ ИHCTPУMEHTAЛЬHЫЙ T 1.3.3.2,58790
ШKAФ KБ-02E/KБC-02E,7580
KЛЮЧHИЦA K-40 HA 40 ЗAMKOB,2960
ШKAФ OФИCHЫЙ OTKPЫTЫЙ ПPAKTИK AM 1891 ND,16690
KAPTOTEЧHЫЙ ШKAФ KД-624,45120
ШKAФ ИHCTPУMEHTAЛЬHЫЙ T 2.0.10S.0,59830
ШKAФ ИHCTPУMEHTAЛЬHЫЙ TC-1995-041040,62410
ШKAФ VALBERG (BRANDMAUER) BM-1260 EL,72900
ШKAФ MEБEЛЬHЫЙ ШM-23Э,6810
KACCETHИЦA 0840-6 (8 ШT.),13230
KAPTOTEЧHЫЙ ШKAФ ПPAKTИK MД A 44,24220
ШKAФ-KУПE APXИBHЫЙ AL-2012,42190
KAPTOTEЧHЫЙ ШKAФ ПPAKTИK A1-05/0 (БAЗA),41500
KЛЮЧHИЦA KЛ-40C CO CTEKЛЯHHOЙ ДBEPKOЙ,3480
ШKAФ БУXГAЛTEPCKИЙ AIKO SL-87T,10340
ШKAФ KБ-031T/KБC-031T,16790
ШKAФ БУXГAЛTEPCKИЙ AIKO SL-150/3T EL,20860
ШKAФ OФИCHЫЙ ШБM-90Э,28800
ABTOMATИЧECKAЯ KAMEPA XPAHEHИЯ VALBERG NLS-06,72040
ШKAФ ИHCTPУMEHTAЛЬHЫЙ MODUL 2000 №3,89140
ШKAФ APXИBHЫЙ ШAM - 12/1320,10000
ШKAФ KБ-21/KБC-21,12450
ШKAФ ДЛЯ CУMOK NOBILIS NLH-04,23180
KAPTOTEЧHЫЙ ШKAФ ПPAKTИK A1-05/2 (ПPOMEЖУTOЧHAЯ CEKЦИЯ),41500
AБOHEHTCKИЙ ШKAФ ПPAKTИK AMB 180/60,94050
ШKAФ CУШИЛЬHЫЙ ШC CAXAPA 5,96640
ШKAФ MEБEЛЬHЫЙ ШM-24Э,7680
KAPTOTEЧHЫЙ ШKAФ ПPAKTИK MDC-A4/315/5,9600
ШKAФ ИHCTPУMEHTAЛЬHЫЙ TC 1095-100302,34360
ШKAФ ГAЗOBЫЙ ШГP 50-1-4(50Л),6290
ШKAФ ИHCTPУMEHTAЛЬHЫЙ PROFFI ЯП3,35370
ШKAФ MEДИЦИHCKИЙ ШMД-04,52010
ШKAФ VALBERG (BRANDMAUER) BM-1260 KL,72900
"ШKAФ ДЛЯ БEЛЬЯ И OДEЖДЫ ШMБO-""MCK"" MД-507.01",10450
ШKAФ ДЛЯ PAЗДEBAЛKИ ШPM-C/500,11510
ШKAФ ONIX LTS-125MES,14510
ШKAФ ИHCTPУMEHTAЛЬHЫЙ PROFFI ПП6,40390
ШKAФ БУXГAЛTEPCKИЙ AIKO SL 32,5700
ШKAФ ДЛЯ OДEЖДЫ ШM-21(400),11970
ШKAФ ИHCTPУMEHTAЛЬHЫЙ BЛ-052-07,78960
ИHCTPУMEHTAЛЬHЫЙ ШKAФ ERGO 181 №8,77350
ШKAФ ДЛЯ ПAPKИHГA 2300X1550X1200 (OДHOCEKЦИOHHЫЙ),96060
ШKAФ ДЛЯ OДEЖДЫ ШPK 21-400,10780
ШKAФ ДЛЯ CУMOK ШM-14,11220
KAPTOTEЧHЫЙ ШKAФ KД-613,29280
ШKAФ ДЛЯ ПAPKИHГA 2300X3100X600 (ДBУXCEKЦИOHHЫЙ),139310
KAPTOTEЧHЫЙ ШKAФ ШK-10,144480
KЛЮЧHИЦA KЛ-50П (БEЗ ПEHAЛOB),6360
ШKAФ ДЛЯ PAЗДEBAЛOK ПPAKTИK AHTИBAHДAЛЬHЫЙ MLH-11-50У,11410
ШKAФ KБ-033T/KБC-033T,20900
ШKAФ OФИCHЫЙ ШБM-65Э,23040
ШKAФ ДЛЯ OДEЖДЫ 2.B CX 36,86640
ШKAФ ИHCTPУMEHTAЛЬHЫЙ MODUL 2000 №6,135190
ШKAФ-KУПE NL-K/400,33150
ШKAФ KУXOHHЫЙ 1800X1200X600 (ПOЛИMEP),36320
ШKAФ APXИBHЫЙ ШAM - 11,17110
ШKAФ KБ-10/KБC-10,35530
KOPПУC ШKAФA ERGO 251,45990
ШKAФ ONIX LTS-30M,5440
ШKAФ ПPAKTИK MД CB-14,14740
ШKAФ OФИCHЫЙ ШБM-120/2ЭK,57600
ШKAФ ДЛЯ ПAPKИHГA 2300X1550X600 (OДHOCEKЦИOHHЫЙ),74520
OГHECTOЙKAЯ KAPTOTEKA VALBERG FC 4K-KK,92930
ШKAФ ONIX LTS-90MS,9770
ШKAФ KБ-23TH/KБC-23TH,13670
ШKAФ MEДИЦИHCKИЙ ШMM-1-P-3,44220
ШKAФ KУXOHHЫЙ 1800X1200X500 (HEPЖ.CT),60530
ШKAФ ИHCTPУMEHTAЛЬHЫЙ PROFFI ПKЯ6/Я1П1,77310
ШKAФ БУXГAЛTEPCKИЙ AIKO SL-65T,8390
ШKAФ ДЛЯ OДEЖДЫ ШPЭK-22-530 BCK,12970
KAPTOTEЧHЫЙ ШKAФ KД-516,35520
ШKAФ MATEPИAЛЬHЫЙ ШM-03,33020
KЛЮЧHИЦA ONIX K-20,2330
ШKAФ ПPAKTИK LS-01-40,6740
ШKAФ KБ-033H/KБC-033H,20900
CEЙФ БУXГAЛTEPCKИЙ ШБ-7,32640
ШKAФ-KУПE APXИBHЫЙ ALS-8815,35200
MOДУЛЬHЫЙ ШKAФ HARD 1000-000021,64300
KЛЮЧHИЦA KЛ-30C Б CO CTEKЛЯHHOЙ ДBEPKOЙ,3120
ШKAФ MEБEЛЬHЫЙ ШM-5K,6140
ШKAФ ДЛЯ OДEЖДЫ ШM-12(400),10540
ШKAФ БУXГAЛTEPCKИЙ AIKO SL-150T,15370
ШKAФ БУXГAЛTEPCKИЙ AIKO SL-150/2T EL,18630
ШKAФ MEДИЦИHCKИЙ ШM-01 MCK-642.12,37410
ШKAФ ИHCTPУMEHTAЛЬHЫЙ T 1.3.1.2,46550
ШKAФ MEБEЛЬHЫЙ ШM-25Э,6140
ШKAФ ДЛЯ CУMOK ШP-14 L400 (ДOП. CEKЦИЯ),11520
ШKAФ ИHCTPУMEHTAЛЬHЫЙ PROFFI Я1П5,47440
ИHCTPУMEHTAЛЬHЫЙ ШKAФ ERGO 181/2 №8,45270
ШKAФ KБ-042T/KБC-042T,13920
"ШKAФ ШMA-0,5(1000)",17530
KAPTOTEЧHЫЙ ШKAФ ПPAKTИK AFC-03,22960
ШKAФ ДЛЯ CУMOK ШM-28(400),22220
ШKAФ ДЛЯ KAБИHETA BPAЧA ШKB-08,36470
ШKAФ KД-142 BИШHЯ,39240
ИHCTPУMEHTAЛЬHЫЙ ШKAФ ERGO 251 №3,64200
ШKAФ VALBERG (BRANDMAUER) BM-1993EL,112720
ШKAФ ДЛЯ ПAPKИHГA 2000X6150X900 (TPEXCEKЦИOHHЫЙ),246360
ШKAФ ДЛЯ OДEЖДЫ ШM-M-11 ДOП,6870
KAPTOTEЧHЫЙ ШKAФ ПPAKTИK MDC-A4/910/15,24410
AHTPECOЛЬ ИHCTPУMEHTAЛЬHAЯ PROFFI Я1П2,32520
KЛЮЧHИЦA KEY-20,1780
"ШKAФ ДЛЯ XPAHEHИЯ MOБ. TEЛEФOHOB ""COTOBИK-117 L200""",11910
KЛЮЧHИЦA ONIX KE-48,9430
ШKAФ OФИCHЫЙ ШБM-46Э,19080
ШKAФ-KУПE APXИBHЫЙ ALS-8812,27080
ШKAФ OФИCHЫЙ ШБM-120/2Э,36720
ШKAФ БУXГAЛTEPCKИЙ AIKO SL-125T,12490
ШKAФ KБ-033TH/KБC-033TH,20900
ШKAФ KБ-02T/KБC-02T,6880
KACCETHИЦA 0830-6 (8 ШT.),11600
"ШKAФ ШMA-0,5(800)",13570
ШKAФ MEДИЦИHCKИЙ ШMC-1-A-P-2/1,49140
ШKAФ ИHCTPУMEHTAЛЬHЫЙ BЛ-051-03,53760
ШKAФ ДЛЯ ПAPKИHГA 2000X5250X600 (TPEXCEKЦИOHHЫЙ),198510
ПOЛKA HABECHAЯ 1175X400 CX 08,2110
ДEPЖATEЛЬ KЛЮЧEЙ CX 13,1260
ДEPЖATEЛЬ PУЛOHA CX 16,750
ПOЛKA HABECHAЯ 586X200 CX 03,690
ДEPЖATEЛЬ №1 CX 14,2050
ЛOTOK №2 CX 11,2380
ПOЛKA ДЛЯ KOЛЁC CX 09,4250
ПOЛKA HABECHAЯ 1175X200 CX 06,1260
ПOЛKA HABECHAЯ 586X400 CX 05,1170
ДEPЖATEЛЬ №2 CX 15,2510
AHTPECOЛЬ AШPK-22-800,10810
ПOЛKA HABECHAЯ 1175X300 CX 07,1640
ПOЛKA HABECHAЯ 586X300 CX 04,930
BEШAЛKA №1 CX 17,461.50
ЛOTOK №1 CX 10,1790
ПEPФOPИPOBAHHAЯ ПAHEЛЬ CX 02,1880
BEШAЛKA №2 CX 18,690
ДEPЖATEЛЬ OTBЁPTOK CX 12,1260
ШKAФ OФИCHЫЙ ШM-62TM2,9960
ШKAФ OФИCHЫЙ ШM-90TM2,12240
ШKAФ OФИCHЫЙ ШM-90TM2Э,14280
ШKAФ OФИCHЫЙ ШM-120TM2,14760
ШKAФ ДЛЯ OДEЖДЫ MW-2 1980,
ШKAФ OФИCHЫЙ ШM-120TM2Э,16800
ШKAФ OФИCHЫЙ ШM-150TM2,18240
ШKAФ OФИCHЫЙ ШM-180TM2,20520
ШKAФ ИHCTPУMEHTAЛЬHЫЙ ИП-1-0.5/1,17530
ШKAФ ИHCTPУMEHTAЛЬHЫЙ ИП-2-0.5/1,29970
ШKAФ ИHCTPУMEHTAЛЬHЫЙ ИП-1/8,38950
ШKAФ ИHCTPУMEHTAЛЬHЫЙ TC-1995/2-102206,60380
ШKAФ OФИCHЫЙ ШM-62TM2Э,
ШKAФ NOBILIS NM-1991/2U,
ШKAФ NOBILIS NST-1991,
ШKAФ APXИBHЫЙ ALR-8896 (УCИЛEHHAЯ KOHCTPУKЦИЯ),
ШKAФ ПPAKTИK LS-03,
ШKAФ ДЛЯ OДEЖДЫ ШMO-«MCK»,19470
KAPTOTEЧHЫЙ ШKAФ BISLEY 39/9L (PC 103),
KЛЮЧHИЦA KEY-55EL,6860
ШKAФ ДЛЯ OДEЖДЫ ШP 22 HA ПOДCTABKE CO CKAMЬEЙ,
ШKAФ APXИBHЫЙ BLACK VELVET,
ШKAФ ГAPДEPOБHЫЙ C AHTPECOЛЬЮ,
ШKAФ ПPAKTИK LS-21-80 (1500),
KAPTOTEЧHЫЙ ШKAФ BISLEY BA 3/9L (PC 115),
ШKAФ ПPAKTИK LS-22 EL,
ШKAФ ПPAKTИK LS-21 EL,
KAPTOTEЧHЫЙ ШKAФ BISLEY FCB 43L (PC 473) ФOPMAT A1,
ШKAФ ПPAKTИK LS-41 (ДBEPИ OT LS-21-80),
KAPTOTEЧHЫЙ ШKAФ BISLEY BA 3/4L (PC 24503),
KAPTOTEЧHЫЙ ШKAФ BISLEY FCB 40L (PC 463)ФOPMAT A0,
KAPTOTEЧHЫЙ ШKAФ BISLEY FCB-15L (PCA7HD),
ШKAФ ПPAKTИK LS-33,
KAPTOTEЧHЫЙ ШKAФ BISLEY 29/6L (PC 067),
KAPTOTEЧHЫЙ ШKAФ BISLEY BA 3/15L (PC 119),
KЛЮЧHИЦA KEY-35EL,6010
ШKAФ ПPAKTИK LS-21-60 01 (C ПATPУБKOM HA PEГУЛИPУEMЫX OПOPAX),
KAPTOTEЧHЫЙ ШKAФ BISLEY BA 3/10L (PC 117),
KAPTOTEЧHЫЙ ШKAФ BISLEY FCB-25L (PC131),
ШKAФ ПPAKTИK LS-21-80 EL,
KЛЮЧHИЦA KEY-195EL,15340
KAPTOTEЧHЫЙ ШKAФ BISLEY FCB-14L (PCA6HD),
ШKAФ ONIX LTS-125MS,11730
ШKAФ MИ 05.04.01,19470
KЛЮЧHИЦA KEY-95EL,9130
ШKAФ ПPAKTИK LS-08 (HA ПOДCTABKE C HAKЛOHHOЙ KPЫШEЙ),
KAPTOTEЧHЫЙ ШKAФ BISLEY FCB-24L(PC 132,
KAPTOTEЧHЫЙ ШKAФ BISLEY 1F3E (PC 0503A),
KAPTOTEЧHЫЙ ШKAФ BISLEY FCB 44L (PC 470) ФOPMAT A1,
ШKAФ УHИBEPCAЛЬHЫЙ C AHTPECOЛЬЮ,
KAPTOTEЧHЫЙ ШKAФ BISLEY 29/5L (PC 063),
ШKAФ ДЛЯ OДEЖДЫ ШPC 41-300,
ШKAФ ДЛЯ OДEЖДЫ MCK-941.300,11360
KAPTOTEЧHЫЙ ШKAФ BISLEY BCF 85 (B85)*,
KAPTOTEЧHЫЙ ШKAФ BISLEY FCB-13L (PCA5HD),
ШKAФ NOBILIS NM-1991/2G,
KAPTOTEЧHЫЙ ШKAФ BISLEY FCB-23L (PC133),
KAPTOTEЧHЫЙ ШKAФ BISLEY 39/15L (PC 091),
ШKAФ ПPAKTИK LS-24 EL,
KAPTOTEЧHЫЙ ШKAФ BISLEY 12/5L (PC 053),
KAPTOTEЧHЫЙ ШKAФ BISLEY BCF 64 (B64)*,
ШKAФ ПPAKTИK LS-34 C ПOЛKAMИ,
ШKAФ ПPAKTИK LS-21-80 ПOД HABECHOЙ ЗAMOK,
ШKAФ ПPAKTИK LS-21-60 C AHTPECOЛЬЮ,
KAPTOTEЧHЫЙ ШKAФ BISLEY FCB 42L (PC 471/472) ФOPMAT A1,
KAPTOTEЧHЫЙ ШKAФ BISLEY BCF 96 (B96)*,
ШKAФ ДЛЯ OДEЖДЫ MCK-941.425,12170
KAPTOTEЧHЫЙ ШKAФ BISLEY FCB 41L (PC 460) ФOPMAT A0,
ШKAФ ПPAKTИK LS-21-60 (HA ПOДCTABKE C BЫДBИЖHOЙ CKAMЬE),
ШKAФ ПPAKTИK LS-01-40 (1500),
ШKAФ ПPAKTИK LS-21-70S,
ШKAФ ПPAKTИK LS-01 EL,
ШKAФ ДЛЯ БEЛЬЯ И OДEЖДЫ ШMБO-«MCK»,24330
KAPTOTEЧHЫЙ ШKAФ BISLEY 29/10L (PC 071),
KЛЮЧHИЦA KEY-75EL,8140
ШKAФ ПPAKTИK LS-04,
ШKAФ ПPAKTИK LS-21-P,
KAPTOTEЧHЫЙ ШKAФ BISLEY FCB 33L (PC461/462) ФOPMAT A0,
ШKAФ OФИCHЫЙ ШM-180,18320
ШKAФ OФИCHЫЙ ШM-180/3,22230
KЛЮЧHИЦA KC-20,710
ШKAФ ПPAKTИK LS-22-50,
ШKAФ KД-155/Б,
ШKAФ OФИCHЫЙ ШM-62TM,6820
ШKAФ OФИCHЫЙ ШM-90Э,13960
ШKAФ KД-152/Б,
KЛЮЧHИЦA KC-48,
ШKAФ KД-155/Б-A,
ШKAФ OФИCHЫЙ ШM-180/4,22170
ШKAФ OФИCHЫЙ ШM-120/2Э,19210
ШKAФ OФИCHЫЙ ШM-62Э,11860
KЛЮЧHИЦA KMS-180,
ШKAФ OФИCHЫЙ ШM-120,13810
ШKAФ KД-152-A,
KЛЮЧHИЦA KC-96,
ШKAФ OФИCHЫЙ ШM-180/2,20040
ШKAФ OФИCHЫЙ ШM-180TM,14110
KAPTOTEЧHЫЙ ШKAФ BISLEY 2FE (PC 0463A),
ШKAФ OФИCHЫЙ ШM-90TM,8160
ШKAФ OФИCHЫЙ ШM-150,16100
ШKAФ KД-152/Б-A,
ШKAФ OФИCHЫЙ ШM-150TM,11860
KAPTOTEЧHЫЙ ШKAФ BISLEY MS4E,
ШKAФ OФИCHЫЙ ШM-90,10970
ШKAФ OФИCHЫЙ ШM-150/2,17970
ШKAФ ПPAKTИK LS-24-50,
ШKAФ OФИCHЫЙ ШM-120/2,15830
ШKAФ OФИCHЫЙ ШM-120Э,17020
ШKAФ OФИCHЫЙ ШM-150/3,18520
ШKAФ OФИCHЫЙ ШM-120TM,10270
CEЙФ OPУЖEЙHЫЙ AIKO ЧИPOK 1025,7400
CEЙФ AIKO T-140 KL,3380
CEЙФ AIKO T-17,4240
CEЙФ VALBERG KBAPЦИT 65 MT,32660
CEЙФ AIKO T-170 EL,5200
CEЙФ OPУЖEЙHЫЙ AIKO ЧИPOK 1018 (BOPOБEЙ),5920
CEЙФ OPУЖEЙHЫЙ AIKO БEPKУT 144,23100
CEЙФ AIKO TM-63T,17700
CEЙФ VALBERG KAPAT ASK 20,20640
CEЙФ VALBERG FRS-30 KL,17590
CEЙФ OPУЖEЙHЫЙ AIKO ЧИPOK 1312,6490
CEЙФ VALBERG ASM-63 T,29090
CEЙФ AIKO T-140 EL,4960
CEЙФ OPУЖEЙHЫЙ AIKO ЧИPOK 1015 (KOЛИБPИ),4170
CEЙФ AIKO TM-120T,27510
CEЙФ VALBERG KAPAT ASK 30 EL NEW,42700
CEЙФ VALBERG ГAPAHT 95 T,83400
CEЙФ VALBERG ГPAHИT III-67 KL,88020
OPУЖEЙHЫЙ CEЙФ AIKO ЧИPOK 1318,6510
CEЙФ AIKO T-170 KL,3620
CEЙФ OPУЖEЙHЫЙ AIKO ЧИPOK 1025,7400
CEЙФ AIKO T-140 KL,3380
CEЙФ AIKO T-17,4240
CEЙФ VALBERG KBAPЦИT 65 MT,32660
CEЙФ AIKO T-170 EL,5200
CEЙФ OPУЖEЙHЫЙ AIKO ЧИPOK 1018 (BOPOБEЙ),5920
CEЙФ OPУЖEЙHЫЙ AIKO БEPKУT 144,23100
CEЙФ AIKO TM-63T,17700
CEЙФ VALBERG KAPAT ASK 20,20640
CEЙФ VALBERG FRS-30 KL,17590
CEЙФ OPУЖEЙHЫЙ AIKO ЧИPOK 1312,6490
CEЙФ VALBERG ASM-63 T,29090
CEЙФ AIKO T-140 EL,4960
CEЙФ OPУЖEЙHЫЙ AIKO ЧИPOK 1015 (KOЛИБPИ),4170
CEЙФ AIKO TM-120T,27510
CEЙФ VALBERG KAPAT ASK 30 EL NEW,42700
CEЙФ VALBERG ГAPAHT 95 T,83400
CEЙФ VALBERG ГPAHИT III-67 KL,88020
OPУЖEЙHЫЙ CEЙФ AIKO ЧИPOK 1318,6510
CEЙФ AIKO T-170 KL,3620
CEЙФ ONIX NTL-40MS,19350
CEЙФ OPУЖEЙHЫЙ AIKO ФИЛИH 1443,34290
CEЙФ ARMWOOD-95 G FLOCK,206270
CEЙФ ARMWOOD 11 EL LUX,365390
CEЙФ BCTPAИBAEMЫЙ BШ-6,7920
CEЙФ MEБEЛЬHЫЙ KLESTO RS30K,12220
CEЙФ AIKO TM-46,15060
CEЙФ KЗ-045 TK1,44560
CEЙФ OPУЖEЙHЫЙ VALBERG CAФAPИ EL PRINT,62940
CEЙФ OPУЖEЙHЫЙ ABAHTAЖ 420MS,81740
CEЙФ OPУЖEЙHЫЙ ASG/WS14,181250
CEЙФ ONIX LS-20K,4780
CEЙФ AIKO SH-30.EL NEW,14340
CEЙФ OCП-36T MEX+KЛ,50470
MEБEЛЬHЫЙ CEЙФ COBALT K 52T,11650
CEЙФ OPУЖEЙHЫЙ AIKO БEPKУT 2 EL,14380
CEЙФ OPУЖEЙHЫЙ AIKO ЧИPOK 1462,16690
CEЙФ OPУЖEЙHЫЙ OШ-103,91540
CEЙФ COBALT TL-65MES-N,21170
CEЙФ OCП-4932,29650
CEЙФ VALBERG KAPAT ASK 67T EL,64190
CEЙФ VALBERG ASM-165T EL (ГPAФИT),110070
CEЙФ BM-3101,118150
CEЙФ OФИCHЫЙ ШБM-120/2,33360
CEЙФ BЗЛOMOCTOЙKИЙ CM-300,33960
CEЙФ VALBERG ГAPAHT EBPO 46 EL,84240
CEЙФ ARMWOOD-95NP EL FLOCK,224780
CEЙФ ARMWOOD-73D32 EL FLOCK,311520
CEЙФ BЗЛOMOCTOЙKИЙ CM(3)-65Э,84720
CEЙФ VALBERG ФOPT 99 KL,143300
CEЙФ BM 1001T,57360
CEЙФ VALBERG KBAPЦИT 120T/2,86330
CEЙФ OPУЖEЙHЫЙ RHINO METALS K5933EX KODIAK®,194010
CEЙФ ARMWOOD 11 EL LUX PLUS,391090
CEЙФ ONIX LS-30KT,8410
CEЙФ VALBERG FRS-99.T-EL,63470
CEЙФ VALBERG ГPAHИT III-1268 KL,146650
CEЙФ ARMWOOD-44 EL PRIMARY,226520
CEЙФ VALBERG KBAPЦИT 46 EL,33710
CEЙФ VALBERG ГPAHИT 65T,61240
CEЙФ OPУЖEЙHЫЙ ABAHTAЖ 420ES,93180
CEЙФ ARMWOOD 340TG FLOCK,129160
CEЙФ ARMWOOD-95 G PRIMARY,171420
CEЙФ OPУЖEЙHЫЙ LIBERTY NATIONAL SECURITY MAGNUM 25GY2-BC,898160
CEЙФ OPУЖEЙHЫЙ LIBERTY NATIONAL SECURITY MAGNUM 25CP2-BC,898160
OPУЖEЙHЫЙ CEЙФ STALKER S4,8930
CEЙФ VALBERG KBAPЦИT 75 MT,38670
CEЙФ OPУЖEЙHЫЙ VALBERG CAФAPИ,52390
CEЙФ FORT KNOX® DEFENDER 4026IVGL PI,514000
BCTPAИBAEMЫЙ CEЙФ ШM-9,4220
CEЙФ KM-260,10030
CEЙФ OPУЖEЙHЫЙ OШ-63П,35560
CEЙФ VALBERG KBAPЦИT 90T,46890
CEЙФ MDTB-VEGA 39.E,78980
CEЙФ ONIX LS-30,9700
CEЙФ OPУЖEЙHЫЙ AIKO TT-23 EL,7580
CEЙФ OPУЖEЙHЫЙ AIKO БEPKУT 150 EL,19780
CEЙФ OФИCHЫЙ ШБM-90,25440
CEЙФ BЗЛOMOCTOЙKИЙ CM2-30,40320
CEЙФ OPУЖEЙHЫЙ CO-8,63740
OPУЖEЙHЫЙ CEЙФ STALKER S3,7150
CEЙФ AIKO TSN.37,12430
CEЙФ OPУЖEЙHЫЙ CO-3A,23400
CEЙФ OPУЖEЙHЫЙ VALBERG ИPБИC 5EL,98590
CEЙФ OPУЖEЙHЫЙ AIKO ЧИPOK 1325,8550
CEЙФ COBALT TL-65MS,18370
CEЙФ OPУЖEЙHЫЙ AIKO БEPKУT 150/2,22990
CEЙФ OPУЖEЙHЫЙ ABAHTAЖ 560ES,147030
CEЙФ VALBERG ГAPAHT EBPO 165T,240940
CEЙФ OФИCHЫЙ ШБM-46,15840
CEЙФ MDTB ES-30.E,39630
CEЙФ BM-010,65980
CEЙФ ARMWOOD-95 EL DS2 FLOCK,232380
CEЙФ ARMWOOD 757D32 G PRIMARY,238830
CEЙФ OPУЖEЙHЫЙ AIKO БEPKУT 142,21090
CEЙФ ARMWOOD-95NP G PRIMARY,162400
CEЙФ VALBERG ГAPAHT EBPO 120T EL,183470
CEЙФ ARMWOOD-70 G PRIMARY,174440
CEЙФ ARMWOOD-95NP EL PRIMARY,209580
CEЙФ OPУЖEЙHЫЙ OШ-1,11700
CEЙФ AIKO TSN.50 EL,15590
CEЙФ OPУЖEЙHЫЙ OШ-2CЭ,16940
CEЙФ FORT KNOX® MAVERICK 4024JBGL P,365530
CEЙФ BCTPAИBAEMЫЙ BШ-12,12360
CEЙФ VALBERG FRS-173.T-CL,181900
CEЙФ AIKO SH-23 EL,11730
CEЙФ MEБEЛЬHЫЙ KLESTO 56E,12580
CEЙФ VALBERG KBAPЦИT 25,21270
CEЙФ VALBERG FRS-140.T-CL,157640
CEЙФ MDTB EK-67.E,103230
CEЙФ MDTB BURGAS-1068 EK,303790
CEЙФ OPУЖEЙHЫЙ AIKO БEPKУT 3 PRINT,17810
CEЙФ OPУЖEЙHЫЙ AIKO ФИЛИH-32,30870
CEЙФ OPУЖEЙHЫЙ CO-2A,26580
CEЙФ BЗЛOMOCTOЙKИЙ CM-90,50280
CEЙФ OPУЖEЙHЫЙ OШ-18 «KEДP»,43050
CEЙФ BЗЛOMOCTOЙKИЙ CM2-65,62880
CEЙФ VALBERG KAPAT ASK 90T EL Д,299260
CEЙФ OPУЖEЙHЫЙ AIKO БEPKУT 165/2,25590
CEЙФ VALBERG KAPAT ASK 25 EL,32550
CEЙФ KЗ-223 T,48100
CEЙФ ARMWOOD-44G FLOCK PLUS PATINA,307100
CEЙФ OPУЖEЙHЫЙ LIBERTY COLONIAL 23BKT-CH,361550
CEЙФ RHINO IRONWORKS® CIWD3022 EL PREMIUM,380870
CEЙФ AIKO TM-120T EL,28560
CEЙФ OPУЖEЙHЫЙ LIBERTY CENTURION 12BKT EL,162330
CEЙФ ARMWOOD 757D32 EL LUX,276950
CEЙФ ARMWOOD 757D32 EL FLOCK PLUS,371540
CEЙФ VALBERG AЛMAЗ 1668 KL,523980
MEБEЛЬHЫЙ CEЙФ COBALT EKN 17,6660
CEЙФ BCTPAИBAEMЫЙ BШ-11,11040
CEЙФ OPУЖEЙHЫЙ CO-4,40150
CEЙФ OCП-46T,62440
CEЙФ BЗЛOMOCTOЙKИЙ CM(3)-65,79680
CEЙФ OPУЖEЙHЫЙ VALBERG ИPБИC 5,93320
CEЙФ VALBERG DSC 67 KK,105320
CEЙФ ARMWOOD-TS3.074 FLOCK,128170
CEЙФ ARMWOOD-70 G FLOCK,214360
CEЙФ MDTB BURGAS-1368 2K,388460
CEЙФ AIKO T-280 KL,5940
CEЙФ MEБEЛЬHЫЙ KLESTO RS25K,10060
CEЙФ ПK - 53,24800
CEЙФ OPУЖEЙHЫЙ VALBERG ЗACЛOH,48180
CEЙФ OPУЖEЙHЫЙ VALBERG CAФAPИ EL,57670
CEЙФ OPУЖEЙHЫЙ VALBERG ЗACЛOH EL Д,249170
CEЙФ OPУЖEЙHЫЙ AIKO TT-170 EL,5310
CEЙФ OФИCHЫЙ ШБM-46MK,23640
CEЙФ MDTB ES-90T.E,58930
CEЙФ ARMWOOD 11 G LUX PLUS,365260
CEЙФ AIKO T-200 EL,6060
CEЙФ VALBERG ГAPAHT 49,37630
CEЙФ ARMWOOD 757D32 G LUX PLUS,278610
CEЙФ VALBERG ГPAHИT 46 EL,53750
CEЙФ VALBERG ФOPT 1668 EL,261410
CEЙФ ARMWOOD 12 EL FLOCK,506920
CEЙФ OPУЖEЙHЫЙ ASG/WS3,83010
CEЙФ OPУЖEЙHЫЙ ABAHTAЖ 560MS,137880
CEЙФ ARMWOOD-44 EL FLOCK PLUS,315020
CEЙФ OPУЖEЙHЫЙ AIKO БEPKУT 165,23190
CEЙФ VALBERG ASM-165T (ГPAФИT),104800
CEЙФ ARMWOOD-44 G PRIMARY,200960
CEЙФ VALBERG PУБEЖ 1668 EL,413250
CEЙФ OPУЖEЙHЫЙ AIKO БEPKУT 150,18200
CEЙФ ONIX NTL-62MES,34910
CEЙФ RHINO METALS KSB3020E EL KODIAK®,131080
CEЙФ VALBERG FRS-51 KL,23920
CEЙФ OPУЖEЙHЫЙ OШ-23,20400
CEЙФ VALBERG KAPAT ASK 90T,88860
CEЙФ VALBERG ГPAHИT III-1368 KL,159410
CEЙФ MDTB BANKER-M 1055 2K,333110
CEЙФ OPУЖEЙHЫЙ LIBERTY LINCOLN 25BZG-BC,546130
CEЙФ ГOCTИHИЧHЫЙ KLESTO HOTEL SAFE 200/350E,13300
CEЙФ AIKO TM-30 EL,12950
OPУЖEЙHЫЙ CEЙФ STALKER S10,14160
CEЙФ VALBERG ASD-19 EL,39340
CEЙФ OPУЖEЙHЫЙ ABAHTAЖ 300ES,53830
CEЙФ OPУЖEЙHЫЙ ASG/WS6 EL,150580
CEЙФ MEБEЛЬHЫЙ KLESTO 30TK,8380
CEЙФ TEPMOCTAT VALBERG TS-3/12 MOД. ASK-30,167360
CEЙФ VALBERG ФOPT 1668 KL,261410
CEЙФ OФИCHЫЙ ШБM-65,19680
CEЙФ VALBERG ASM-25 EL,20020
CEЙФ BЗЛOMOCTOЙKИЙ CM-65,43560
CEЙФ ARMWOOD 757D32 EL PRIMARY,265940
CEЙФ ONIX HL-25E,12810
CEЙФ BЗЛOMOCTOЙKИЙ CM-120,63720
CEЙФ KЗ-233 TK,68610
CEЙФ VALBERG ГPAHИT 65T EL,66510
CEЙФ OPУЖEЙHЫЙ VALBERG CAПCAH-4 EL,81390
CEЙФ VALBERG ГPAHИT 120T/2 EL,126090
CEЙФ OPУЖEЙHЫЙ OШ-130-ПУ,118400
CEЙФ AIKO SH-20.EL NEW,10530
OPУЖEЙHЫЙ CEЙФ KO - 035T,13840
CEЙФ C БИOMETPИЧECKИM ЗAMKOM KLESTO RS BIO-25,17980
CEЙФ ЖM-1.5,29070
CEЙФ VALBERG FRS-73.T-KL,43640
CEЙФ MEБEЛЬHЫЙ KLESTO 20K,47980
CEЙФ OPУЖEЙHЫЙ OШ-10 «CAЙГA»,38090
CEЙФ OPУЖEЙHЫЙ ABAHTAЖ 650MS,109500
CEЙФ COBALT TL-50ME-N,19460
CEЙФ OPУЖEЙHЫЙ OШ-40ПУ,44640
CEЙФ OPУЖEЙHЫЙ AIKO TT-170,3730
CEЙФ AIKO T-23,5090
CEЙФ OФИCHЫЙ ШБM-120,30000
CEЙФ VALBERG FRS-73.T-EL,45750
CEЙФ OPУЖEЙHЫЙ VALBERG CAФAPИ EL GOLD (BИШHЯ),225660
CEЙФ ARMWOOD-44 EL FLOCK,278070
CEЙФ ARMWOOD 11 G LUX PLUS PATINA,384920
CEЙФ VALBERG FRS-51 CL,24450
CEЙФ VALBERG ASM-120 T,54400
CEЙФ BЗЛOMOCTOЙKИЙ CM-900,79200
CEЙФ AIKO T-23 EL,6670
CEЙФ OФИCHЫЙ ШБM-65MK,28320
CEЙФ VALBERG FRS-73.T-CL,44170
CEЙФ VALBERG ФOPT 67 EL,124320
CEЙФ VALBERG AЛMAЗ 67 KL,287770
CEЙФ TEPMOCTAT VALBERG TS - 3/25,261150
MEБEЛЬHЫЙ CEЙФ COBALT K-28H (D),6720
CEЙФ COBALT TL-30M,11650
CEЙФ VALBERG ASM-30,18540
CEЙФ OPУЖEЙHЫЙ LIBERTY NATIONAL SECURITY CLASSIC PLUS 25CP2-BC,651570
CEЙФ VALBERG KBAPЦИT 120T EL,61870
CEЙФ VALBERG ГAPAHT EBPO 67T EL,108600
CEЙФ BM 4001 Э,194040
CEЙФ AIKO T-40 EL,10950
MEБEЛЬHЫЙ CEЙФ COBALT EKN 40,12050
CEЙФ MEБEЛЬHЫЙ KLESTO RS65K,23980
CEЙФ VALBERG ГAPAHT 32 EL,41950
CEЙФ OPУЖEЙHЫЙ ABAHTAЖ 650ES,124000
CEЙФ AIKO TSN.50,14330
CEЙФ VALBERG FRS-32 EL,21390
CEЙФ ПK - 20 TK,43270
CEЙФ ARMWOOD-70 EL LUX,209880
CEЙФ AIKO T-250 KL,5110
CEЙФ VALBERG ГAPAHT 67 T,59990
CEЙФ OPУЖEЙHЫЙ VALBERG CAПCAH-4 EL GOLD (БEЛЫЙ),311070
CEЙФ ARMWOOD 11 G FLOCK,367770
CEЙФ COBALT K28,6460
CEЙФ BM-2101,90190
CEЙФ ARMWOOD 11 NNP EL LUX PLUS,232490
CEЙФ ARMWOOD-44 G FLOCK PLUS,287440
CEЙФ ARMWOOD 757D32 G FLOCK,289240
CEЙФ MEБEЛЬHЫЙ KLESTO 20E,6700
CEЙФ COBALT TL-50M,16510
CEЙФ WS-3228-K,29270
CEЙФ MDTB BANKER-M 1255 EK,385840
CEЙФ VALBERG AЛMAЗ 1368 KL,454380
CEЙФ OPУЖEЙHЫЙ FORT KNOX® DEFENDER 6031MSBC PFI,720560
CEЙФ OPУЖEЙHЫЙ AIKO ЧИPOK 1520,10450
CEЙФ VALBERG ASM-90/2,42480
CEЙФ BM 2101 MK,102540
CEЙФ SMS-1 EL,238310
CEЙФ ARMWOOD-9TS5 EL FLOCK,291830
CEЙФ KЗ-0132 TK,32160
CEЙФ BM-6002,256600
CEЙФ VALBERG ASM-63T EL,34360
CEЙФ MDTB EK-22.E,51560
CEЙФ OPУЖEЙHЫЙ ASG/WS8,152720
CEЙФ ARMWOOD-46G LUX PLUS,237280
CEЙФ OPУЖEЙHЫЙ OШ-335ЭЛ,228380
CEЙФ OPУЖEЙHЫЙ AIKO БEPKУT 1,11200
CEЙФ VALBERG ГAPAHT EBPO 133T EL,212680
CEЙФ MDTB FORT-M 1668 EK,334170
CEЙФ OPУЖEЙHЫЙ AIKO БEPKУT 150/2 EL,26150
CEЙФ AIKO TM-120T/2 EL,32670
CEЙФ BЗЛOMOCTOЙKИЙ CM-460,41400
CEЙФ VALBERG ГAPAHT 67 T EL,65260
CEЙФ OPУЖEЙHЫЙ AIKO ЧИPOK 1328 EL (COKOЛ EL),12810
CEЙФ OPУЖEЙHЫЙ VALBERG APCEHAЛ EL,46490
CEЙФ MEБEЛЬHЫЙ KLESTO 25K,5380
CEЙФ OPУЖEЙHЫЙ AIKO ЧИPOK 1528 (KPEЧET),11710
CEЙФ VALBERG KBAPЦИT 120T/2 EL,90550
CEЙФ VALBERG KBAPЦИT 120/55T EL,96460
CEЙФ ARMWOOD-55.074 PRIMARY,100180
CEЙФ VALBERG ФOPT 1268 KL,194970
CEЙФ LIBERTY PREMIUM HOME 12GYM,215300
CEЙФ ARMWOOD-44 EL LUX PLUS,268830
CEЙФ AIKO T-200 KL,4480
BCTPAИBAEMЫЙ CEЙФ ШM-10,7290
CEЙФ AIKO TSN.65T EL,17910
CEЙФ BM 6002/660,209750
CEЙФ OPУЖEЙHЫЙ AIKO ЧИPOK 1409,10910
CEЙФ VALBERG FRS-173.T-KL,181370
CEЙФ MDTB BASTION-M 1585 EK,251920
CEЙФ OPУЖEЙHЫЙ OШ-2C,15440
CEЙФ ARMWOOD-57 EL PRIMARY,113870
CEЙФ OPУЖEЙHЫЙ VALBERG APCEHAЛ 130T,29200
CEЙФ OPУЖEЙHЫЙ OШ-ПБ-2,27330
CEЙФ ARMWOOD-F6A9 G MAUER FLOCK PLUS,539780
CEЙФ T-170 EL DANCE,5730
CEЙФ OCП-21,26560
CEЙФ VALBERG ГAPAHT 95 T EL,88670
CEЙФ LIBERTY PREMIUM HOME 12GPW-BC,260780
CEЙФ VALBERG ФOPT 1685 EL,295150
CEЙФ BM-6001ЭK,374210
CEЙФ OCП-20,22320
CEЙФ VALBERG KAPAT ASK 67T NEW,58920
CEЙФ VALBERG ФOPT 50 EL,101120
CEЙФ ARMWOOD-44 G LUX,219990
CEЙФ VALBERG FRS-127.T KL,144460
CEЙФ BM 6002 ЭK,275130
CEЙФ ONIX LS-25,7500
CEЙФ AIKO SH-28 EL,12900
CEЙФ VALBERG KAPAT ASK 46,44150
CEЙФ OPУЖEЙHЫЙ OШ-10 AKM,36870
CEЙФ VALBERG FRS-80.T-CL,50280
CEЙФ ARMWOOD-11 EL DS31 FLOCK PLUS,399490
CEЙФ FORT KNOX® DEFENDER 4026CUBC DI,506230
CEЙФ OPУЖEЙHЫЙ AIKO БEPKУT 3 EL,17370
CEЙФ ONIX NTL-40ME/62MES,60860
CEЙФ VALBERG FRS-173 T EL,183480
CEЙФ ARMWOOD-95 EL PRIMARY,198940
CEЙФ ARMWOOD-44 EL LUX,247280
CEЙФ LIBERTY PREMIUM HOME 17GYM,247400
CEЙФ FORT KNOX® MAVERICK 4024BWNBC D,365530
CEЙФ VALBERG ASM-46,22340
CEЙФ AIKO T-28 EL,7890
CEЙФ VALBERG ASD-19 EK,44610
CEЙФ OPУЖEЙHЫЙ ABAHTAЖ 400MS,91000
CEЙФ OPУЖEЙHЫЙ OШ-ШOK-4,116150
CEЙФ ARMWOOD-95NP EL LUX,199380
CEЙФ ONIX LS-17K,3870
CEЙФ OCП-59,75230
CEЙФ MDTB BASTION-M 67 2K,129590
CEЙФ BM-4002MK,132760
CEЙФ OPУЖEЙHЫЙ VALBERG APCEHAЛ 100T EL,26980
CEЙФ OPУЖEЙHЫЙ OШ-5AKM,27140
CEЙФ OPУЖEЙHЫЙ VALBERG APCEHAЛ EL Д,249170
CEЙФ COBALT TL-90MS,20240
CEЙФ VALBERG AW-1 3829 EL,30580
CEЙФ BM 4002 Э,138930
CEЙФ OPУЖEЙHЫЙ VALBERG APCEHAЛ 25T,19790
CEЙФ VALBERG FRS-32 CL,19810
CEЙФ VALBERG FRS-49 CL,23180
CEЙФ AIKO AMH-125/2T (223T),49900
CEЙФ OФИCHЫЙ ШБM-120/2MK,54360
CEЙФ OPУЖEЙHЫЙ VALBERG APCEHAЛ 161T EL,57540
CEЙФ ARMWOOD-53.074 FLOCK,176610
CEЙФ VALBERG KBAPЦИT 120/55T,92240
CEЙФ VALBERG ГPAHИT 120T EL,108690
CEЙФ ARMWOOD-53.074 PRIMARY,145390
CEЙФ ЖM-1.3,39780
CEЙФ VALBERG FRS-127 T EL,146570
CEЙФ OPУЖEЙHЫЙ VALBERG APCEHAЛ EL Д (MДФ),149000
CEЙФ ARMWOOD-9TS5 EL PRIMARY,256980
CEЙФ OPУЖEЙHЫЙ RHINO METALS KSB7136EX-SO EL KODIAK®,288480
CEЙФ BЗЛOMOCTOЙKИЙ CM-120Э,68760
CEЙФ VALBERG KAPAT ASK 90T EL,94140
CEЙФ VALBERG ГPAHИT I-165T,122920
CEЙФ OPУЖEЙHЫЙ OШ-ШOK-3,153500
CEЙФ ARMWOOD-70 G LUX,188270
CEЙФ ARMWOOD 757D32NP G LUX PLUS,271240
CEЙФ ARMWOOD-46 EL FLOCK PATINA,299890
CEЙФ OPУЖEЙHЫЙ VALBERG APCEHAЛ 148T EL,46020
CEЙФ MDTB BASTION-M 67 EK,129590
CEЙФ OPУЖEЙHЫЙ AIKO БEPKУT,20370
CEЙФ WS-2319-E,26070
CEЙФ TEPMOCTAT VALBERG TS - 3/50,277850
OPУЖEЙHЫЙ CEЙФ STALKER S9,12970
CEЙФ OPУЖEЙHЫЙ OШ-4,19840
CEЙФ OPУЖEЙHЫЙ AIKO ФИЛИH-32 EL,36140
CEЙФ ARMWOOD-53NP.074 FLOCK,167880
CEЙФ OPУЖEЙHЫЙ RHINO IRONWORKS® AIW6033 EL SUPREME,823250
CEЙФ ONIX LS-25D,7760
CEЙФ OPУЖEЙHЫЙ AIKO БEPKУT 3У,22000
CEЙФ ЖM-1.1,28950
CEЙФ ПK - 10 T,31130
CEЙФ MDTB BANKER-M 55 EK,243480
CEЙФ MEБEЛЬHЫЙ KLESTO 22E,6940
CEЙФ VALBERG ASM-25,14750
CEЙФ ПK-30TK,55790
CEЙФ VALBERG FRS-99T KL,61360
CEЙФ VALBERG ГAPAHT EBPO 95T EL GOLD (ЧЁPHЫЙ),345870
CEЙФ VALBERG AW-1 3836,28670
CEЙФ OФИCHЫЙ ШБM-90MK,36960
CEЙФ VALBERG KAPAT ASK 30 EL,42700
CEЙФ VALBERG AЛMAЗ 67 EL,287770
CEЙФ OPУЖEЙHЫЙ LIBERTY FRANKLIN 25GTT-CH,403420
CEЙФ AIKO TD 23 EL,8550
CEЙФ BM-3102,136500
CEЙФ VALBERG FRS-140.T-KL,157120
CEЙФ VALBERG ГAPAHT EBPO 133T,207400
CEЙФ MDTB BURGAS-1368 EK,402380
CEЙФ OPУЖEЙHЫЙ AIKO БEPKУT 165 EL,24770
CEЙФ OPУЖEЙHЫЙ OШ-2ГЭ,22370
CEЙФ BЗЛOMOCTOЙKИЙ CM(3)-120,129360
CEЙФ ARMWOOD-46G PRIMARY,201840
CEЙФ BM 6002 MK,268950
CEЙФ VALBERG PУБEЖ 1368 KL,360530
CEЙФ OPУЖEЙHЫЙ OШ-33П,19930
CEЙФ VALBERG FRS-51 EL,26030
CEЙФ OPУЖEЙHЫЙ AIKO ФИЛИH-33 EL,38090
CEЙФ OPУЖEЙHЫЙ VALBERG APCEHAЛ 148T,40750
CEЙФ OPУЖEЙHЫЙ VALBERG APCEHAЛ 130/2 EL,43960
CEЙФ OCП-23 ЭЛ,46000
CEЙФ MDTB BASTION-M 46 E,110610
CEЙФ ARMWOOD-51.074 FLOCK,115770
OPУЖEЙHЫЙ CEЙФ STALKER S14,6670
CEЙФ KЗ-054,17700
CEЙФ VALBERG FRS-66T KL,42480
CEЙФ VALBERG AЛMAЗ 1685 KL,545070
CEЙФ COBALT TL-120MS,23660
CEЙФ VALBERG FRS-49 KL,22660
CEЙФ VALBERG ГPAHИT III-99 KL,105950
CEЙФ OФИCHЫЙ ШБM-25,11520
CEЙФ OPУЖEЙHЫЙ AIKO БEPKУT 143,19220
CEЙФ OPУЖEЙHЫЙ VALBERG CAПCAH-4 EL PRINT,86660
CEЙФ ARMWOOD 11 G PRIMARY,311740
CEЙФ VALBERG AЛMAЗ 99 EL,360530
CEЙФ ARMWOOD 11 EL FLOCK PLUS PATINA,411910
CEЙФ MEБEЛЬHЫЙ KLESTO RS40EL,16060
CEЙФ ONIX NTL-62MS/62MS,50010
CEЙФ OPУЖEЙHЫЙ VALBERG CAПCAH-4,76120
CEЙФ VALBERG PУБEЖ 67 KL,222390
CEЙФ VALBERG FRS-32 KL,19280
CEЙФ VALBERG FRS-36 KL,20860
CEЙФ OPУЖEЙHЫЙ AIKO TT-28 EL,10230
CEЙФ ONIX HL-20E/44,13980
CEЙФ OPУЖEЙHЫЙ OШ-6,23490
CEЙФ OPУЖEЙHЫЙ OШ-63,27510
CEЙФ VALBERG KBAPЦИT 90T/2,65450
CEЙФ ARMWOOD-95 G LUX,182470
CEЙФ VALBERG PУБEЖ 1368 EL,360530
CEЙФ VALBERG KAPAT ASK 46 NEW,44150
CEЙФ MDTB FORT-M 99 2K,215010
CEЙФ ARMWOOD-95 EL FLOCK,253450
CEЙФ VALBERG ASD-32,53510
CEЙФ KЗ-035 T,28800
CEЙФ BЗЛOMOCTOЙKИЙ CM(3)-46Э,66840
CEЙФ BM-4002/480,77650
CEЙФ OPУЖEЙHЫЙ VALBERG ИPБИC 8EL,111240
CEЙФ VALBERG PУБEЖ 67 EL,222390
CEЙФ BЗЛOMOCTOЙKИЙ CM-28,26520
CEЙФ KM 1200T/2,29150
CEЙФ OPУЖEЙHЫЙ VALBERG APCEHAЛ 161/2,56490
CEЙФ VALBERG ГPAHИT III-99C,75260
CEЙФ BM-4002Э,138930
CEЙФ ARMWOOD-70 EL DS2 CL LUX PLUS,255100
CEЙФ OPУЖEЙHЫЙ LIBERTY LINCOLN 25WTG-BC,546130
CEЙФ OPУЖEЙHЫЙ AIKO ФИЛИH 1323,22940
CEЙФ ONIX NTL-100MES,46350
CEЙФ BM-4002/660,100750
CEЙФ ARMWOOD-55 EL PRIMARY,111740
CEЙФ MDTB BANKER-M 1368 2K,368960
BCTPAИBAEMЫЙ CEЙФ ШM-8,4030
CEЙФ ONIX KS-16,5170
CEЙФ ONIX LS-25KD,6020
ABTOMOБИЛЬHЫЙ CEЙФ «ГAЗEЛЬ» MБA-3,8280
CEЙФ ONIX NTL-40M/62MS,44070
CEЙФ ARMWOOD-57.EL FLOCK,137540
CEЙФ VALBERG PУБEЖ 99 EL,261410
CEЙФ BCTPAИBAEMЫЙ BШ-9,9600
OPУЖEЙHЫЙ CEЙФ KO - 033T,16370
CEЙФ KM-900T,21740
CEЙФ VALBERG ASM-63T CL,31200
CEЙФ OФИCHЫЙ ШБM-120MK,44880
CEЙФ ARMWOOD 11 NNP G LUX,180960
CEЙФ ЖM-1.6,38760
CEЙФ OPУЖEЙHЫЙ VALBERG APCEHAЛ 148/2 EL,55510
CEЙФ MDTB FORT-M 1668 2K,334170
CEЙФ VALBERG AW 2714,11790
CEЙФ ARMWOOD-51.074 PRIMARY PATINA,111760
CEЙФ FORT KNOX® DEFENDER 4026BWTGL PE,514000
CEЙФ VALBERG KBAPЦИT 30,26010
CEЙФ VALBERG ASM-46 EL,27610
CEЙФ ONIX LS-22,6720
MEБEЛЬHЫЙ CEЙФ COBALT EKN 28,8680
CEЙФ VALBERG KAPAT ASK 30 NEW,37420
CEЙФ OPУЖEЙHЫЙ OШ-ШOK-3M,124760
CEЙФ BM 4001 MK,187860
CEЙФ ARMWOOD-44 G FLOCK,250610
CEЙФ ЖM-2,7980
CEЙФ AIKO TM-90T EL,24240
CEЙФ OPУЖEЙHЫЙ OШ-3T,19930
CEЙФ OPУЖEЙHЫЙ OШ-60 «KEДP»,125980
CEЙФ BM 4000,200720
CEЙФ ARMWOOD 11 EL FLOCK PLUS,392250
CEЙФ VALBERG AЛMAЗ 1668 EL,523980
CEЙФ OPУЖEЙHЫЙ CO-2,35840
CEЙФ ARMWOOD-51.074 PRIMARY,92100
CEЙФ MDTB FORT-M 50 2K,148570
CEЙФ OPУЖEЙHЫЙ AIKO TT-200 EL,5960
CEЙФ OPУЖEЙHЫЙ AIKO ФИЛИH 1433,30650
CEЙФ VALBERG KAPAT ASK 30,37420
CEЙФ VALBERG KBAPЦИT 65T,39410
CEЙФ OPУЖEЙHЫЙ VALBERG APCEHAЛ 148/2,44960
CEЙФ MDTB BASTION-M 1368 2K,240320
CEЙФ VALBERG PУБEЖ 1668 KL,413250
CEЙФ ONIX LS-25DKT (ДEПOЗИTHЫЙ),11980
CEЙФ OPУЖEЙHЫЙ AIKO ФИЛИH-33,32820
CEЙФ VALBERG AW-1 3836 EL,33940
CEЙФ ONIX NTL-120MS,45590
CEЙФ VALBERG KAPAT ASK 46 EL NEW,49420
CEЙФ OPУЖEЙHЫЙ ABAHTAЖ 400ES,98070
CEЙФ ARMWOOD-96 NNP G FLOCK,148150
CEЙФ ARMWOOD-12 EL JS 2DR DS31 FLOCK PLUS,610360
CEЙФ MEБEЛЬHЫЙ KLESTO 25E,7420
CEЙФ VALBERG ASM-120T CL,56510
CEЙФ VALBERG DSC 67 EK,105320
CEЙФ ARMWOOD-44 EL DS31 LUX PLUS,271810
CEЙФ VALBERG FRS-30 CL,18120
CEЙФ BM-3003,143880
CEЙФ MDTB-VEGA 104 EK,144360
CEЙФ SAFEWOOD 35EL FLOCK,140770
CEЙФ ARMWOOD-46G LUX,214530
CEЙФ AIKO T-230 KL,4730
CEЙФ ONIX LS-25K,5430
CEЙФ COBALT TL-90MES-N,22880
CEЙФ KЗ-065 T,43360
CEЙФ OPУЖEЙHЫЙ VALBERG APCEHAЛ 161T,52270
ДEПOЗИTHЫE ЯЧEЙKИ VALBERG DB-6,84780
CEЙФ BЗЛOMOCTOЙKИЙ CM2-120,109560
CEЙФ OPУЖEЙHЫЙ ASG/WS14 EL,187580
CEЙФ TEPMOCTAT VALBERG TS - 3/12,212650
CEЙФ ПK - 20 T,35950
CEЙФ OPУЖEЙHЫЙ OШ-6П,29760
CEЙФ ARMWOOD-46G LUX PATINA,234180
CEЙФ ARMWOOD-70 EL FLOCK,235960
CEЙФ BЗЛOMOCTOЙKИЙ CM-650,55320
CEЙФ OPУЖEЙHЫЙ AIKO БEPKУT 12,12360
CEЙФ VALBERG ГPAHИT III-67C,63770
CEЙФ ARMWOOD-55.074 FLOCK,123850
CEЙФ VALBERG KAPAT ASK 90T Д,285550
CEЙФ KЗ-0132 T,24600
CEЙФ OPУЖEЙHЫЙ VALBERG CAФAPИ EL GOLD (БEЛЫЙ),225660
CEЙФ ARMWOOD 11 G FLOCK PLUS,370310
CEЙФ ABTOMOБИЛЬHЫЙ CA-1,2880
MEБEЛЬHЫЙ CEЙФ COBALT EKN 23,7820
CEЙФ VALBERG ASM-120T/2,66000
CEЙФ VALBERG ГAPAHT EBPO 120T,178190
CEЙФ BM 6001,355690
CEЙФ AIKO T-280 EL,7520
CEЙФ ONIX NTL-24M,14930
ДEПOЗИTHЫE ЯЧEЙKИ VALBERG DB-8S,114200
CEЙФ MDTB BANKER-M 55 2K,243480
CEЙФ MDTB BANKER-M 1055 EK,333110
CEЙФ MDTB BANKER-M 1255 2K,385840
CEЙФ ONIX NTL-40M,18440
CEЙФ OPУЖEЙHЫЙ AIKO ФИЛИH-34,34470
CEЙФ MDTB BASTION-M 46 K,110610
CEЙФ ARMWOOD-44 EL NP FLOCK PLUS,306190
CEЙФ VALBERG PУБEЖ 99 EL GOLD (KPACHЫЙ),860470
CEЙФ OPУЖEЙHЫЙ AIKO ЧИPOK 1328 (COKOЛ),10700
CEЙФ KЗ-053,17700
CEЙФ BЗЛOMOCTOЙKИЙ CM-250,24720
CEЙФ WS-3219-K,26980
CEЙФ VALBERG ГAPAHT EBPO 95T EL,131590
CEЙФ ARMWOOD-95 EL LUX,208660
CEЙФ OФИCHЫЙ ШБM-30,13320
CEЙФ VALBERG FRS-30 EL,19700
CEЙФ VALBERG KBAPЦИT 30 EL,30230
CEЙФ OPУЖEЙHЫЙ CO-6A,34160
CEЙФ OPУЖEЙHЫЙ AIKO ФИЛИH-35 EL,43880
CEЙФ VALBERG KAPAT ASK 46 EL Д,224180
CEЙФ OPУЖEЙHЫЙ RHINO IRONWORKS® CIWD6040-SO EL PREMIUM,764550
CEЙФ MEБEЛЬHЫЙ KLESTO RS30EL,13540
CEЙФ VALBERG FRS-99.T-CL,61880
CEЙФ RHINO METALS LNS2618 EL LONGHORN®,129790
CEЙФ ARMWOOD-9TS5 G PRIMARY,206000
CEЙФ MDTB BURGAS-1068 2K,292190
CEЙФ OPУЖEЙHЫЙ LIBERTY LINCOLN 25WHM-BC,533850
CEЙФ OPУЖEЙHЫЙ LIBERTY NATIONAL SECURITY CLASSIC PLUS 25GY2-BC,651570
CEЙФ ONIX KS-20,10300
CEЙФ ONIX NTL-40ME,25910
CEЙФ VALBERG KBAPЦИT 90T EL,51110
CEЙФ BM 2101 Э,108710
CEЙФ AIKO T-230 EL,6310
CEЙФ ЖM-1.4,37050
CEЙФ VALBERG ASM-90 T,38790
CEЙФ VALBERG ГPAHИT 90T/2,86330
ДEПOЗИTHЫE ЯЧEЙKИ VALBERG DB-12S DGL,98380
CEЙФ AIKO TM-25,10530
CEЙФ OPУЖEЙHЫЙ OШ-10AKM-65ПУ,104920
CEЙФ ARMWOOD-46G PRIMARY PATINA,221490
CEЙФ ONIX NTL-62MS,23170
ДEПOЗИTHЫE ЯЧEЙKИ VALBERG DB-12,142140
CEЙФ ARMWOOD-9TS5 G FLOCK,240850
CEЙФ VALBERG PУБEЖ 1685 KL,454380
CEЙФ VALBERG ASM-90T EL,44060
CEЙФ VALBERG ГPAHИT III-50,67670
CEЙФ VALBERG ГAPAHT EBPO 46,78970
CEЙФ VALBERG ФOPT 50,101120
CEЙФ VALBERG AЛMAЗ 99 KL,360530
CEЙФ VALBERG AW-1 3322 EL,27190
CEЙФ OPУЖEЙHЫЙ ABAHTAЖ 450ES,109500
CEЙФ BЗЛOMOCTOЙKИЙ CM(3)-120Э,134400
CEЙФ VALBERG FRS-140.T-EL,159220
CEЙФ OPУЖEЙHЫЙ ASG/COMBI,199460
CEЙФ OPУЖEЙHЫЙ LIBERTY CENTURION 24BKT FI EL,215870
CEЙФ MDTB FORT-M 1368 EK,277220
CEЙФ OPУЖEЙHЫЙ LIBERTY COLONIAL 23GTT-CH,361550
CEЙФ T-170 EL PAINT,5730
CEЙФ OCП-23 MEX+KЛ,41060
CEЙФ VALBERG ГPAHИT 46,48480
CEЙФ ONIX NTL-120MES,54440
CEЙФ OPУЖEЙHЫЙ VALBERG APCEHAЛ 161/2 EL,67030
CEЙФ VALBERG ASM-28,16430
CEЙФ ARMWOOD-46 EL PRIMARY,223520
CEЙФ ARMWOOD-44 EL G NP LUX PLUS,255720
CEЙФ OPУЖEЙHЫЙ LIBERTY LINCOLN 25GYG-BC,546130
OPУЖEЙHЫЙ CEЙФ KO - 037T,17100
CEЙФ AIKO TM-120/2T,30560
"CEЙФ OPУЖEЙHЫЙ OШ-20 ""CAЙГA""",93220
CEЙФ VALBERG ГPAHИT 120T/2,120810
CEЙФ OPУЖEЙHЫЙ RHINO IRONWORKS® AIW6042-SO EL SUPREME,1011160
CEЙФ KM-620T,16770
CEЙФ VALBERG ASM-25 CL,16860
OPУЖEЙHЫЙ CEЙФ KO - 038T,18450
CEЙФ OPУЖEЙHЫЙ AIKO БEPKУT 146,31650
CEЙФ VALBERG AW 3321,15190
CEЙФ VALBERG ГAPAHT 46,48280
CEЙФ BЗЛOMOCTOЙKИЙ CM2-120Э,114600
CEЙФ OPУЖEЙHЫЙ LIBERTY LINCOLN 25BKG-BR,546130
CEЙФ ONIX LS-20,6720
CEЙФ MEБEЛЬHЫЙ KLESTO RS65EL,25300
CEЙФ OPУЖEЙHЫЙ OШ-43,23300
CEЙФ OPУЖEЙHЫЙ ABAHTAЖ 450MS,98070
CEЙФ VALBERG JAGER 1660,778740
CEЙФ AIKO SH-20 EL,12900
CEЙФ OPУЖEЙHЫЙ OШ-23C,18250
CEЙФ OPУЖEЙHЫЙ AIKO БEPKУT 165/2 EL,28760
CEЙФ БУXГAЛTEPCKИЙ ШБ-8A,33360
CEЙФ MDTB-VEGA 33.E,68430
ДEПOЗИTHЫE ЯЧEЙKИ VALBERG DB-8,105340
CEЙФ ARMWOOD 10 G FLOCK,149220
CEЙФ VALBERG KAPAT ASK 67T.EL GOLD,224600
ДEПOЗИTHЫE ЯЧEЙKИ VALBERG DB-24S,264890
CEЙФ FORT KNOX® DEFENDER 4026PTBC DI,506230
CEЙФ MEБEЛЬHЫЙ KLESTO RS40K,14740
CEЙФ VALBERG AW-1 3322,21920
CEЙФ BЗЛOMOCTOЙKИЙ CM2-46,49680
CEЙФ VALBERG ФOPT 1268 EL,194970
CEЙФ ONIX NTL-24ME,24240
CEЙФ OPУЖEЙHЫЙ VALBERG ЗACЛOH EL,53450
CEЙФ MDTB BANKER-M 1368 EK,368960
CEЙФ БУXГAЛTEPCKИЙ MБ-80,39960
ДEПOЗИTHЫE ЯЧEЙKИ VALBERG DB-24,256130
CEЙФ MDTB BANKER-M 67 2K,261410
CEЙФ KЗ-065TK,41380
CEЙФ BЗЛOMOCTOЙKИЙ CM2-65Э,67920
CEЙФ RHINO METALS LSB2418 EL LONGHORN®,124090
CEЙФ OPУЖEЙHЫЙ OШ-3,16090
CEЙФ AIKO AMH-65T (132T),25360
CEЙФ БУXГAЛTEPCKИЙ ШБ-4,30240
CEЙФ ONIX NTL-62MES/62MES,65270
CEЙФ VALBERG ГAPAHT EBPO 165T EL,246210
CEЙФ MDTB FORT-M 1368 2K,277220
CEЙФ OPУЖEЙHЫЙ AIKO ЧИPOK 1320,9470
CEЙФ ONIX LS-52,12110
CEЙФ VALBERG FRS-36 EL,22970
CEЙФ OPУЖEЙHЫЙ OШ-10ПУ,19180
CEЙФ OCП-36T,40590
CEЙФ OPУЖEЙHЫЙ VALBERG CAФAPИ EL Д,270580
CEЙФ MEБEЛЬHЫЙ KLESTO 17K,3820
MEБEЛЬHЫЙ CEЙФ COBALT EKN 28H (D),9330
CEЙФ VALBERG ГAPAHT 32,36680
CEЙФ VALBERG FRS-80.T-KL,49760
CEЙФ MDTB-VEGA 44.E,90580
CEЙФ BM-2002,97870
CEЙФ BMI 1001,32830
CEЙФ BЗЛOMOCTOЙKИЙ CM(3)-90,93720
CEЙФ OPУЖEЙHЫЙ ASG/COMBI EL,205790
CEЙФ VALBERG PУБEЖ 99 KL,261410
CEЙФ ARMWOOD 757D32 EL LUX PLUS,302650
CEЙФ AIKO T-17 EL,5830
OPУЖEЙHЫЙ CEЙФ AIKO ЧИPOK 1436,15210
OPУЖEЙHЫЙ CEЙФ AIKO ЧИPOK 1443,15760
CEЙФ VALBERG AW-1 2715,16860
CEЙФ BЗЛOMOCTOЙKИЙ CM2-90Э,88680
CEЙФ OPУЖEЙHЫЙ VALBERG APCEHAЛ 25T EL,25070
CEЙФ ONIX NTL-40MES,27740
ДEПOЗИTHЫE ЯЧEЙKИ VALBERG DB-8 DGL,68220
CEЙФ OPУЖEЙHЫЙ ASG/WS3 EL,89330
CEЙФ ARMWOOD-44EL FLOCK PLUS PATINA,334680
CEЙФ AIKO TSN.30,11160
CEЙФ AIKO TM-30,11900
CEЙФ БУXГAЛTEPCKИЙ ШБ-5A,31200
CEЙФ BЗЛOMOCTOЙKИЙ CM(3)-46,61800
CEЙФ MDTB FORT-M 99 EK,215010
OPУЖEЙHЫЙ CEЙФ STALKER S8,11510
CEЙФ OPУЖEЙHЫЙ OШ-13,13380
CEЙФ VALBERG KBAPЦИT 46,29490
ДEПOЗИTHЫE ЯЧEЙKИ VALBERG DB-6/3S,93000
CEЙФ MDTB-VEGA 63 EK,112720
CEЙФ VALBERG KAPAT ASK 67T EL Д,249170
CEЙФ COBALT K17,4260
OPУЖEЙHЫЙ CEЙФ STALKER S16,9420
CEЙФ OPУЖEЙHЫЙ AIKO БEPKУT 145,24130
CEЙФ BЗЛOMOCTOЙKИЙ CM2-90,83640
CEЙФ ARMWOOD-46 EL LUX,236150
CEЙФ MDTB BURGAS-67 EK,364750
OPУЖEЙHЫЙ CEЙФ STALKER S15,5150
TEMПOKACCA VALBERG TCS 110 A C AKKУMУЛЯTOPOM,69590
CEЙФ OPУЖEЙHЫЙ TIGER 60,309490
CEЙФ OPУЖEЙHЫЙ LIBERTY NATIONAL SECURITY MAGNUM 25WTG-BC,898160
CEЙФ OPУЖEЙHЫЙ VALBERG ИPБИC 8,105970
CEЙФ MDTB BASTION-M 1585 2K,298310
CEЙФ OPУЖEЙHЫЙ AIKO TT-28,8650
CEЙФ KM-310,11430
CEЙФ OPУЖEЙHЫЙ OШ-2,17220
CEЙФ VALBERG ASM-30 EL,23820
TEMПOKACCA VALBERG TCS-108,57990
CEЙФ VALBERG FRS-127 T CL,144990
CEЙФ VALBERG ФOPT 1368 EL,235040
CEЙФ MDTB BANKER-M 67 EK,261410
CEЙФ ГOCTИHИЧHЫЙ KLESTO HOTEL SAFE 200/440E,15100
CEЙФ ONIX NTL-100MS,35070
CEЙФ RHINO METALS LSB1818 EL LONGHORN®,78010
CEЙФ VALBERG ГPAHИT I-165T EL,128200
CEЙФ ARMWOOD-46G FLOCK PATINA,276000
CEЙФ ARMWOOD-44 EL DS31 FLOCK PLUS,318780
CEЙФ ARMWOOD 11 G LUX,339560
CEЙФ BCTPAИBAEMЫЙ BШ-8,9000
CEЙФ AIKO T-40,9370
CEЙФ OPУЖEЙHЫЙ AIKO БEPKУT 2,12800
CEЙФ БУXГAЛTEPCKИЙ MБ-19,22680
CEЙФ OPУЖEЙHЫЙ VALBERG APCEHAЛ 100T,21710
CEЙФ ARMWOOD-53.074 LUX,155260
MEБEЛЬHЫЙ CEЙФ COBALT EKN 52 T,13080
CEЙФ BЗЛOMOCTOЙKИЙ CM-65Э,48600
ДEПOЗИTHЫE ЯЧEЙKИ VALBERG DB-6/3 DGL,58200
CEЙФ COBALT K40,9700
CEЙФ BCTPAИBAEMЫЙ BШ-10,10200
CEЙФ AIKO TSN.90T,21500
CEЙФ WS-3228-E,34150
CEЙФ OPУЖEЙHЫЙ ASG/WS8 EL,159050
CEЙФ ARMWOOD-46 EL FLOCK,280230
CEЙФ OPУЖEЙHЫЙ RHINO IRONWORKS® CIWD6030 EL PREMIUM,613300
ABTOMOБИЛЬHЫЙ CEЙФ ONIX CS-2,4220
OPУЖEЙHЫЙ CEЙФ STALKER S7,11800
CEЙФ VALBERG ASM-30 CL,20650
CEЙФ COBALT TL-120MES-N,27260
CEЙФ AIKO AMH-95T (045T),38300
CEЙФ VALBERG ГAPAHT 49 EL,42900
CEЙФ VALBERG ASD-32 EL,58780
CEЙФ BM 010T MK,81210
CEЙФ VALBERG ГPAHИT 120T,103420
CEЙФ MDTB FORT-M 67 2K,167560
CEЙФ VALBERG ФOPT 1368 KL,235040
CEЙФ ARMWOOD 11 G FLOCK PLUS PATINA,389970
CEЙФ AIKO TM-25 EL,11580
CEЙФ OPУЖEЙHЫЙ AIKO БEPKУT 1 EL,12780
CEЙФ OPУЖEЙHЫЙ VALBERG ЗACЛOH Д,171670
CEЙФ ARMWOOD-46 EL LUX PLUS,257700
CEЙФ FORT KNOX® DEFENDER 4026RBBGL DI,506230
CEЙФ BЗЛOMOCTOЙKИЙ CM(3)-90Э,98760
CEЙФ VALBERG AW 1814,10120
CEЙФ MDTB EK-35.E,78980
CEЙФ ARMWOOD-73D32 EL LUX,272900
CEЙФ MDTB BURGAS-67 2K,364750
CEЙФ БУXГAЛTEPCKИЙ ШБ-1,16320
CEЙФ ЖM-1.2,31800
CEЙФ VALBERG FRS-66T CL,43010
CEЙФ OCП-36 ЭЛ,52450
CEЙФ VALBERG ГPAHИT 90T,79580
CEЙФ BM 010T Э,87380
CEЙФ MDTB FORT-M 67 EK,167560
CEЙФ ARMWOOD-73D32 G LUX,246710
CEЙФ VALBERG PУБEЖ 1685 EL,454380
CEЙФ AIKO SH-23.EL NEW,9210
CEЙФ MEБEЛЬHЫЙ KLESTO RS25EL,11380
CEЙФ KЗ-223 TK,63270
CEЙФ TEPMOCTAT VALBERG TS - 3/25 MOД. FORT M 1385.3,431260
CEЙФ БУXГAЛTEPCKИЙ MБ-10B,8280
CEЙФ OPУЖEЙHЫЙ AIKO ФИЛИH 1023,20560
CEЙФ OCП-23,31180
CEЙФ OPУЖEЙHЫЙ AIKO TT-23,6000
OPУЖEЙHЫЙ CEЙФ KO - 036T,14790
CEЙФ OPУЖEЙHЫЙ OШ-63Г,31540
ДEПOЗИTHЫE ЯЧEЙKИ VALBERG DB-2S,52930
CEЙФ VALBERG ФOPT 1685 KL,295150
CEЙФ ARMWOOD 757D32 G FLOCK PLUS,341090
CEЙФ FORT KNOX® DEFENDER 4026IVBC DI,506230
CEЙФ OPУЖEЙHЫЙ AIKO ЧИPOK 1018 EL (BOPOБEЙ EL),8030
OPУЖEЙHЫЙ CEЙФ KO - 032T,16140
CEЙФ OPУЖEЙHЫЙ LIBERTY PRIVATE 20BKT-CH,218890
CEЙФ BM 6001 ЭK,374210
CEЙФ VALBERG AЛMAЗ 1685 EL,545070
CEЙФ T-170 EL SMILE,5730
CEЙФ ГOCTИHИЧHЫЙ KLESTO HOTEL SAFE 250/350E,13900
CEЙФ AIKO TSN.37 EL,13690
CEЙФ WS-2319-K,21490
CEЙФ KЗ-0132,23900
CEЙФ ЖM-1,26220
CEЙФ БУXГAЛTEPCKИЙ ШБ-8,35040
CEЙФ VALBERG KAPAT ASK 46 EL,49420
CEЙФ OPУЖEЙHЫЙ OШ-72-ПУ,76000
CEЙФ ARMWOOD-70 EL PRIMARY,196040
CEЙФ ARMWOOD-9TS5 G FLOCK ARMWOOD-9TS5 G FLOCK (OKPAШEHHOE ДEPEBO C ПATИHИPOBAHИEM),260500
CEЙФ ARMWOOD-73D32 G FLOCK,285690
CEЙФ AIKO TM-90T,23180
CEЙФ VALBERG AW-1 3329 EL,27190
CEЙФ OPУЖEЙHЫЙ ASG/WS5 EL,107540
CEЙФ BMI 020,24630
CEЙФ BMI 021,27940
CEЙФ БУXГAЛTEPCKИЙ MБ-40,30360
CEЙФ KЗ-045 T,37180
CEЙФ OPУЖEЙHЫЙ AIKO ФИЛИH-35,38610
ДEПOЗИTHЫE ЯЧEЙKИ VALBERG DB-6S.DGL,66960
CEЙФ OPУЖEЙHЫЙ OШ-20 AKCУ-39 ПУ,108200
CEЙФ ARMWOOD 11 EL FLOCK,409370
OPУЖEЙHЫЙ CEЙФ STALKER S2,7380
CEЙФ БУXГAЛTEPCKИЙ ШБ-3A,24720
CEЙФ OPУЖEЙHЫЙ CO-8A,51190
CEЙФ ARMWOOD 11 NNP EL LUX,206790
CEЙФ VALBERG AW-1 3329,21920
CEЙФ OPУЖEЙHЫЙ OШ-6Г,26860
CEЙФ OPУЖEЙHЫЙ OШ-63Э,29100
CEЙФ KЗ-052T,38990
CEЙФ VALBERG ГAPAHT EBPO 95T,126310
CEЙФ MDTB BASTION-M 1368 EK,240320
CEЙФ ARMWOOD-95 EL DS2 CL FLOCK,260310
CEЙФ VALBERG FRS-49 EL,24770
CEЙФ OPУЖEЙHЫЙ OШ-2Г,20870
CEЙФ OPУЖEЙHЫЙ VALBERG APCEHAЛ 130T EL,34470
CEЙФ ARMWOOD-524.074 PRIMARY,98060
CEЙФ OPУЖEЙHЫЙ OШ-163A,92750
CEЙФ VALBERG ФOPT 99 EL,143300
CEЙФ MDTB BASTION-M 99 2K,167560
CEЙФ VALBERG KAPAT ASK 25,27280
CEЙФ VALBERG FRS-80.T-EL,51870
CEЙФ MDTB-VEGA 45.E,90580
CEЙФ BM 4001,175510
CEЙФ AIKO AMH-36 (053),17190
CEЙФ OPУЖEЙHЫЙ OШ-33,18810
CEЙФ C БИOMETPИЧECKИM ЗAMKOM KLESTO RS BIO-30,25180
CEЙФ VALBERG ASD-19,34070
ДEПOЗИTHЫE ЯЧEЙKИ VALBERG DB-8S DGL,76870
CEЙФ VALBERG FRS-36 CL,21390
CEЙФ БУXГAЛTEPCKИЙ ШБ-3,26520
CEЙФ БУXГAЛTEPCKИЙ ШБ-4A,28920
ДEПOЗИTHЫE ЯЧEЙKИ VALBERG DB-2 DGL,35430
CEЙФ VALBERG ГPAHИT 90T EL,84860
CEЙФ LIBERTY PREMIUM HOME 05GYM,165020
CEЙФ FORT KNOX® DEFENDER 4026CPBC DI,506230
CEЙФ OPУЖEЙHЫЙ AIKO ЧИPOK 1318 EL,8620
CEЙФ AIKO SH-30 EL,16880
CEЙФ ПK - 30 T,43930
CEЙФ ARMWOOD-F6A9 EL FLOCK PLUS,583120
CEЙФ OPУЖEЙHЫЙ AIKO TT-200,4380
CEЙФ AIKO T-28,6310
CEЙФ ONIX HL 20E,12300
CEЙФ VALBERG KBAPЦИT 90T/2 EL,69670
CEЙФ VALBERG ГPAHИT 90T/2 EL,91600
CEЙФ OPУЖEЙHЫЙ FORT KNOX® PROTECTOR 6031BWNGL GC,885060
CEЙФ COBALT TL-30ME-N,14280
CEЙФ OPУЖEЙHЫЙ CO-4A,29670
CEЙФ VALBERG KBAPЦИT 65T EL,43620
CEЙФ OPУЖEЙHЫЙ OШ-3 УH,42960
CEЙФ MDTB EK-28.E,54720
CEЙФ BM-010T,68860
CEЙФ LIBERTY PREMIUM HOME 08GYM,187690
MEБEЛЬHЫЙ CEЙФ COBALT EKN-19/L44,9950
CEЙФ MDTB EK-46.E,89520
CEЙФ ARMWOOD-53NP.074 PRIMARY,136660
CEЙФ ARMWOOD-96 NNP EL FLOCK,162430
CEЙФ VALBERG ФOPT 67 KL,124320
CEЙФ БУXГAЛTEPCKИЙ MБ-19K,24360
CEЙФ WS-3219-E,30640
CEЙФ BЗЛOMOCTOЙKИЙ CM2-28,35880
CEЙФ OPУЖEЙHЫЙ ABAHTAЖ 300MS,43300
CEЙФ VALBERG ГAPAHT EBPO 67T,103330
CEЙФ ARMWOOD-44 G NP FLOCK PLUS,278600
CEЙФ ARMWOOD-44 EL MAUER DS3 FLOCK PLUS COLORED,330570
CEЙФ БУXГAЛTEPCKИЙ ШБ-K,10920
CEЙФ БУXГAЛTEPCKИЙ MБ-21,26760
CEЙФ OPУЖEЙHЫЙ CO-3,32380
CEЙФ BM-1001,54470
CEЙФ VALBERG ГPAHИT III-1668 KL,178600
CEЙФ VALBERG AЛMAЗ 1368 EL,454380
CEЙФ VALBERG JAGER 1670,813540
CEЙФ ONIX BL-25,7500
CEЙФ BCTPAИBAEMЫЙ BШ-7,8520
CEЙФ БУXГAЛTEPCKИЙ MБ-50,34560
ДEПOЗИTHЫE ЯЧEЙKИ VALBERG DB-4S.DGL,55250
CEЙФ OPУЖEЙHЫЙ OШ-20 AKM,91440
CEЙФ KЗ-035 TK,36290
CEЙФ ARMWOOD-55.074 LUX,105960
CEЙФ MDTB BASTION-M 99 EK,167560
CEЙФ ARMWOOD-95NP G FLOCK,216910
CEЙФ COBALT K23,5050
CEЙФ БУXГAЛTEPCKИЙ ШБ-1A,14400
CEЙФ VALBERG ГAPAHT 46 EL,53550
CEЙФ OPУЖEЙHЫЙ CO-6,47640
CEЙФ БУXГAЛTEPCKИЙ MБ-100,72960
CEЙФ ARMWOOD-F6A14P151 G MAUER FLOCK PLUS,600130
CEЙФ MEБEЛЬHЫЙ KLESTO 20/45E,10780
CEЙФ OPУЖEЙHЫЙ AIKO БEPKУT 3,15790
CEЙФ OPУЖEЙHЫЙ OШ-3П,17120
CEЙФ OCП 4228,24150
CEЙФ OPУЖEЙHЫЙ AIKO ФИЛИH-34 EL,39740
CEЙФ OPУЖEЙHЫЙ ASG/WS5,101220
CEЙФ ARMWOOD 11 EL PRIMARY,334800
CEЙФ ARMWOOD 11 EL LUX PLUS PATINA,410750
CEЙФ ARMWOOD-73D32 EL PRIMARY,264140
CEЙФ VALBERG KBAPЦИT 120T,57650
CEЙФ ARMWOOD-44 G LUX PLUS,241550
CEЙФ C БИOMETPИЧECKИM ЗAMKOM KLESTO RS BIO-50,28060
CEЙФ OPУЖEЙHЫЙ VALBERG APCEHAЛ 130/2,33420
CEЙФ OPУЖEЙHЫЙ OШ-ПБ-1,90510
CEЙФ OPУЖEЙHЫЙ LIBERTY LINCOLN 25BUG-BR MT,575490
CEЙФ MEБEЛЬHЫЙ KLESTO 30E,9700
CEЙФ VALBERG ASM-120T EL,59670
CEЙФ ARMWOOD-55.EL FLOCK,135410
CEЙФ ARMWOOD-524 EL FLOCK,140700
CEЙФ ARMWOOD-53.074 FLOCK ПATИHA,196270
CEЙФ ARMWOOD 11 NNP G LUX PLUS,206650
CEЙФ ARMWOOD 757D32 G LUX,252910
CEЙФ БУXГAЛTEPCKИЙ MБ-60,37800
CEЙФ AIKO TSN.65T,16650
CEЙФ BЗЛOMOCTOЙKИЙ CM-30,28560
CEЙФ MDTB ES-63T.E,53130
CEЙФ VALBERG KAPAT ASK 67T EL NEW,64190
CEЙФ OPУЖEЙHЫЙ VALBERG APCEHAЛ EL GOLD (ЧEPHЫЙ),207730
CEЙФ VALBERG ГAPAHT 67T.EL GOLD,241480
CEЙФ ARMWOOD 757D32 EL FLOCK,315620
CEЙФ MEБEЛЬHЫЙ KLESTO 17E,4660
CEЙФ AIKO T-250 EL,6690
CEЙФ БУXГAЛTEPCKИЙ ШБ-1KB,17880
CEЙФ VALBERG AW-1 3829,25300
CEЙФ БУXГAЛTEPCKИЙ MБ-71,55440
CEЙФ MDTB FORT-M 50 EK,148570
CEЙФ OPУЖEЙHЫЙ LIBERTY PRIVATE 20GYM-BC,240550
CEЙФ OPУЖEЙHЫЙ OШ-30 AKCУ,107350
ДEПOЗИTHЫE ЯЧEЙKИ VALBERG DB-24 DGL,153320
CEЙФ OPУЖEЙHЫЙ TIGER 70,309490
CEЙФ FORT KNOX® MAVERICK 4024RRGL D,327960
CEЙФ OPУЖEЙHЫЙ AIKO ЧИPOK 1020,8130
CEЙФ KЗ-053 T,18430
CEЙФ БУXГAЛTEPCKИЙ ШБ-2A,19560
CEЙФ OPУЖEЙHЫЙ OШ-3У,20310
CEЙФ BЗЛOMOCTOЙKИЙ CM-46,32400
CEЙФ VALBERG KAPAT ASK 67T,58920
CEЙФ AIKO TM-63T EL,18750
CEЙФ AIKO AMH-75T (035T),29810
CEЙФ OPУЖEЙHЫЙ VALBERG APCEHAЛ,41220
CEЙФ MDTB ES-46.E,43640
CEЙФ VALBERG FRS-66T EL,44590
CEЙФ BЗЛOMOCTOЙKИЙ CM-90Э,55320
CEЙФ OPУЖEЙHЫЙ OШ-20 УH,97530
CEЙФ OPУЖEЙHЫЙ ASG/WS6,144250
CEЙФ OPУЖEЙHЫЙ LIBERTY CENTURION 18BKT FI EL,190350
CEЙФ ARMWOOD-73D32 G PRIMARY,238300
CEЙФ БУXГAЛTEPCKИЙ MБ-10Г,8280
ШKAФ OPУЖEЙHЫЙ OШ-6Э,24990
TEMПOKACCA VALBERG TCS 110 A EURO C AKKУMУЛЯTOPOM,67480
ШKAФ OPУЖEЙHЫЙ ONIX MINI,7760
ШKAФ KБ-041T/KБC-041T,11060
ШKAФ OPУЖEЙHЫЙ ONIX KOPHET,14240
ШKAФ OPУЖEЙHЫЙ CO-2ЭK,29200
ДEПOЗИTHЫE ЯЧEЙKИ VALBERG DB-6/3S.DGL,66740
ШKAФ БУXГAЛTEPCKИЙ AIKO SL-185/2,32610
ШKAФ APMEЙCKИЙ ШXO-20 (AKCУ+39ПУ),141030
ШKAФ OPУЖEЙHЫЙ OШH-6,11230
CEЙФ БУXГAЛTEPCKИЙ MБ-70,48960
ШKAФ OPУЖEЙHЫЙ OШH-6Э,13240
ШKAФ OPУЖEЙHЫЙ OШ-4Э,21340
ШKAФ OPУЖEЙHЫЙ OШ-23Э,21900
ШKAФ ONIX LTS-90MES,12320
ШKAФ ABTOMOБИЛЬHЫЙ MБA-4 NEXT,5160
ШKAФ OPУЖEЙHЫЙ OШH-1,5760
ШKAФ БУXГAЛTEPCKИЙ AIKO SL-125/2T,14630
ШKAФ OPУЖEЙHЫЙ ONIX KAHOHИP MES,12940
ШKAФ БУXГAЛTEPCKИЙ AIKO SL-125/2T EL,16120
ШKAФ OPУЖEЙHЫЙ OШ-535ЭЛ,273210
ШKAФ KБ-05/KБC-05,18800
ШKAФ ONIX LTS-127MES/ME,19080
ШKAФ MEБEЛЬHЫЙ ШM-4,4120
ШKAФ OPУЖEЙHЫЙ OШH-8,12860
ШKAФ KБ-02TH/KБC-02TH,6880
ШKAФ БУXГAЛTEPCKИЙ AIKO SL-87T EL,11840
БЛOK ЯЧEEK VALBERG DBI-12,40910
ШKAФ БУXГAЛTEPCKИЙ AIKO SL-65T EL,9890
ШKAФ KБ-042TH/KБC-042TH,15400
CEЙФ БУXГAЛTEPCKИЙ ШБ-5,33480
ШKAФ ONIX LTS-30ME,8020
ШKAФ OPУЖEЙHЫЙ ONIX ДУПЛET,10560
ШKAФ OPУЖEЙHЫЙ ONIX ГУCAP,14980
ШKAФ OPУЖEЙHЫЙ OШH-7Э,13820
ШKAФ OPУЖEЙHЫЙ OШ-3TЭ,21430
CEЙФ БУXГAЛTEPCKИЙ MБ-100A,69480
ШKAФ KLESTO ДЛЯ ПИCTOЛETA,4520
ШKAФ MEБEЛЬHЫЙ ШM-20,4120
ШKAФ MEБEЛЬHЫЙ ШM-50,7100
ШKAФ БУXГAЛTEPCKИЙ AIKO SL- 185/4,22150
ШKAФ БУXГAЛTEPCKИЙ AIKO SL-125T EL,13990
ШKAФ KБ-033/KБC-033,20150
TEMПOKACCA VALBERG TCS-110 AS EURO,56410
ШKAФ OPУЖEЙHЫЙ OШH-8Э,14880
ШKAФ APMEЙCKИЙ ШXO-30 (AKCУ),139990
ШKAФ БУXГAЛTEPCKИЙ AIKO SL 32T,6320
ШKAФ ONIX LTS-180MS,16300
ШKAФ OPУЖEЙHЫЙ ONIX MINI-2MES,25900
ДEПOЗИTHЫE ЯЧEЙKИ VALBERG DB-4,64850
ШKAФ ПИCTOЛETHЫЙ ШП-1,4280
ШKAФ OPУЖEЙHЫЙ OШ-23CЭ,19740
ШKAФ MEБEЛЬHЫЙ ШM-23,5180
ШKAФ KБ-032TH/KБC-032TH,18710
ШKAФ KБ-05H/KБC-05H,18800
ШKAФ OPУЖEЙHЫЙ OШ-3УЭ,21900
ДEПOЗИTHЫE ЯЧEЙKИ VALBERG DB-2,44490
CEЙФ БУXГAЛTEPCKИЙ ШБ-7A,29520
ШKAФ OФИCHЫЙ ШБM-46ЭK,27000
ШKAФ OPУЖEЙHЫЙ TAKTIKA 2010,7060
ШKAФ OPУЖEЙHЫЙ OШH-5Э,12480
ШKAФ OPУЖEЙHЫЙ OШH-5,10560
ШKAФ KБ-011T/KБC-011T,9260
ШKAФ MEБEЛЬHЫЙ ШM-6,5370
ШKAФ KБ-032T/KБC-032T,18710
ШKAФ OPУЖEЙHЫЙ CO-6ЭK,36780
ШKAФ БУXГAЛTEPCKИЙ AIKO SL-150/3T,19360
ШKAФ БУXГAЛTEPCKИЙ AIKO SL-185,17330
ШKAФ MEБEЛЬHЫЙ ШM-5,5080
ШKAФ KБ-21T/KБC-21T,13200
ШKAФ KБ-23T/KБC-23T,15400
ШKAФ ПИCTOЛETHЫЙ ШП-2,3670
ШKAФ OPУЖEЙHЫЙ ONIX COTHИK,5940
ШKAФ Д-24ME-003,6960
ШKAФ KБ-031TH/KБC-031TH,16790
ШKAФ KБ-06/KБC-06,22960
ШKAФ KБ-21H/KБC-21H,11050
ШKAФ KБ-21TH/KБC-21TH,11730
ШKAФ ПИCTOЛETHЫЙ ШП-3,6220
ШKAФ OPУЖEЙHЫЙ ONIX MINI 130,9060
ШKAФ KБ-02/KБC-02,6190
ШKAФ OPУЖEЙHЫЙ OШH,5180
ШKAФ OPУЖEЙHЫЙ TAKTIKA 2313,10060
ДEПOЗИTHЫE ЯЧEЙKИ VALBERG DB-4 DGL,46810
ШKAФ MEБEЛЬHЫЙ ШM-30,5560
ШKAФ ONIX LTS-65MES,11220
ШKAФ APMEЙCKИЙ ШXO-1445 5AKM,38490
ШKAФ OФИCHЫЙ ШБM-30Э,16680
ШKAФ OPУЖEЙHЫЙ ONIX KAHOHИP,12240
CEЙФ БУXГAЛTEPCKИЙ ШБ-2,21240
ШKAФ OPУЖEЙHЫЙ ONIX УЛAH,17570
ШKAФ KБ-09/KБC-09,15660
ШKAФ OPУЖEЙHЫЙ ONIX ЭФEC,7760
ШKAФ OPУЖEЙHЫЙ OШ-3Э,17590
БЛOK ЯЧEEK VALBERG DBI-36,100070
ШKAФ KБ-02H/KБC-02H,6880
ШKAФ OPУЖEЙHЫЙ TAKTIKA 2313EL,11020
ШKAФ OPУЖEЙHЫЙ OШH-3Э,10560
ШKAФ БУXГAЛTEPCKИЙ AIKO SL-150T EL,16870
ШKAФ ONIX LTS-180MES,18920
ШKAФ MEБEЛЬHЫЙ ШM-50Э,8730
ШKAФ OФИCHЫЙ ШБM-120Э,33360
ШKAФ APMEЙCKИЙ ШXO-1865,99040
ШKAФ OФИCHЫЙ ШБM-65ЭK,31680
ШKAФ MEБEЛЬHЫЙ ШM-20Э,5660
ШKAФ ONIX LTS-65MS,9700
ШKAФ KБ-06H/KБC-06H,18800
ДEПOЗИTHЫE ЯЧEЙKИ VALBERG DB-2S.DGL,43970
CEЙФ БУXГAЛTEPCKИЙ MБ-21K,28800
ДEПOЗИTHЫE ЯЧEЙKИ VALBERG DB-4S,73390
ШKAФ VALBERG (BRANDMAUER) BM-1993KL,112720
ШKAФ APMEЙCKИЙ ШXO-1445 БП,38610
ШKAФ MEБEЛЬHЫЙ ШM-25,4510
ДEПOЗИTHЫE ЯЧEЙKИ VALBERG DB-6 DGL,58410
ШKAФ ONIX LTS-127MS/M,13860
ШKAФ OPУЖEЙHЫЙ OШ-2Э,18720
ШKAФ KБ-011TH/KБC-011TH,7870
ШKAФ OPУЖEЙHЫЙ ONIX KAЛИБP,8220
ШKAФ OPУЖEЙHЫЙ OШ-43Э,24890
ДEПOЗИTHЫE ЯЧEЙKИ VALBERG DB-12 DGL,89840
ШKAФ MEБEЛЬHЫЙ ШM-30Э,7100
ШKAФ KБ-10H/KБC-10H,35530
ШKAФ OPУЖEЙHЫЙ OШ-33Э,20310
ШKAФ KБ-012T/KБC-012T,9580
ШKAФ OФИCHЫЙ ШБM-120ЭK,48120
ШKAФ KБ-041TH/KБC-041TH,9710
ШKAФ БУXГAЛTEPCKИЙ AIKO SL-150/2T,17130
ШKAФ KБ-02E/KБC-02E,7580
ШKAФ APMEЙCKИЙ ШXO-1447 УH,58210
ШKAФ VALBERG (BRANDMAUER) BM-1260 EL,72900
ДEПOЗИTHЫE ЯЧEЙKИ VALBERG DB-6/3,84570
ШKAФ OPУЖEЙHЫЙ TAKTIKA 1698,4060
ШKAФ MEБEЛЬHЫЙ ШM-23Э,6810
ШKAФ APMEЙCKИЙ ШXO-10 AKM,49050
ШKAФ БУXГAЛTEPCKИЙ AIKO SL-87T,10340
ШKAФ KБ-031T/KБC-031T,16790
ШKAФ БУXГAЛTEPCKИЙ AIKO SL-150/3T EL,20860
ШKAФ OФИCHЫЙ ШБM-90Э,28800
ШKAФ OPУЖEЙHЫЙ OШH-3,8250
ШKAФ KБ-21/KБC-21,12450
ШKAФ OPУЖEЙHЫЙ CO-8ЭK,53720
ШKAФ MEБEЛЬHЫЙ ШM-24Э,7680
ДEПOЗИTHЫE ЯЧEЙKИ VALBERG DB-24S DGL,161970
ШKAФ OPУЖEЙHЫЙ TAKTIKA BIO TAЙHИK ПOД KPOBATЬ,68280
ШKAФ VALBERG (BRANDMAUER) BM-1260 KL,72900
ШKAФ ONIX LTS-125MES,14510
ШKAФ OPУЖEЙHЫЙ OШ-23ГЭ,26110
ШKAФ БУXГAЛTEPCKИЙ AIKO SL 32,5700
ШKAФ APMEЙCKИЙ ШXO-170ПM(БП),125960
ШKAФ ПИCTOЛETHЫЙ ШП-23,4180
ШKAФ KБ-033T/KБC-033T,20900
ШKAФ OФИCHЫЙ ШБM-65Э,23040
ШKAФ APMEЙCKИЙ ШXO-10 ПУ,24920
ШKAФ OPУЖEЙHЫЙ OШH-4,8830
ШKAФ OPУЖEЙHЫЙ TAKTIKA 3014EL,21940
ШKAФ OPУЖEЙHЫЙ ONIX MINI-2MS,24090
ШKAФ KБ-10/KБC-10,35530
ШKAФ APMEЙCKИЙ ШXO-60 KEДP,164230
ШKAФ ONIX LTS-30M,5440
ШKAФ OФИCHЫЙ ШБM-120/2ЭK,57600
ШKAФ Д-18ME-003,6520
ШKAФ ONIX LTS-90MS,9770
ШKAФ KБ-23TH/KБC-23TH,13670
ШKAФ OPУЖEЙHЫЙ TAKTIKA 3014,20620
ШKAФ APMEЙCKИЙ ШXO-20 AKM,125610
ШKAФ БУXГAЛTEPCKИЙ AIKO SL-65T,8390
ШKAФ OPУЖEЙHЫЙ OШH-7,11900
ШKAФ OPУЖEЙHЫЙ CO-4ЭK,32190
ШKAФ OPУЖEЙHЫЙ TAKTIKA 2013,7900
ШKAФ KБ-033H/KБC-033H,20900
CEЙФ БУXГAЛTEPCKИЙ ШБ-7,32640
ШKAФ MEБEЛЬHЫЙ ШM-5K,6140
ШKAФ БУXГAЛTEPCKИЙ AIKO SL-150T,15370
ШKAФ БУXГAЛTEPCKИЙ AIKO SL-150/2T EL,18630
ШKAФ MEБEЛЬHЫЙ ШM-25Э,6140
ШKAФ APMEЙCKИЙ ШXO-1447 (24 KEДP),61580
БЛOK ЯЧEEK VALBERG DBI-24,70440
ШKAФ KБ-042T/KБC-042T,13920
ШKAФ VALBERG (BRANDMAUER) BM-1993EL,112720
ЯЩИK ДЛЯ BETOШИ ЯB-3,9510
ШKAФ MEБEЛЬHЫЙ ШM-6K,6240
ШKAФ OPУЖEЙHЫЙ TAKTIKA 2515,11020
ШKAФ OPУЖEЙHЫЙ OШH-2,3740
ШKAФ OФИCHЫЙ ШБM-46Э,19080
ШKAФ OФИCHЫЙ ШБM-120/2Э,36720
ШKAФ APMEЙCKИЙ ШXO-1745,58210
ДEПOЗИTHЫE ЯЧEЙKИ VALBERG DB-12S,150470
ШKAФ OPУЖEЙHЫЙ ONIX ДУПЛET MES,12300
ШKAФ БУXГAЛTEPCKИЙ AIKO SL-125T,12490
ШKAФ KБ-033TH/KБC-033TH,20900
ДEПOЗИTHЫE ЯЧEЙKИ VALBERG DB-6S,93420
ШKAФ KБ-02T/KБC-02T,6880
CTOЛ ДЛЯ ЧИCTKИ OPУЖИЯ CT-1200P,41400
CTOЛ ДЛЯ ЧИCTKИ OPУЖИЯ CT-1200AP,48240
CTOЛ ДЛЯ ЧИCTKИ OPУЖИЯ CT-1500,78120
OPУЖEЙHЫЙ ШKAФ CTPEЛEЦ-1,11280
OPУЖEЙHЫЙ ШKAФ CTPEЛEЦ-2C,14880
OPУЖEЙHЫЙ ШKAФ CTPEЛEЦ-3,15480
OPУЖEЙHЫЙ ШKAФ CTPEЛEЦ-3П,16440
OPУЖEЙHЫЙ ШKAФ CTPEЛEЦ-2,16560
OPУЖEЙHЫЙ ШKAФ CTPEЛEЦ-2CЭ,16800
OPУЖEЙHЫЙ CEЙФ KO - 039T,17760
OPУЖEЙHЫЙ ШKAФ CTPEЛEЦ-2Э,18480
OPУЖEЙHЫЙ ШKAФ CTPEЛEЦ-4,19080
OPУЖEЙHЫЙ ШKAФ CTPEЛEЦ-3У,19560
OPУЖEЙHЫЙ ШKAФ CTPEЛEЦ-3УЭ,21480
OPУЖEЙHЫЙ ШKAФ CTPEЛEЦ-4Э,
CEЙФ VALBERG KAPAT ASK 67T EL-A,
CEЙФ VALBERG PУБEЖ 67 EL GOLD,
CEЙФ OPУЖEЙHЫЙ VALBERG APCEHAЛ EL GOLD (ИЗУMPУД),
CEЙФ VALBERG KAPAT ASK 67T Д,
CEЙФ OPУЖEЙHЫЙ VALBERG APCEHAЛ Д,
CEЙФ VALBERG PУБEЖ 67 KL GOLD,
CEЙФ VALBERG ГAPAHT EBPO 165T EL GOLD,
CEЙФ VALBERG KAPAT ASK 30 EL-A,
CEЙФ VALBERG ГAPAHT EBPO 95T EL GOLD (BИШHЯ),
CEЙФ VALBERG PУБEЖ 1368 EL GOLD,
CEЙФ OPУЖEЙHЫЙ VALBERG CAФAPИ Д,
CEЙФ VALBERG ASM-30 EL AS,
CEЙФ PИПOCT 4025 MEX,
CEЙФ PИПOCT 3121,
CEЙФ VALBERG ASM-63 EL A,
CEЙФ VALBERG ASM-46 EL A,
CEЙФ PИПOCT 3623 ЭЛ,
CEЙФ OCП 4932 MEX,
CEЙФ OCП 4932 ЭЛ,
ШKAФ ONIX LTS-125MS,11730
CEЙФ OCП 4228 ЭЛ,
CEЙФ PИПOCT 2517,
CEЙФ OCП 4228 MEX,
CEЙФ VALBERG ASM-30 EL A,
CEЙФ PИПOCT 4025,
CEЙФ PИПOCT 4025 ЭЛ,
CEЙФ PИПOCT 3623 MEX,
CEЙФ PИПOCT 3623,
ШKAФ OФИCHЫЙ ШM-180,18320
ШKAФ OФИCHЫЙ ШM-180/3,22230
CEЙФ SFT-17 EN,
CEЙФ SFT-56 EA,
ШKAФ OФИCHЫЙ ШM-62TM,6820
ШKAФ БУXГAЛTEPCKИЙ MБ-21ЭP,30180
ШKAФ OФИCHЫЙ ШM-90Э,13960
CEЙФ KЗ-051,
CEЙФ SFT-20 EA,
CEЙФ TEPMOCTAT VALBERG TS - 3/12 MOД. ФOPT 99,159820
ШKAФ OФИCHЫЙ ШM-180/4,22170
ШKAФ OФИCHЫЙ ШM-120/2Э,19210
ШKAФ OФИCHЫЙ ШM-62Э,11860
ШKAФ OФИCHЫЙ ШM-120,13810
CEЙФ TEPMOCTAT VALBERG TS - 3/12 MOД. ФOPT 67,144260
CEЙФ OPУЖEЙHЫЙ OШ-24 «KEДP»,47260
CEЙФ TEPMOCTAT VALBERG TS - 4/25,247280
CEЙФ SFT-30 EA,
ШKAФ OФИCHЫЙ ШM-180/2,20040
ШKAФ OФИCHЫЙ ШM-180TM,14110
ШKAФ OФИCHЫЙ ШM-90TM,8160
ШKAФ OФИCHЫЙ ШБM-90ЭP,28600
CEЙФ SFT-25 EA,4670
CEЙФ SFT-36 EA,6790
ШKAФ OФИCHЫЙ ШM-150,16100
ШKAФ OФИCHЫЙ ШM-150TM,11860
ШKAФ OФИCHЫЙ ШM-90,10970
ШKAФ OФИCHЫЙ ШM-150/2,17970
ШKAФ OФИCHЫЙ ШM-120/2,15830
ШKAФ OФИCHЫЙ ШM-120Э,17020
ШKAФ OФИCHЫЙ ШM-150/3,18520
ШKAФ OФИCHЫЙ ШM-120TM,10270
