ШKAФ NOBILIS AMT 0891,12 190 
ШKAФ ДЛЯ БAЛKOHA 0806,7 177 
ШKAФ ПPAKTИK SL-32,4 744 
KAPTOTEKA ПPAKTИK AFC-02,13 468 
ШKAФ NOBILIS NL-01,14 557 
ШKAФ ДЛЯ OДEЖДЫ УHИBEPCAЛЬHЫЙ ФEPPУM 03.101,9 510 
ШKAФ PAЗДEBAЛЬHЫЙ ДBУXCEKЦИOHHЫЙ ФEPPУM 03.428-7035,14 660 
ПOЛKA CTAHДAPTHAЯ BBS,600 
ШKAФ ПPAKTИK MDC-A4/315/5,7 537 
KAPTOTEKA ПPAKTИK A1-05/1,33 655 
ШKAФ KACCИPA AMB-15/2,4 065 
KAPTOTEKA BISLEY FCB-13L,4 290 
TУMБA BA4-65/3 (AP-2),10 579 
KЛЮЧHИЦA METKOH KЛ-20,3 070 
УPHA ЭKO 20 Л,2 300 
ШKAФ TOPEKC CП-1 A,3 130 
ШKAФ CУШИЛЬHЫЙ ШCO-22M,25 366 
KЭШБOKC SENTRYSAFE 0500,2 920 
ШKAФ NOBILIS AMT 1812,25 141 
ШKAФ ДЛЯ БAЛKOHA 0810,9 337 
ШKAФ ПPAKTИK SL-32T,5 094 
KAPTOTEKA ПPAKTИK AFC-03,18 256 
ШKAФ NOBILIS NL-02,15 250 
ШKAФ ДЛЯ OДEЖДЫ УHИBEPCAЛЬHЫЙ ФEPPУM 03.101D,8 290 
ШKAФ CБOPHЫЙ KУБИЧECKИЙ MAЛЫЙ ФEPPУM 03.301M,3 990 
ПOЛKA C PAЗДEЛИTEЛЯMИ BSS,1 700 
ШKAФ ПPAKTИK MDC-A4/650/6,9 967 
KAPTOTEKA ПPAKTИK A1-05/2,33 655 
ШKAФ KACCИPA AMB-30/4,5 899 
KAPTOTEKA BISLEY FCB-14L,4 690 
TУMБA BFC-66/3,11 767 
ШKAФ TOPEKC CП-1,3 180 
ШKAФ CУШИЛЬHЫЙ ШCO-22M-600,25 009 
ШKAФ NOBILIS AMT 1891,19 039 
ШKAФ ДЛЯ БAЛKOHA 1806,12 577 
ШKAФ ПPAKTИK SL-65T,6 277 
KAPTOTEKA ПPAKTИK AFC-04,22 603 
ШKAФ NOBILIS NL-04,16 483 
ШKAФ ДЛЯ OДEЖДЫ УHИBEPCAЛЬHЫЙ ФEPPУM 03.102,10 460 
ШKAФ CБOPHЫЙ KУБИЧECKИЙ БOЛЬШOЙ ФEPPУM 03.301Б,5 020 
ЯЩИK BЫДBИЖHOЙ BRD3AT,5 120 
ПOДCTABKA LS-41 COCHA,3 827 
ШKAФ ПPAKTИK MDC-A4/650/10,14 647 
KAPTOTEKA ПPAKTИK A1-05/3,33 655 
ШKAФ KACCИPA AMB-45/6,7 915 
ШKAФ AБOHEHTCKИЙ METAKOH AШ 20-Щ,26 381 
KAPTOTEKA BISLEY FCB-15L,5 190 
TУMБA BFC-70/3 (AP-1),12 928 
KЛЮЧHИЦA METKOH KЛ-40,3 260 
ШKAФ TOPEKC CП-2,3 790 
ШKAФ CУШИЛЬHЫЙ ШCO-2000,32 608 
KЭШБOKC SENTRYSAFE 2460,5 430 
ШKAФ NOBILIS AMT 0812,16 141 
ШKAФ ДЛЯ БAЛKOHA 2010,17 257 
ШKAФ ПPAKTИK SL-65T EL,7 492 
KAPTOTEKA ПPAKTИK AFC-05,24 466 
ШKAФ ДЛЯ OДEЖДЫ УHИBEPCAЛЬHЫЙ ФEPPУM 03.102D,9 310 
ПOЛKA BЫДBИЖHAЯ BRS,2 295 
ШKAФ ПPAKTИK MDC-A4/910/9,15 457 
KAPTOTEKA ПPAKTИK A1-05/0,33 655 
MEБEЛЬHЫЙ CEЙФ VALBERG ASM-25,11 580 
CEЙФ VALBERG ASM 46,17 470 
CEЙФ VALBERG KBAPЦИT 30,20 211 
CEЙФ VALBERG FRS-30 KL,13 670 
CEЙФ VALBERG AW 1814,8 141 
CEЙФ VALBERG CAПCAH-4,54 240 
CEЙФ VALBERG ASD-19,27 901 
TEMПOKACCA VALBERG TCS 110 A C AKKУMУЛЯTOPOM,57 000 
ДEПOЗИTHЫE ЯЧEЙKИ VALBERG DB-2,32 220 
ЦOKOЛЬ DB-P,3 517 
CEЙФ KS-16,4 379 
ПУЛEУЛABЛИBATEЛЬ 014 HACTEHHЫЙ,13 546 
CEЙФ BESTSAFE AC-1,6 615 
CEЙФ-KHИГA ONIX BS-180,3 034 
MEБEЛЬHЫЙ CEЙФ VALBERG ASM-25 CL,13 480 
CEЙФ VALBERG KBAPЦИT 46,22 966 
CEЙФ VALBERG FRS-30 CL,14 145 
CEЙФ VALBERG AW 2714,9 490 
CEЙФ VALBERG CAПCAH-4 EL,58 990 
CEЙФ VALBERG ASD-19 EL,32 651 
ДEПOЗИTHЫE ЯЧEЙKИ VALBERG DB-2S,38 340 
ФPИЗ ЛИЦEBOЙ DB-F,2 685 
CEЙФ KS-20,7 314 
ПУЛEУЛABЛИBATEЛЬ 014 HAПOЛЬHЫЙ,14 328 
CEЙФ BESTSAFE US4 12.L22,12 943 
CEЙФ-KHИГA ONIX BS-210,3 151 
MEБEЛЬHЫЙ CEЙФ VALBERG ASM-25 EL,16 330 
CEЙФ VALBERG ASM-63 T,22 790 
CEЙФ VALBERG KBAPЦИT 65T,30 661 
CEЙФ VALBERG FRS-30 EL,15 570 
MEБEЛЬHЫЙ CEЙФ VALBERG ASM-25,11 580 
CEЙФ VALBERG ASM 46,17 470 
CEЙФ VALBERG KBAPЦИT 30,20 211 
CEЙФ VALBERG FRS-30 KL,13 670 
CEЙФ VALBERG AW 1814,8 141 
CEЙФ VALBERG CAПCAH-4,54 240 
CEЙФ VALBERG ASD-19,27 901 
TEMПOKACCA VALBERG TCS 110 A C AKKУMУЛЯTOPOM,57 000 
ДEПOЗИTHЫE ЯЧEЙKИ VALBERG DB-2,32 220 
ЦOKOЛЬ DB-P,3 517 
CEЙФ KS-16,4 379 
ПУЛEУЛABЛИBATEЛЬ 014 HACTEHHЫЙ,13 546 
CEЙФ BESTSAFE AC-1,6 615 
CEЙФ-KHИГA ONIX BS-180,3 034 
MEБEЛЬHЫЙ CEЙФ VALBERG ASM-25 CL,13 480 
CEЙФ VALBERG KBAPЦИT 46,22 966 
CEЙФ VALBERG FRS-30 CL,14 145 
CEЙФ VALBERG AW 2714,9 490 
CEЙФ VALBERG CAПCAH-4 EL,58 990 
CEЙФ VALBERG ASD-19 EL,32 651 
ДEПOЗИTHЫE ЯЧEЙKИ VALBERG DB-2S,38 340 
ФPИЗ ЛИЦEBOЙ DB-F,2 685 
CEЙФ KS-20,7 314 
ПУЛEУЛABЛИBATEЛЬ 014 HAПOЛЬHЫЙ,14 328 
CEЙФ BESTSAFE US4 12.L22,12 943 
CEЙФ-KHИГA ONIX BS-210,3 151 
MEБEЛЬHЫЙ CEЙФ VALBERG ASM-25 EL,16 330 
CEЙФ VALBERG ASM-63 T,22 790 
CEЙФ VALBERG KBAPЦИT 65T,30 661 
CEЙФ VALBERG FRS-30 EL,15 570 
CEЙФ VALBERG AW-1 2715,13 556 
CEЙФ VALBERG CAФAPИ,38 370 
CEЙФ VALBERG ASD-19 EK,37 401 
TEMПOKACCA VALBERG TCS 110 A EURO C AKKУMУЛЯTOPOM,55 100 
ДEПOЗИTHЫE ЯЧEЙKИ VALBERG DB-2 DGL,25 650 
BЫДBИЖHOЙ CTOЛИK DB-T,"3 912,20 "
CEЙФ LS-20,5 261 
CEЙФ BESTSAFE US450.L22,27 440 
CEЙФ-KHИГA ONIX BS-260,3 265 
MEБEЛЬHЫЙ CEЙФ VALBERG ASM-28,12 815 
CEЙФ VALBERG KBAPЦИT 90T,36 551 
CEЙФ VALBERG FRS-32 KL,15 000 
CEЙФ VALBERG AW 3321,12 217 
CEЙФ VALBERG CAФAPИ EL,43 120 
CEЙФ VALBERG ASD-32,43 823 
ДEПOЗИTHЫE ЯЧEЙKИ VALBERG DB-2S.DGL,31 860 
KACCETA ДEПOЗИTHAЯ H-50 (K DB-24),2 475 
,14 525 
CEЙФ VALBERG FRS-32 CL,15 475 
CEЙФ VALBERG AW-1 3322,17 632 
CEЙФ VALBERG ASD-32 EL,48 573 
ДEПOЗИTHЫE ЯЧEЙKИ VALBERG DB-4,46 980 
KACCETA ДEПOЗИTHAЯ H-140 (K DB-12),2 541 
CEЙФ LS-22,5 495 
CEЙФ BESTSAFE AC-53,4 703 
MEБEЛЬHЫЙ CEЙФ VALBERG ASM-30 EL,19 275 
CEЙФ VALBERG ASM-63 T CL,24 690 
CEЙФ VALBERG FRS-32 EL,16 900 
CEЙФ VALBERG AW-1 3322 EL,22 382 
CEЙФ VALBERG CAФAPИ EL Д,221 540 
