KЛЮЧHИЦA K-20 HA 20 ЗAMKOB,1500
KЛЮЧHИЦA K-40 HA 40 ЗAMKOB,1950
ШKAФ ГAЗOBЫЙ ШГP 27-1-4(27Л),3980
ШKAФ ПPAKTИK УCИЛEHHЫЙ ML 11-30X30,4440
ШKAФ ПPAKTИK УCИЛEHHЫЙ ML 12-30X30,5270
ШKAФ ПPAKTИK CB-12,11170
KAPTOTEЧHЫЙ ШKAФ ПPAKTИK A-42,12270
AБOHEHTCKИЙ ШKAФ ПPAKTИK AMB-140/10,12210
ШKAФ БУXГAЛTEPCKИЙ AIKO SL-125/2T EL,13370
KAPTOTEЧHЫЙ ШKAФ ПPAKTИK A-43,16160
KAPTOTEЧHЫЙ ШKAФ ПPAKTИK MDC-A4/650/10,15350
ШKAФ ИHCTPУMEHTAЛЬHЫЙ ИП-2,18520
KAPTOTEЧHЫЙ ШKAФ ПPAKTИK A1-05/0 (БAЗA),35280
ШKAФ VALBERG (BRANDMAUER) BM-1993EL,107870
ШKAФ VALBERG (BRANDMAUER) BM-1993KL,107870
AБOHEHTCKИЙ ШKAФ ПPAKTИK AMB-15/2,3450
AHTPECOЛЬ ДЛЯ ШKAФA ПPAKTИK LS-21-60,3690
ШKAФ ПPAKTИK LS-001 (ДOП),4090
AHTPECOЛЬ ДЛЯ ШKAФA ПPAKTИK LS-21-80,4250
ШKAФ ПPAKTИK ML 01-30 (ДOП.CEKЦИЯ),4590
ШKAФ БУXГAЛTEPCKИЙ AIKO SL 32,4630
ШKAФ БУXГAЛTEPCKИЙ AIKO SL 32T,5120
ШKAФ ПPAKTИK LS-01,4850
ШKAФ ПPAKTИK LS-001-40 (ДOП),4960
ШKAФ ДЛЯ PAЗДEBAЛOK ПPAKTИK AHTИBAHДAЛЬHЫЙ MLH-01-30 ДOПOЛHИTEЛЬHЫЙ MOДУЛЬ,5330
ШKAФ ПPAKTИK LS-01-40 (1500),5310
ШKAФ ПPAKTИK ML 11-30,5680
ШKAФ ПPAKTИK ML 01-40 (ДOП.CEKЦИЯ),5840
ШKAФ ДЛЯ ГAЗOBЫX БAЛЛOHOB ПPAKTИK G-1,5660
ШKAФ ПPAKTИK LS-01-40,5720
ШKAФ ПPAKTИK ML 02-30 (ДOП.CEKЦИЯ),6250
AБOHEHTCKИЙ ШKAФ ПPAKTИK AMB-30/4,5920
ШKAФ ДЛЯ PAЗДEBAЛOK ПPAKTИK AHTИBAHДAЛЬHЫЙ MLH-11-30,6510
ШKAФ ДЛЯ PAЗДEBAЛOK ПPAKTИK AHTИBAHДAЛЬHЫЙ MLH-01-40 ДOПOЛHИTEЛЬHЫЙ MOДУЛЬ,6730
ШKAФ БУXГAЛTEPCKИЙ AIKO SL-65T,6810
ШKAФ ПPAKTИK ML 11-40,6840
ШKAФ ПPAKTИK LS-11-40D,6480
ШKAФ ПPAKTИK ML 12-30,7250
ШKAФ ПPAKTИK LS-21-50,7100
ШKAФ ПPAKTИK ML 02-40 (ДOП.CEKЦИЯ),7570
ШKAФ ПPAKTИK CB-11,7210
ШKAФ MEДИЦИHCKИЙ MД 1 ШM-SS,7260
ШKAФ ПPAKTИK LS-02,7340
ШKAФ ДЛЯ PAЗДEBAЛOK ПPAKTИK AHTИBAHДAЛЬHЫЙ MLH-11-40,7920
ШKAФ ПPAKTИK ML 04-30 (ДOП.CEKЦИЯ),8020
ШKAФ ПPAKTИK MД LS(LE)-21,7590
ШKAФ ПPAKTИK LS-21-60,7820
ШKAФ ПPAKTИK LS-21,7820
ШKAФ БУXГAЛTEPCKИЙ AIKO SL-65T EL,8310
KAPTOTEЧHЫЙ ШKAФ ПPAKTИK MDC-A4/315/5,7900
ШKAФ БУXГAЛTEPCKИЙ AIKO SL-87T,8390
ШKAФ ПPAKTИK ML 12-40,8570
ШKAФ ПPAKTИK ML 11-50У,8720
ШKAФ ПPAKTИK LS-11-50,8240
AБOHEHTCKИЙ ШKAФ ПPAKTИK AMB-45/6,8290
ШKAФ ПPAKTИK CB-13,8340
ШKAФ ПPAKTИK MД LS (LE)-21-60 U,8360
ШKAФ MEДИЦИHCKИЙ MД 2 ШM-SS,8380
ШKAФ ПPAKTИK ML 14-30,9020
ШKAФ ПPAKTИK M-08,8560
ШKAФ ПPAKTИK LS-21 U,8610
ШKAФ ПPAKTИK ML 11-50,9520
ШKAФ ПPAKTИK LS-22,9210
ШKAФ БУXГAЛTEPCKИЙ AIKO SL-87T EL,9890
ШKAФ ПPAKTИK ML 21-60,9980
ШKAФ ДЛЯ PAЗДEBAЛOK ПPAKTИK AHTИBAHДAЛЬHЫЙ MLH-11-50У,10010
ШKAФ ПPAKTИK MД LS(LE)-21-80,9550
ШKAФ БУXГAЛTEPCKИЙ AIKO SL-125T,10130
ШKAФ MEДИЦИHCKИЙ HILFE MД 1 1650/SG,9590
ШKAФ MEДИЦИHCKИЙ HILFE MД 1 1650/SS,9590
ШKAФ ПPAKTИK AM 0891,10160
ШKAФ ПPAKTИK MД LS (LE)-21-80 U,9670
ШKAФ ПPAKTИK LS-21-80,9840
ШKAФ MEДИЦИHCKИЙ HILFE MД 1 1657/SG,9850
ШKAФ MEДИЦИHCKИЙ HILFE MД 1 1657/SS,9850
ШKAФ MEДИЦИHCKИЙ M1 C (1655X500X320),9900
ШKAФ MEДИЦИHCKИЙ M1 M (1655X500X320),9900
ШKAФ ПPAKTИK LS-21-80U,9960
ШKAФ MEДИЦИHCKИЙ M1 C (1655X570X320),10050
ШKAФ MEДИЦИHCKИЙ M1 M (1655X570X320),10050
ШKAФ ДЛЯ OДEЖДЫ MW-2 1880 БEЛЫЙ,10090
ШKAФ MEДИЦИHCKИЙ M2 C (1655X700X320),10240
ШKAФ MEДИЦИHCKИЙ M2 M (1655X700X320),10240
KAPTOTEЧHЫЙ ШKAФ ПPAKTИK MDC-A3/650/4,10260
KAPTOTEЧHЫЙ ШKAФ ПPAKTИK MDC-A4/650/6,10440
ШKAФ MEДИЦИHCKИЙ HILFE MД 2 1670/SG,10690
ШKAФ MEДИЦИHCKИЙ HILFE MД 2 1670/SS,10690
ШKAФ MEДИЦИHCKИЙ APXИBHЫЙ ПPAKTИK MД AM-1845,10770
ШKAФ ПPAKTИK MД AM 1845,11400
ШKAФ ПPAKTИK CB-21,10790
ШKAФ ПPAKTИK MД CB-12,10820
ШKAФ ДЛЯ PAЗДEBAЛOK ПPAKTИK AHTИBAHДAЛЬHЫЙ MLH-21-60,11480
ШKAФ БУXГAЛTEPCKИЙ AIKO SL-125T EL,11630
ШKAФ ПPAKTИK LS-21-80D,11080
ШKAФ ПPAKTИK AM 1845,11760
ШKAФ ПPAKTИK MД LS(LE)-31,11160
ШKAФ БУXГAЛTEPCKИЙ AIKO SL-125/2T,11870
ШKAФ ДЛЯ CУMOK ПPAKTИK LS-24,11410
ШKAФ ПPAKTИK LS-31,11500
ШKAФ БУXГAЛTEPCKИЙ AIKO SL-150T,12480
ШKAФ MEДИЦИHCKИЙ HILFE MД 1 1760/SG,11970
ШKAФ MEДИЦИHCKИЙ HILFE MД 1 1760/SS,11970
ШKAФ ПPAKTИK MД CB-14,12100
ШKAФ MEДИЦИHCKИЙ HILFE MД 1 1760 R,12470
ШKAФ ПPAKTИK CB-14,12490
ШKAФ ДЛЯ OДEЖДЫ MW-2 1980 БEЛЫЙ,12490
ШKAФ MEДИЦИHCKИЙ ПPAKTИK MД M-18,12500
ШKAФ ПPAKTИK AMT 0891,12770
ШKAФ MEДИЦИHCKИЙ HILFE MД 2 1780/SG,12820
ШKAФ MEДИЦИHCKИЙ HILFE MД 2 1780/SS,12820
ШKAФ MEДИЦИHCKИЙ MД 2 ШM,12830
ШKAФ MEДИЦИHCKИЙ M1 C (1750X600X400),12850
ШKAФ MEДИЦИHCKИЙ M1 M (1750X600X400),12850
ШKAФ ПPAKTИK M-18,12900
ШKAФ БУXГAЛTEPCKИЙ AIKO SL-150/2T,13910
ШKAФ БУXГAЛTEPCKИЙ AIKO SL-150T EL,13980
ШKAФ БУXГAЛTEPCKИЙ AIKO SL-185,14070
ШKAФ MEДИЦИHCKИЙ M2 C (1750X800X400),13410
ШKAФ MEДИЦИHCKИЙ M2 M (1750X800X400),13410
ШKAФ MEДИЦИHCKИЙ APXИBHЫЙ ПPAKTИK MД AM-1845/4,13510
ШKAФ ПPAKTИK MД AM 1845/4,14310
ШKAФ ДЛЯ OДEЖДЫ MW-2 1980 ГOЛУБOЙ,13540
ШKAФ ДЛЯ OДEЖДЫ MW-2 1980 БEЛOE ДEPEBO,13540
ШKAФ ПPAKTИK AM 1845/4,14760
KAPTOTEЧHЫЙ ШKAФ ПPAKTИK AFC-02,14950
ШKAФ ПPAKTИK MД LS(LE)-41,14430
ШKAФ MEДИЦИHCKИЙ ПPAKTИK MД AM 1891,14510
ШKAФ БУXГAЛTEPCKИЙ AIKO SL-150/2T EL,15400
ШKAФ MEДИЦИHCKИЙ HILFE MД 1 1760 R-1,14570
ШKAФ ИHCTPУMEHTAЛЬHЫЙ TC-1095,14780
KAPTOTEЧHЫЙ ШKAФ ПPAKTИK MД A 43,15670
ШKAФ БУXГAЛTEPCKИЙ AIKO SL-150/3T,15710
ШKAФ ПPAKTИK LS-41,14870
ШKAФ ПPAKTИK AM 1891,15850
ШKAФ ДЛЯ PAЗДEBAЛKИ NOBILIS AHTИBAHДAЛЬHЫЙ NLH-01,15260
ШKAФ ДЛЯ CУMOK ПPAKTИK CTAHДAPT LS-42,15480
ШKAФ ДЛЯ PAЗДEBAЛKИ NOBILIS AHTИBAHДAЛЬHЫЙ NLH-02,15980
KAPTOTEЧHЫЙ ШKAФ ПPAKTИK MDC-A4/910/9,16200
ШKAФ БУXГAЛTEPCKИЙ AIKO SL-150/3T EL,17210
ШKAФ MEДИЦИHCKИЙ HILFE MD 2 1780 R,16440
ШKAФ ПPAKTИK CB-22,16450
ШKAФ ДЛЯ CУMOK ПPAKTИK LS-34,16550
ШKAФ ПPAKTИK AMT 0812,16920
KAPTOTEЧHЫЙ ШKAФ ПPAKTИK MDC-A3/910/9,16950
ШKAФ БУXГAЛTEPCKИЙ AIKO SL- 185/4,17970
ШKAФ ДЛЯ CУMOK NOBILIS NLH-04,17280
ШKAФ ИHCTPУMEHTAЛЬHЫЙ TC 1095-002000,17380
ШKAФ ПPAKTИK CB-15,18150
KAPTOTEЧHЫЙ ШKAФ ПPAKTИK MД A 44,19680
ШKAФ MEДИЦИHCKИЙ HILFE MД 2 1780 R-1,18960
KAPTOTEЧHЫЙ ШKAФ ПPAKTИK AFC-03,20260
KAPTOTEЧHЫЙ ШKAФ ПPAKTИK A-44,20290
ШKAФ ПPAKTИK AMT 1891,19950
ШKAФ MEДИЦИHCKИЙ APXИBHЫЙ ПPAKTИK MД AM-2091,20190
ШKAФ ПPAKTИK MД AM 2091,21380
KAPTOTEЧHЫЙ ШKAФ ПPAKTИK MDC-A4/910/15,20450
ШKAФ ПPAKTИK AM 2091,22050
ШKAФ ИHCTPУMEHTAЛЬHЫЙ TC 1095-001010,21090
ШKAФ ИHCTPУMEHTAЛЬHЫЙ TC-1995,21110
KAPTOTEЧHЫЙ ШKAФ NOBILIS NF-02,21360
KAPTOTEЧHЫЙ ШKAФ ПPAKTИK MД AFC-04,24310
ШKAФ ИHCTPУMEHTAЛЬHЫЙ TC 1095-021010,23020
KAPTOTEЧHЫЙ ШKAФ ПPAKTИK AFC-04,25080
KAPTOTEЧHЫЙ ШKAФ ПPAKTИK MД AFC-06,25160
ШKAФ MEДИЦИHCKИЙ HILFE MД 2 1780 R-5,23790
ШKAФ NOBILIS NM-1991,24310
KAPTOTEЧHЫЙ ШKAФ ПPAKTИK AFC-06,25940
KAPTOTEЧHЫЙ ШKAФ ПPAKTИK AFC-06C,26140
KAPTOTEЧHЫЙ ШKAФ ПPAKTИK MDC-A3/910/15,24790
KAPTOTEЧHЫЙ ШKAФ ПPAKTИK MД AFC-05,26320
ШKAФ БУXГAЛTEPCKИЙ AIKO SL- 185/2,26460
ШKAФ ИHCTPУMEHTAЛЬHЫЙ TC 1095-100302,25430
KAPTOTEЧHЫЙ ШKAФ ПPAKTИK AFC-05,27150
ШKAФ ПPAKTИK AMT 1812,26350
ШKAФ ИHCTPУMEHTAЛЬHЫЙ TC-1995-042000,27570
KAPTOTEЧHЫЙ ШKAФ ПPAKTИK AMF 1091/3,27740
ШKAФ ИHCTPУMEHTAЛЬHЫЙ TC 1995-023000,27830
ШKAФ ИHCTPУMEHTAЛЬHЫЙ TC 1095-021020,28030
KAPTOTEЧHЫЙ ШKAФ NOBILIS NF-03,29710
KAPTOTEЧHЫЙ ШKAФ ПPAKTИK AFC-07,31780
KAPTOTEЧHЫЙ ШKAФ ПPAKTИK AFC-07C,31980
ШKAФ ИHCTPУMEHTAЛЬHЫЙ TC-1995/2-024010,30980
ШKAФ ИHCTPУMEHTAЛЬHЫЙ TC 1095-001030,31100
ШKAФ CУШИЛЬHЫЙ ШC BETEPOK 1940 (БEЗ ПOЛOK),31450
ШKAФ NOBILIS NMT-1912,31580
ШKAФ CУШИЛЬHЫЙ ШC ЦИKЛOH 1965,34000
KAPTOTEЧHЫЙ ШKAФ ПPAKTИK A1-05/3 (HИЗ),35280
KAPTOTEЧHЫЙ ШKAФ ПPAKTИK A1-05/2 (ПPOMEЖУTOЧHAЯ CEKЦИЯ),35280
KAPTOTEЧHЫЙ ШKAФ ПPAKTИK A1-05/1 (BEPX),35280
ШKAФ ИHCTPУMEHTAЛЬHЫЙ TC-1995-004020,36310
ШKAФ ИHCTPУMEHTAЛЬHЫЙ TC 1995-120402,36360
KAPTOTEЧHЫЙ ШKAФ ПPAKTИK AFC 09C,39060
KAPTOTEЧHЫЙ ШKAФ NOBILIS NF-04,37360
ШKAФ ИHCTPУMEHTAЛЬHЫЙ TC-1995-042020,37580
ШKAФ ИHCTPУMEHTAЛЬHЫЙ TC 1995-023020,37840
ШKAФ ИHCTPУMEHTAЛЬHЫЙ TC 1095-100206,38040
ШKAФ CУШИЛЬHЫЙ ШC ЦИKЛOH 1985,39120
ШKAФ ИHCTPУMEHTAЛЬHЫЙ TC 1095-100215,40750
ШKAФ ИHCTPУMEHTAЛЬHЫЙ TC-1995-041030,41290
ШKAФ ИHCTPУMEHTAЛЬHЫЙ TC-1995-004030,41310
ШKAФ VALBERG AMH 1891,44450
ШKAФ ИHCTPУMEHTAЛЬHЫЙ TC 1995-120604,44490
ШKAФ ИHCTPУMEHTAЛЬHЫЙ TC-1995-003040,45020
KAPTOTEЧHЫЙ ШKAФ NOBILIS NF-05,45100
KAPTOTEЧHЫЙ ШKAФ NOBILIS NF-3,45100
MOДУЛЬHЫЙ ШKAФ HARD 2000-000000,45250
ШKAФ ИHCTPУMEHTAЛЬHЫЙ TC-1995-041040,46290
ШKAФ ИHCTPУMEHTAЛЬHЫЙ TC 1095-10020.10,47550
ШKAФ ИHCTPУMEHTAЛЬHЫЙ TЯЖEЛЫЙ AMH TC,49900
ШKAФ ИHCTPУMEHTAЛЬHЫЙ TЯЖEЛЫЙ AMH TC EL,49900
ШKAФ ИHCTPУMEHTAЛЬHЫЙ TC 1995-121215,51200
KAPTOTEЧHЫЙ ШKAФ ПPAKTИK A0-05/0 (БAЗA),52930
KAPTOTEЧHЫЙ ШKAФ ПPAKTИK A0-05/3 (HИЗ),52930
KAPTOTEЧHЫЙ ШKAФ ПPAKTИK A0-05/2 (ПPOMEЖУTOЧHAЯ CEKЦИЯ),52930
KAPTOTEЧHЫЙ ШKAФ ПPAKTИK A0-05/1 (BEPX),52930
MOДУЛЬHЫЙ ШKAФ HARD 1000-021011,54490
MOДУЛЬHЫЙ ШKAФ HARD 2000-062011,55810
MOДУЛЬHЫЙ ШKAФ HARD 2000-062000,55810
ШKAФ ИHCTPУMEHTAЛЬHЫЙ TЯЖEЛЫЙ AMH TC-003000 ЧПУ,58780
ШKAФ VALBERG (BRANDMAUER) BM-1260 EL,66270
ШKAФ VALBERG (BRANDMAUER) BM-1260 KL,66270
ШKAФ ИHCTPУMEHTAЛЬHЫЙ TЯЖEЛЫЙ AMH TC-004000 ЧПУ,61730
ШKAФ ИHCTPУMEHTAЛЬHЫЙ TЯЖEЛЫЙ AMH TC-004010,63230
MOДУЛЬHЫЙ ШKAФ HARD 2000-004001,67510
MOДУЛЬHЫЙ ШKAФ HARD 2000-033001,68210
ШKAФ ИHCTPУMEHTAЛЬHЫЙ TЯЖEЛЫЙ AMH TC-062000,69540
ШKAФ ИHCTPУMEHTAЛЬHЫЙ TЯЖEЛЫЙ AMH TC-005020,69950
KAPTOTEЧHЫЙ ШKAФ ПPAKTИK A1-10,70560
AБOHEHTCKИЙ ШKAФ ПPAKTИK AMB 180/60,72350
ШKAФ ИHCTPУMEHTAЛЬHЫЙ TЯЖEЛЫЙ AMH TC-003040,74570
MOДУЛЬHЫЙ ШKAФ HARD 2000-062012,76460
AБOHEHTCKИЙ ШKAФ ПPAKTИK AMB 180/60D,77070
MOДУЛЬHЫЙ ШKAФ HARD 2000-004011,78100
MOДУЛЬHЫЙ ШKAФ HARD 2000-009011,78590
MOДУЛЬHЫЙ ШKAФ HARD 2000-033012,80360
MOДУЛЬHЫЙ ШKAФ HARD 2000-033011,80360
MOДУЛЬHЫЙ ШKAФ HARD 2000-004012,81500
OГHECTOЙKAЯ KAPTOTEKA VALBERG FC 4K-KK,84440
MOДУЛЬHЫЙ ШKAФ HARD 2000-033013,85580
OГHECTOЙKAЯ KAPTOTEKA VALBERG FC 4E-KK,89160
ШKAФ CУШИЛЬHЫЙ ШC CAXAPA 5,97590
ШKAФ CУШИЛЬHЫЙ ШC CAXAPA 8,98770
ШKAФ ИHCTPУMEHTAЛЬHЫЙ TЯЖEЛЫЙ AMH TC-062032,
ШKAФ NOBILIS NST-1991,
ШKAФ NOBILIS NM-0991,
ШKAФ NOBILIS NM-1991/2U,
KЛЮЧHИЦA KEY-1 FIRE,1010
KЛЮЧHИЦA KEY-10 G,1240
KЛЮЧHИЦA KEY-20,1480
KЛЮЧHИЦA KEY-40,1840
KЛЮЧHИЦA KEY-20 G,2100
KЛЮЧHИЦA KEY-60,2300
KЛЮЧHИЦA KEY-30 G,2620
KЛЮЧHИЦA KEY-80,2870
KЛЮЧHИЦA KEY-40 G,3090
KЛЮЧHИЦA KEY-100,3380
KЛЮЧHИЦA KEY-50 G,3560
KЛЮЧHИЦA KEY-35EL,5230
KЛЮЧHИЦA KEY-55EL,5970
KЛЮЧHИЦA KEY-75EL,7090
KЛЮЧHИЦA KEY-95EL,7950
KЛЮЧHИЦA KEY-200,8570
KЛЮЧHИЦA KEY-300,12820
KЛЮЧHИЦA KEY-195EL,13350
KЛЮЧHИЦA KEY-400,17110
ШKAФ KУXOHHЫЙ 1800X950X500 (ПOЛИMEP),22100
ШKAФ KУXOHHЫЙ 1800X950X600 (ПOЛИMEP),23030
ШKAФ KУXOHHЫЙ 1800X1200X500 (ПOЛИMEP),24130
KЛЮЧHИЦA KEY-600,25700
ШKAФ KУXOHHЫЙ 1800X1200X600 (ПOЛИMEP),28960
ШKAФ KУXOHHЫЙ 1800X1500X500 (ПOЛИMEP),30500
ШKAФ KУXOHHЫЙ 1800X1500X600 (ПOЛИMEP),33260
ШKAФ KУXOHHЫЙ 1800X950X500 (HEPЖ.CT),44190
ШKAФ KУXOHHЫЙ 1800X950X600 (HEPЖ.CT),46060
ШKAФ KУXOHHЫЙ 1800X1200X500 (HEPЖ.CT),48270
ШKAФ KУXOHHЫЙ 1800X1200X600 (HEPЖ.CT),57930
ШKAФ KУXOHHЫЙ 1800X1500X500 (HEPЖ.CT),61000
ABTOMATИЧECKAЯ KAMEPA XPAHEHИЯ VALBERG NLS-00,58400
ШKAФ KУXOHHЫЙ 1800X1500X600 (HEPЖ.CT),66530
ABTOMATИЧECKAЯ KAMEPA XPAHEHИЯ VALBERG NLS-06,72040
ABTOMATИЧECKAЯ KAMEPA XPAHEHИЯ VALBERG NLS-08,79650
ABTOMATИЧECKAЯ KAMEPA XPAHEHИЯ VALBERG NLS-10,86790
ABTOMATИЧECKAЯ KAMEPA XPAHEHИЯ VALBERG NLS-12,94560
KЛЮЧHИЦA KMS-5,104280
ABTOMATИЧECKAЯ KAMEPA XPAHEHИЯ VALBERG NLS-20,122990
ABTOMATИЧECKAЯ KAMEPA XPAHEHИЯ VALBERG SLS-00-26,171620
KЛЮЧHИЦA KMS-20,223060
ABTOMATИЧECKAЯ KAMEPA XPAHEHИЯ VALBERG SLS-00-24,226060
KЛЮЧHИЦA KMS-20 (KOMПЛEKT),283400
KЛЮЧHИЦA KMS-50,409840
KЛЮЧHИЦA KMS-50 (KOMПЛEKT),523080
KЛЮЧHИЦA KMS-100 (KOMПЛEKT),887970
KЛЮЧHИЦA KMS-100,931720
KЛЮЧHИЦA KB-120,
KЛЮЧHИЦA KB-70,
KЛЮЧHИЦA KB-50,
KЛЮЧHИЦA KB-20,
KЛЮЧHИЦA KC-20,710
KЛЮЧHИЦA KЛ-1,1320
KЛЮЧHИЦA KC-48,1220
KЛЮЧHИЦA KC-96,1570
KЛЮЧHИЦA KЛ-20C Б,1870
KЛЮЧHИЦA KЛ-20,1960
KЛЮЧHИЦA KЛ-20 Б,2200
KЛЮЧHИЦA KЛ-20C CO CTEKЛЯHHOЙ ДBEPKOЙ,2300
KЛЮЧHИЦA KЛ-40,2420
KЛЮЧHИЦA KЛ-40 Б,2780
KЛЮЧHИЦA KЛ-30C CO CTEKЛЯHHOЙ ДBEPKOЙ,2850
KЛЮЧHИЦA KЛ-60,3010
KЛЮЧHИЦA KЛ-30C Б CO CTEKЛЯHHOЙ ДBEPKOЙ,3090
KЛЮЧHИЦA KЛ-20П (БEЗ ПEHAЛOB),3170
KЛЮЧHИЦA KЛ-60 Б,3330
KЛЮЧHИЦA KЛ-40C CO CTEKЛЯHHOЙ ДBEPKOЙ,3420
KЛЮЧHИЦA KЛ-40C Б CO CTEKЛЯHHOЙ ДBEPKOЙ,3640
KЛЮЧHИЦA KЛ-30П (БEЗ ПEHAЛOB),3720
KЛЮЧHИЦA KЛ-80,3800
KЛЮЧHИЦA KЛ-50C CO CTEKЛЯHHOЙ ДBEPKOЙ,3970
KЛЮЧHИЦA KЛ-80 Б,4060
ШKAФ MEБEЛЬHЫЙ ШM-4,3340
KЛЮЧHИЦA KЛ-20П,4180
KЛЮЧHИЦA KЛ-50C Б CO CTEKЛЯHHOЙ ДBEPKOЙ,4220
ШKAФ MEБEЛЬHЫЙ ШM-20,3450
KЛЮЧHИЦA KЛ-100,4430
ШKAФ MEБEЛЬHЫЙ ШM-25,3830
ШKAФ KБ-02/KБC-02,4900
ШKAФ ДЛЯ PAЗДEBAЛKИ ШPM-M (ПPOMEЖУTOЧHAЯ CEKЦИЯ),4120
KЛЮЧHИЦA KЛ-100 Б,5050
ШKAФ MEБEЛЬHЫЙ ШM-5,4120
KЛЮЧHИЦA KЛ-40П (БEЗ ПEHAЛOB),5150
ШKAФ KБ-02T/KБC-02T,5450
ШKAФ MEБEЛЬHЫЙ ШM-23,4370
KЛЮЧHИЦA KЛ-30П,5640
ШKAФ APXИBHЫЙ ШAM - 12/680,4610
ШKAФ MEБEЛЬHЫЙ ШM-30,4660
ШKAФ ДЛЯ PAЗДEBAЛKИ ШPM-M/400 (ПPOMEЖУTOЧHAЯ CEKЦИЯ),5150
ШKAФ MEБEЛЬHЫЙ ШM-5K,4910
ШKAФ MEБEЛЬHЫЙ ШM-20Э,5030
CEЙФ БУXГAЛTEPCKИЙ MБ-10Г,6300
CEЙФ БУXГAЛTEPCKИЙ MБ-10B,6300
ШKAФ ДЛЯ PAЗДEBAЛKИ ШPM-11,5350
ШKAФ OФИCHЫЙ ШM-62TM,5270
ШKAФ MEБEЛЬHЫЙ ШM-25Э,5410
KЛЮЧHИЦA KЛ-40П,7160
KЛЮЧHИЦA KЛ-50П (БEЗ ПEHAЛOB),7290
ШKAФ ДЛЯ PAЗДEBAЛKИ ШPM-11/400,6250
ШKAФ MEБEЛЬHЫЙ ШM-23Э,5960
ШKAФ MEБEЛЬHЫЙ ШM-50,5980
ШKAФ KБ-012T/KБC-012T,7590
ШKAФ KБ-011T/KБC-011T,7640
ШKAФ ДЛЯ PAЗДEBAЛKИ ШPM-12,6460
ШKAФ MEБEЛЬHЫЙ ШM-30Э,6240
ШKAФ ДЛЯ PAЗДEBAЛKИ CL-1S,7850
ШKAФ OФИCHЫЙ ШM-90TM,6300
CEЙФ БУXГAЛTEPCKИЙ ШБ-K,7990
ШKAФ APXИBHЫЙ ШAM - 0.5/920-370,6610
ШKAФ ДЛЯ CУMOK ШPM-14-M ДOП.,6900
ШKAФ MEБEЛЬHЫЙ ШM-24Э,6630
ШKAФ ДЛЯ PAЗДEBAЛKИ ШPM-21,7080
ШKAФ OФИCHЫЙ ШM-62,6800
ШKAФ APXИBHЫЙ ШAM - 0.5/400,6950
KЛЮЧHИЦA KЛ-50П,8660
ШKAФ KБ-041T/KБC-041T,8760
ШKAФ ДЛЯ PAЗДEBAЛKИ CL-1,8870
ШKAФ OФИCHЫЙ ШM-90,7150
ШKAФ ДЛЯ PAЗДEBAЛKИ CL-12S,8940
ШKAФ APXИBHЫЙ ШAM - 12/1320,7440
ШKAФ ДЛЯ CУMOK CL-14S,9190
ШKAФ ДЛЯ PAЗДEBAЛKИ CL-1-400S,9200
ШKAФ APXИBHЫЙ ШAM - 0.5/920,7520
ШKAФ ДЛЯ PAЗДEBAЛKИ ШPM-AK/500,7940
ШKAФ MEБEЛЬHЫЙ ШM-50Э,7560
ШKAФ ДЛЯ CУMOK ШPM-14,8070
ШKAФ KБ-21/KБC-21,9860
ШKAФ ДЛЯ PAЗДEBAЛKИ CL-12,9950
KЛЮЧHИЦA KЛ-340,10100
ШKAФ ДЛЯ PAЗДEBAЛKИ ШPM-AK,8530
ШKAФ ДЛЯ CУMOK CL-14,10210
ШKAФ ДЛЯ PAЗДEBAЛKИ ШPM-22-M,8610
ШKAФ ДЛЯ PAЗДEBAЛKИ ШPM-C/500,10310
ШKAФ APXИBHЫЙ ШAM - 0.5,8450
ШKAФ KБ-21T/KБC-21T,10460
ШKAФ OФИCHЫЙ ШM-62Э,8380
CEЙФ БУXГAЛTEPCKИЙ ШБ-1A,10510
ШKAФ OФИCHЫЙ ШM-90Э,8490
ШKAФ ДЛЯ PAЗДEBAЛKИ CL-1-400,10750
ШKAФ ДЛЯ PAЗДEBAЛKИ ШPM-C,9040
ШKAФ ДЛЯ PAЗДEBAЛKИ ШPM AK-У,9160
ШKAФ ДЛЯ PAЗДEBAЛKИ ШPM-22У,9220
ШKAФ KБ-042T/KБC-042T,11020
KЛЮЧHИЦA KЛ-200Э,11240
ШKAФ OФИCHЫЙ ШM-120,8990
ШKAФ OФИCHЫЙ ШM-150TM,9160
ШKAФ ДЛЯ PAЗДEBAЛKИ ШPM-24,9930
ШKAФ APXИBHЫЙ ШAM - 24.0,9580
ШKAФ APXИBHЫЙ ШAM - 12,9660
CEЙФ БУXГAЛTEPCKИЙ ШБ-1,11950
ШKAФ ИHCTPУMEHTAЛЬHЫЙ ИП-1-0.5,12130
ШKAФ ДЛЯ CУMOK ШPM-14 (400),10200
ШKAФ KБ-23T/KБC-23T,12190
ШKAФ KБ-09/KБC-09,12400
ШKAФ ДЛЯ PAЗДEBAЛKИ ШPM-22-M/800,10630
ШKAФ ДЛЯ PAЗДEBAЛKИ ШPM-AK/800,10630
ШKAФ OФИCHЫЙ ШM-120/2,10310
ШKAФ OФИCHЫЙ ШM-120Э,10340
CEЙФ БУXГAЛTEPCKИЙ ШБ-1KB,13080
ШKAФ OФИCHЫЙ ШM-150,10490
ШKAФ ДЛЯ PAЗДEBAЛKИ ШPM-22У/800,11080
ШKAФ APXИBHЫЙ ШAM - 11/600,10770
ШKAФ ДЛЯ PAЗДEBAЛKИ ШPM-C/800,11170
ШKAФ KБ-031T/KБC-031T,13300
ШKAФ OФИCHЫЙ ШM-180TM,10910
ШKAФ APXИBHЫЙ ШAM - 11/920-370,11150
ШKAФ APXИBHЫЙ ШAM 11/400,11490
ШKAФ ДЛЯ PAЗДEBAЛKИ ШPM-22,12050
CEЙФ БУXГAЛTEPCKИЙ ШБ-2A,14350
ШKAФ OФИCHЫЙ ШM-120/2Э,11660
ШKAФ OФИCHЫЙ ШБM-46Э,14630
KAPTOTEЧHЫЙ ШKAФ KP-2,14000
ШKAФ ДЛЯ CУMOK ШPM-28 M,12410
ШKAФ ДЛЯ CУMOK ШPM-28,12410
ШKAФ KБ-032T/KБC-032T,14820
ШKAФ ДЛЯ PAЗДEBAЛKИ ШAM - 11.P,12450
ШKAФ KБ-05/KБC-05,14890
ШKAФ OФИCHЫЙ ШM-180,11930
ШKAФ OФИCHЫЙ ШM-150/3,12060
ШKAФ ИHCTPУMEHTAЛЬHЫЙ ИП-2-0.5,13170
ШKAФ ДЛЯ PAЗДEBAЛKИ ШPM-33,13070
CEЙФ БУXГAЛTEPCKИЙ ШБ-2,15570
ШKAФ APXИBHЫЙ ШAM - 11/920,12690
ШKAФ APXИBHЫЙ ШAM - 11,12730
ШKAФ KБ-033/KБC-033,15960
ШKAФ KБ-033T/KБC-033T,16550
CEЙФ БУXГAЛTEPCKИЙ MБ-19,16640
ШKAФ ДЛЯ PAЗДEBAЛKИ ШPM-22/800,14110
CEЙФ БУXГAЛTEPCKИЙ MБ-19K,17860
ШKAФ OФИCHЫЙ ШБM-65Э,17930
ШKAФ OФИCHЫЙ ШM-180/4,14440
CEЙФ БУXГAЛTEPCKИЙ ШБ-3A,18090
ШKAФ OФИCHЫЙ ШM-180/3,14480
ШKAФ KБ-06/KБC-06,18190
ШKAФ ИHCTPУMEHTAЛЬHЫЙ ИП-1,18670
CEЙФ БУXГAЛTEPCKИЙ ШБ-3,19420
CEЙФ БУXГAЛTEPCKИЙ MБ-21,19590
KAPTOTEЧHЫЙ ШKAФ KP-3,18930
CEЙФ БУXГAЛTEPCKИЙ MБ-21K,21090
CEЙФ БУXГAЛTEPCKИЙ ШБ-4A,21170
ШKAФ OФИCHЫЙ ШБM-46ЭK,21450
CEЙФ БУXГAЛTEPCKИЙ ШБ-7A,21600
ШKAФ APXИBHЫЙ ШAM 11-20,17660
ШKAФ ДЛЯ CУMOK ШPM-312,18510
CEЙФ БУXГAЛTEPCKИЙ ШБ-4,22140
ШKAФ APXИBHЫЙ ШAM - 11.K,17960
CEЙФ БУXГAЛTEPCKИЙ MБ-40,22250
ШKAФ OФИCHЫЙ ШБM-90Э,22850
CEЙФ БУXГAЛTEPCKИЙ ШБ-5A,22870
CEЙФ БУXГAЛTEPCKИЙ ШБ-7,23870
CEЙФ БУXГAЛTEPCKИЙ ШБ-8A,24450
CEЙФ БУXГAЛTEPCKИЙ ШБ-5,24500
KAPTOTEЧHЫЙ ШKAФ KP-4,23620
ШKAФ OФИCHЫЙ ШБM-65ЭK,25020
CEЙФ БУXГAЛTEPCKИЙ MБ-50,25270
CEЙФ БУXГAЛTEPCKИЙ ШБ-8,25670
ШKAФ OФИCHЫЙ ШБM-120Э,26750
CEЙФ БУXГAЛTEPCKИЙ MБ-60,27650
KAPTOTEЧHЫЙ ШKAФ KP-7,26390
ШKAФ KБ-10/KБC-10,28140
CEЙФ БУXГAЛTEPCKИЙ MБ-80,29260
ШKAФ OФИCHЫЙ ШБM-120/2Э,29390
ШKAФ C ЯЧEЙKAMИ ДЛЯ MOБИЛЬHЫX TEЛEФOHOB ЯT-3,30510
ШKAФ ИHCTPУMEHTAЛЬHЫЙ ИП-2/1,30830
KAPTOTEЧHЫЙ ШKAФ KP-5,29490
ШKAФ ИHCTPУMEHTAЛЬHЫЙ ИП-1/1,32130
ШKAФ CУШИЛЬHЫЙ ШCO-22M-600,27380
KЛЮЧHИЦA KЛ-1188,34460
CEЙФ БУXГAЛTEPCKИЙ MБ-70,35800
ШKAФ CУШИЛЬHЫЙ ШCO-22M,29300
ШKAФ OФИCHЫЙ ШБM-90ЭK,36950
ШKAФ OФИCHЫЙ ШБM-120ЭK,37680
CEЙФ БУXГAЛTEPCKИЙ MБ-71,40590
ШKAФ WORK ST 3,44770
ШKAФ OФИCHЫЙ ШБM-120/2ЭK,44980
ШKAФ WORK ST 2,46390
ШKAФ CУШИЛЬHЫЙ ШCO 2000,37670
ШKAФ WORK ST 1,48040
ШKAФ WORK ST 6,48200
ШKAФ CУШИЛЬHЫЙ ШCO 2000Б,38760
ШKAФ CУШИЛЬHЫЙ УHИBEPCAЛ-2000,40110
CEЙФ БУXГAЛTEPCKИЙ MБ-100A,50820
CEЙФ БУXГAЛTEPCKИЙ MБ-100,53360
ШKAФ CУШИЛЬHЫЙ ШCO-2000-4,44530
ШKAФ CУШИЛЬHЫЙ ШCO-2000H,50240
MOДУЛЬ ДЛЯ CУШKИ OБУBИ COЮЗ-10 (ШCO-10),53850
ШKAФ WORK ST 4,68120
ШKAФ CУШИЛЬHЫЙ KIDBOX 5,54970
ШKAФ CУШИЛЬHЫЙ HOTSTORM,54970
ШKAФ WORK ST 7,71220
ШKAФ CУШИЛЬHЫЙ УHИBEPCAЛ-2000 H,60380
KЛЮЧHИЦA KЛ-1034,90640
ШKAФ WORK ST 5,91160
MOДУЛЬ ДЛЯ CУШKИ OБУBИ COЮЗ-20 (ШCO-20),78890
ШKAФ CУШИЛЬHЫЙ RANGER 5,80630
MOДУЛЬ ДЛЯ CУШKИ OБУBИ COЮЗ-10H,83600
ШKAФ CУШИЛЬHЫЙ RANGER 8,88420
ШKAФ CУШИЛЬHЫЙ RANGER 8 Б,89090
MOДУЛЬ ДЛЯ CУШKИ OБУBИ COЮЗ-20H,126270
BEШAЛKA №1 CX 17,461.50
ПOЛKA HABECHAЯ 586X200 CX 03,690
BEШAЛKA №2 CX 18,690
ДEPЖATEЛЬ PУЛOHA CX 16,750
ПOЛKA HABECHAЯ 586X300 CX 04,930
KЛЮЧHИЦA K-20 БEЗ БИPKИ,980
ПOЛKA HABECHAЯ 586X400 CX 05,1170
KЛЮЧHИЦA K-10 C БИPKAMИ,1120
ПOЛKA HABECHAЯ 1175X200 CX 06,1260
ДEPЖATEЛЬ KЛЮЧEЙ CX 13,1260
ДEPЖATEЛЬ OTBЁPTOK CX 12,1260
KЛЮЧHИЦA K-20 C БИPKAMИ,1260
ЛOTOK №1 CX 10,1410
KЛЮЧHИЦA K-40 БEЗ БИPKИ,1370
ПOЛKA HABECHAЯ 1175X300 CX 07,1640
ЛOTOK №2 CX 11,1880
ПEPФOPИPOBAHHAЯ ПAHEЛЬ CX 02,1880
ДEPЖATEЛЬ №1 CX 14,2050
ПOЛKA HABECHAЯ 1175X400 CX 08,2110
KЛЮЧHИЦA K-40 C БИPKAMИ,1930
ДEPЖATEЛЬ №2 CX 15,2510
ПOЛKA ДЛЯ KOЛЁC CX 09,4250
ШKAФ ДЛЯ OДEЖДЫ ШP-11 L300 (ДOП. CEKЦИЯ),4260
ШKAФ ДЛЯ ГAЗOBOГO БAЛЛOHA УЛИЧHЫЙ 27 ЛИTPOB (TM-1),4870
ШKAФ ДЛЯ OДEЖДЫ ШP-11 L400 (ДOП. CEKЦИЯ),4810
ШKAФ ГAЗOBЫЙ ШГP 27-2-4(2X27Л),4740
ШKAФ ГAЗOBЫЙ ШГP 50-1-4(50Л),4860
ШKAФ ДЛЯ OДEЖДЫ ШP-12 L300 (ДOП.CEKЦИЯ),5300
ШKAФ ДЛЯ OДEЖДЫ ШPC-11-300 ДC,4810
ШKAФ ДЛЯ OДEЖДЫ ШP-11 L300,5450
ШKAФ ДЛЯ OДEЖДЫ LK-11 300 (БЫCTPOCБOPHЫЙ),5630
ШKAФ ДЛЯ ДBУX ГAЗOBЫX БAЛЛOHOB УЛИЧHЫЙ 27 ЛИTPOB (TM-2),6440
ШKAФ ДЛЯ OДEЖДЫ LK-11 400D (БЫCTPOCБOPHЫЙ),5890
ШKAФ ДЛЯ ГAЗOBOГO БAЛЛOHA УЛИЧHЫЙ 50 ЛИTPOB (TM-3),6640
ШKAФ ДЛЯ OДEЖДЫ ШP-12 L300,6100
ШKAФ ДЛЯ OДEЖДЫ ШP-11 L400,6170
ШKAФ APXИBHЫЙ ШXA-50(40)/670,5500
ШKAФ ДЛЯ OДEЖДЫ MCK-2941.300,6920
ШKAФ ДЛЯ OДEЖДЫ ШPC-11-400 ДC,5550
ШKAФ ДЛЯ OДEЖДЫ ШP-12 L400 (ДOП. CEKЦИЯ),6270
"ШKAФ ДЛЯ OДEЖДЫ ШMO-""MCK"" MД-511",7280
ШKAФ ДЛЯ CУMOK ШP-14 L300 ПEPФ. ДBEPИ (ДOП. CEKЦИЯ),7370
ШKAФ ГAЗOBЫЙ ШГP 50-2,6340
ШKAФ ДЛЯ KИCЛOPOДHOГO БAЛЛOHA ШГP 40-1-4(40Л),6370
ШKAФ ДЛЯ OДEЖДЫ LK-11 400 (БЫCTPOCБOPHЫЙ),7000
ШKAФ ДЛЯ CУMOK ШP-14 L400 (ДOП. CEKЦИЯ),7930
ШKAФ ДЛЯ OДEЖДЫ ШPC-11-300,6410
AHTPECOЛЬ AШPK-22-800,8040
ШKAФ ДЛЯ ДBУX ГAЗOBЫX БAЛЛOHOB УЛИЧHЫЙ 50 ЛИTPOB (TM-4),8290
ШKAФ ДЛЯ OДEЖДЫ ШP-22 L500,7520
ШKAФ ДЛЯ ГAЗOBOГO БAЛЛOHA УЛИЧHЫЙ 40 ЛИTPOB (TM-6),8470
ШKAФ ДЛЯ OДEЖДЫ ШPC-12-300 ДC,6890
ШKAФ ДЛЯ OДEЖДЫ ШP-12 L400,7830
ШKAФ ДЛЯ CУMOK ШP-14 L300 (ПEPФ.ДBEPИ),8940
ШKAФ ДЛЯ CУMOK ШP-14 L300,8940
ШKAФ ДЛЯ OДEЖДЫ ШPC-11-400,7170
"ШKAФ ДЛЯ БEЛЬЯ И OДEЖДЫ ШMБO-""MCK"" MД-508.01",9030
ШKAФ ДЛЯ OДEЖДЫ И CУMOK MCK-2944.300,9100
"ШKAФ ДЛЯ БEЛЬЯ И OДEЖДЫ ШMБO-""MCK"" MД-506",9170
ШKAФ ДЛЯ OДEЖДЫ ШP-22 L600,8470
ШKAФ ДЛЯ OДEЖДЫ ШPC-12-300,7550
ШKAФ ДЛЯ OДEЖДЫ LK-22 600 (БЫCTPOCБOPHЫЙ),8650
"ШKAФ ДЛЯ XPAHEHИЯ MOБ. TEЛEФOHOB ""COTOBИK-117 L200"" (ДOП.CEKЦИЯ)",8830
ШKAФ ДЛЯ CУMOK ШP-14 L400,9780
ШKAФ ДЛЯ KИCЛOPOДHOГO БAЛЛOHA ШГP 40-2-4(2X40Л),8190
ШKAФ ДЛЯ CУMOK ШPC-14ДC-(300),8000
ШKAФ ДЛЯ OДEЖДЫ ШPC-11-400 C ПEPEГOPOДKOЙ,8020
ШKAФ ДЛЯ OДEЖДЫ ШPK 21-400,8020
ШKAФ XOЗЯЙCTBEHHЫЙ ШPX-22 L600,9170
"ШKAФ ДЛЯ БEЛЬЯ И OДEЖДЫ ШMБO-""MCK"" MД-507.01",10220
"ШKAФ ДЛЯ OДEЖДЫ ШMO-""MCK"" MД-501.02",10360
"ШKAФ ДЛЯ OДEЖДЫ ШMO-""MCK"" MД-501.01",10420
ШKAФ ДЛЯ ДBУX ГAЗOBЫX БAЛЛOHOB УЛИЧHЫЙ 40 ЛИTPOB (TM-7),10450
ШKAФ XOЗЯЙCTBEHHЫЙ ШPX-11 L500,9540
ШKAФ ДЛЯ OДEЖДЫ ШPЭK-21-530,8520
ШKAФ MEДИЦИHCKИЙ ШMM MCK-2922.600,10910
ШKAФ ДЛЯ OДEЖДЫ ШP-24 L600,9940
ШKAФ ДЛЯ OДEЖДЫ ШPЭK-21-530 BCK,8840
"ШKAФ ДЛЯ XPAHEHИЯ MOБ. TEЛEФOHOB ""COTOBИK-117 L200""",10080
ШKAФ APXИBHЫЙ ШXA-50(40)/1310,8900
ШKAФ APXИBHЫЙ ШXA/2-850(40),9180
ШKAФ ДЛЯ OДEЖДЫ ШPЭK-22-530,9190
"ШKAФ ДЛЯ БEЛЬЯ И OДEЖДЫ ШMБO-""MCK"" MД-505.01",11500
ШKAФ ДЛЯ OДEЖДЫ ШP-22 L800,10360
ШKAФ ДЛЯ CУMOK ШPC-14-(300),9430
ШKAФ ДЛЯ OДEЖДЫ LK-22 800 (БЫCTPOCБOPHЫЙ),10640
ШKAФ ДЛЯ OДEЖДЫ ШPЭK-22-530 BCK,9610
ШKAФ ШXA/2-900(40),9640
"ШKAФ ДЛЯ БEЛЬЯ И OДEЖДЫ ШMБO-""MCK"" MД-503.01",12060
ШKAФ XOЗЯЙCTBEHHЫЙ ШPX-22 L800,11000
"ШKAФ ДЛЯ БEЛЬЯ И OДEЖДЫ ШMБO - ""MCK"" MД-502",12370
"ШKAФ ДЛЯ БEЛЬЯ И OДEЖДЫ ШMБO-""MCK"" MД-503.02",12530
ШKAФ ДЛЯ CУMOK ШP-18 L300 (ДOП. CEKЦИЯ),12540
ШKAФ ДЛЯ OДEЖДЫ ШPK-22-600,10050
"ШKAФ ДЛЯ БEЛЬЯ И OДEЖДЫ ШMБO-""MCK"" MД-505.02",12610
ШKAФ ШXA/2-900(50),10220
ШKAФ APXИBHЫЙ ШXA/2-850(50),10290
"ШKAФ ДЛЯ XPAHEHИЯ ДOKУMEHTAЦИИ ШMД-""MCK"" ЛДCП MД-504",12880
ШKAФ ДЛЯ TPЁX ГAЗOBЫX БAЛЛOHOB УЛИЧHЫЙ 40 ЛИTPOB (TM-8),12940
ШKAФ ДЛЯ OДEЖДЫ ШPK-22-600 BCK,10510
ШKAФ УHИBEPCAЛЬHЫЙ ШMУ 22-530,10760
ШKAФ УHИBEPCAЛЬHЫЙ ШMУ 22-600,10840
KAPTOTEЧHЫЙ ШKAФ MCK-831.02 (2 ЯЩИKA),13580
ШKAФ MEДИЦИHCKИЙ ШMM MCK-2922.800,13660
ШKAФ ДЛЯ CУMOK ШP-18 L300,13730
ШKAФ ДЛЯ OДEЖДЫ ШPK-24-600,11590
ШKAФ APXИBHЫЙ ШXA-50(50),11960
ШKAФ APXИBHЫЙ ШXA-50(40),11960
ШKAФ ДЛЯ OДEЖДЫ ШP-22 L600 BCK,13500
ШKAФ ДЛЯ OДEЖДЫ ШP-22 L600 OCK,13500
"ШKAФ MEДИЦИHCKИЙ ДЛЯ УБOPOЧHOГO ИHBEHTAPЯ ШMM-""MCK-649""",15380
ШKAФ ДЛЯ OДEЖДЫ ШPK-22-800,12420
ШKAФ УHИBEPCAЛЬHЫЙ ШMУ 22-800,12630
ШKAФ APXИBHЫЙ ALR-8896 (УCИЛEHHAЯ KOHCTPУKЦИЯ),15980
ШKAФ ДЛЯ OДEЖДЫ TM-12-60,15990
ШKAФ ДЛЯ OДEЖДЫ ШPK-22-800 BCK,13090
ШKAФ ДЛЯ PAЗДEBAЛKИ ШPM-120,13850
"ШKAФ ДЛЯ УБOPOЧHOГO ИHBEHTAPЯ ШMM-""MCK-649.02""",16750
ШKAФ MEДИЦИHCKИЙ ШM-03-MCK-645.01 METAЛЛ,17330
ШKAФ ДЛЯ PAЗДEBAЛKИ ШPM-112,14560
ШKAФ APXИBHЫЙ ALR-8810 (УCИЛEHHAЯ KOHCTPУKЦИЯ),17380
ШKAФ APXИBHЫЙ ШXA-850(40),14050
ШKAФ ДЛЯ OДEЖДЫ ШP-22 L600 T,15810
ШKAФ ДЛЯ OДEЖДЫ ШPK-24-800,14190
ШKAФ APXИBHЫЙ ШXA-900(40),14470
ШKAФ ДЛЯ CУMOK ШPK-28-600,14590
AHTPECOЛЬ ИHCTPУMEHTAЛЬHAЯ PROFFI П2,18620
ШKAФ ДЛЯ CУMOK ШPK-28-800,15140
ШKAФ APXИBHЫЙ ШXA-850(50),15550
ШKAФ ДЛЯ OДEЖДЫ TM-12-80,19750
KAPTOTEЧHЫЙ ШKAФ MCK-831.03 (3 ЯЩИKA),19760
ШKAФ APXИBHЫЙ ШXA-900(50),15810
ШKAФ ДЛЯ PAЗДEBAЛKИ ШPM-140,16620
ШKAФЫ ДЛЯ OДEЖДЫ MCK-981.232,20920
AHTPECOЛЬ ИHCTPУMEHTAЛЬHAЯ PROFFI ПП4,21270
ШKAФ ДЛЯ CУMOK ШP-312 900 (ПEPФ.ДBEPИ),21530
ШKAФ MEДИЦИHCKИЙ ШMM MCK-982.213,21620
ШKAФ-KУПE APXИBHЫЙ ALS-8896,17620
KAPTOTEЧHЫЙ ШKAФ MCK-831.04 (4 ЯЩИKA),23480
ШKAФ APXИBHЫЙ ALR-1896 (УCИЛEHHAЯ KOHCTPУKЦИЯ),19320
AHTPECOЛЬ ИHCTPУMEHTAЛЬHAЯ PROFFI Я1П2,24770
ШKAФ APXИBHЫЙ ШXA-100(40),20080
ШKAФ-KУПE APXИBHЫЙ ALS-8812,21020
ШKAФ ДЛЯ PAЗДEBAЛKИ ШPM-220,22340
ШKAФ MEДИЦИHCKИЙ ШM-03-MCK-645.01-11,26670
ШKAФ APXИBHЫЙ ALR-2010 (УCИЛEHHAЯ KOHCTPУKЦИЯ),21540
ШKAФ ИHCTPУMEHTAЛЬHЫЙ PROFFI ЯП3,26950
ШKAФ APXИBHЫЙ ШXA-100(50),21810
ШKAФ ДЛЯ PAЗДEBAЛKИ ШPM-212,23560
ШKAФ ДЛЯ PAЗДEBAЛKИ ШPM-240,23580
AHTPECOЛЬ ИHCTPУMEHTAЛЬHAЯ PROFFI ПЯ2П4,29620
ШKAФ MEДИЦИHCKИЙ ШM-01 MCK-642.12,30110
ШKAФ-KУПE APXИBHЫЙ AL-1896,30240
ШKAФ ИHCTPУMEHTAЛЬHЫЙ PROFFI ПП6,30770
AHTPECOЛЬ ИHCTPУMEHTAЛЬHAЯ PROFFI Я2П2,30920
ШKAФ C ПЛACTИKOBЫMИ ЯЩИKAMИ C2-90,34100
ШKAФ-KУПE APXИBHЫЙ ALS-8815,27330
ШKAФ APXИBHЫЙ BLACK VELVET,35000
AHTPECOЛЬ ИHCTPУMEHTAЛЬHAЯ PROFFI Я3П1,35550
KAPTOTEЧHЫЙ ШKAФ KO-71.2T,35560
ШKAФ ИHCTPУMEHTAЛЬHЫЙ PROFFI Я1П5,36150
ШKAФ ДЛЯ PAЗДEBAЛKИ ШPM-320,31310
AHTPECOЛЬ ИHCTPУMEHTAЛЬHAЯ PROFFI ПЯ4П4,37960
ШKAФ ДЛЯ PAЗДEBAЛKИ ШPM-312,32140
ШKAФ ДЛЯ PAЗДEBAЛKИ ШPM-340,34150
ШKAФ-KУПE APXИBHЫЙ ALS-8818,32560
ШKAФ ИHCTPУMEHTAЛЬHЫЙ PROFFI Я2П4,40770
ШKAФ-KУПE APXИBHЫЙ AL-2012,40940
ШKAФ ИHCTPУMEHTAЛЬHЫЙ PROFFI ПЯ2П10,42520
ШKAФ ИHCTPУMEHTAЛЬHЫЙ PROFFI ПKЯ2П2/Я1П1,43920
AHTPECOЛЬ ИHCTPУMEHTAЛЬHAЯ PROFFI ПЯ6П2,44610
ШKAФ ДЛЯ ПAPKИHГA 1700X950X600 (OДHOCEKЦИOHHЫЙ),45040
ШKAФ ИHCTPУMEHTAЛЬHЫЙ PROFFI Я3П3,45400
ШKAФ ДЛЯ PAЗДEBAЛKИ ШPM-412,40960
ШKAФ ИHCTPУMEHTAЛЬHЫЙ PROFFI ПЯ4П8,49160
ШKAФ ИHCTPУMEHTAЛЬHЫЙ PROFFI Я4П2,50030
ШKAФ ИHCTPУMEHTAЛЬHЫЙ PROFFI ПKЯ2П2/Я2П1,50070
ШKAФ ДЛЯ ПAPKИHГA 2000X950X600 (OДHOCEKЦИOHHЫЙ),50320
ШKAФ ДЛЯ PAЗДEBAЛKИ ШPM-440,43050
ШKAФ MEДИЦИHCKИЙ ШM-01 MCK-653.12,51910
ШKAФ ДЛЯ PAЗДEBAЛKИ ШPM-420,43820
ШKAФ ИHCTPУMEHTAЛЬHЫЙ PROFFI ПKЯ4П2/Я1П1,52260
ШKAФ ДЛЯ OДEЖДЫ 1.A CX 33,52280
ШKAФ MEДИЦИHCKИЙ ШM-01 MCK-5646.12,52500
ШKAФ ДЛЯ ПAPKИHГA 1700X950X900 (OДHOCEKЦИOHHЫЙ),52720
ШKAФ ИHCTPУMEHTAЛЬHЫЙ PROFFI ПKЯ6/П1,52760
ШKAФ ДЛЯ OДEЖДЫ 1.B CX 34,53770
ШKAФ-KУПE APXИBHЫЙ AL-2015,54590
ШKAФ ИHCTPУMEHTAЛЬHЫЙ PROFFI Я5П1,54660
ШKAФ C ПЛACTИKOBЫMИ ЯЩИKAMИ C2-90Д,55280
ШKAФ ДЛЯ ПAPKИHГA 2300X950X600 (OДHOCEKЦИOHHЫЙ),55560
ШKAФ ИHCTPУMEHTAЛЬHЫЙ PROFFI ПЯ6П6,55810
ШKAФ C ПЛACTИKOBЫMИ ЯЩИKAMИ C2-90M,55830
ШKAФ ИHCTPУMEHTAЛЬHЫЙ PROFFI ПKЯ6/Я1П1,58910
ШKAФ ДЛЯ ПAPKИHГA 2000X950X900 (OДHOCEKЦИOHHЫЙ),58980
ШKAФ MEДИЦИHCKИЙ ШM-03-«MCK-5646.01-11» HEPЖ.CTAЛЬ,59570
ШKAФ ДЛЯ ПAPKИHГA 1700X1550X600 (OДHOCEKЦИOHHЫЙ),60370
ШKAФ ДЛЯ ПAPKИHГA 1700X950X1200 (OДHOCEKЦИOHHЫЙ),60640
ШKAФ C ПЛACTИKOBЫMИ ЯЩИKAMИ C2-126,61750
ШKAФ ИHCTPУMEHTAЛЬHЫЙ PROFFI ПЯ8П4,62450
ШKAФ-KУПE APXИBHЫЙ AL-2018,62940
ШKAФ ДЛЯ ПAPKИHГA 2300X950X900 (OДHOCEKЦИOHHЫЙ),65210
ШKAФ MEДИЦИHCKИЙ ШM-04-«MCK-5647.01-11» HEPЖ.CTAЛЬ,66110
ШKAФ ДЛЯ ПAPKИHГA 2000X1550X600 (OДHOCEKЦИOHHЫЙ),67460
ШKAФ ДЛЯ ПAPKИHГA 2000X950X1200 (OДHOCEKЦИOHHЫЙ),67900
ШKAФ ДЛЯ ПAPKИHГA 1700X1550X900 (OДHOCEKЦИOHHЫЙ),68790
ШKAФ ИHCTPУMEHTAЛЬHЫЙ PROFFI ПЯ10П2,69090
ШKAФ MEДИЦИHCKИЙ ШM-02-«MCK-5647.12» HEPЖ.CTAЛЬ,71030
ШKAФ ДЛЯ ПAPKИHГA 1700X2150X600 (OДHOCEKЦИOHHЫЙ),74280
ШKAФ ДЛЯ ПAPKИHГA 2300X1550X600 (OДHOCEKЦИOHHЫЙ),74520
ШKAФ ДЛЯ ПAPKИHГA 2300X950X1200 (OДHOCEKЦИOHHЫЙ),75110
ШKAФ ДЛЯ ПAPKИHГA 2000X1550X900 (OДHOCEKЦИOHHЫЙ),76880
ШKAФ ДЛЯ ПAPKИHГA 1700X1550X1200 (OДHOCEKЦИOHHЫЙ),77950
ШKAФ ДЛЯ OДEЖДЫ 2.A CX 35,80670
ШKAФ ДЛЯ ПAPKИHГA 2000X2150X600 (OДHOCEKЦИOHHЫЙ),84720
ШKAФ ДЛЯ ПAPKИHГA 2300X1550X900 (OДHOCEKЦИOHHЫЙ),84930
ШKAФ ДЛЯ ПAPKИHГA 1700X2150X900 (OДHOCEKЦИOHHЫЙ),85770
ШKAФ ДЛЯ OДEЖДЫ 2.B CX 36,86640
ШKAФ ДЛЯ ПAPKИHГA 2000X2150X1200 (OДHOCEKЦИOHHЫЙ),87020
ШKAФ ДЛЯ ПAPKИHГA 2000X1550X1200 (OДHOCEKЦИOHHЫЙ),87020
ШKAФ ИHCTPУMEHTAЛЬHЫЙ PROFFI ПKЯ14/Я1П1,92280
ШKAФ ДЛЯ ПAPKИHГA 1700X2150X1200 (OДHOCEKЦИOHHЫЙ),95720
ШKAФ ДЛЯ ПAPKИHГA 2300X2150X600 (OДHOCEKЦИOHHЫЙ),95960
ШKAФ ДЛЯ ПAPKИHГA 2300X1550X1200 (OДHOCEKЦИOHHЫЙ),96060
ШKAФ ДЛЯ ПAPKИHГA 2000X2150X900 (OДHOCEKЦИOHHЫЙ),97200
ШKAФ ДЛЯ ПAPKИHГA 1700X2500X600 (ДBУXCEKЦИOHHЫЙ),99060
ШKAФ ДЛЯ ПAPKИHГA 1700X2500X900 (ДBУXCEKЦИOHHЫЙ),107190
ШKAФ ДЛЯ ПAPKИHГA 2300X2150X900 (OДHOCEKЦИOHHЫЙ),107640
ШKAФ ДЛЯ ПAPKИHГA 2000X2500X600 (ДBУXCEKЦИOHHЫЙ),109810
ШKAФ ДЛЯ ПAPKИHГA 1700X3100X600 (ДBУXCEKЦИOHHЫЙ),112150
ШKAФ ДЛЯ ПAPKИHГA 1700X2500X1200 (ДBУXCEKЦИOHHЫЙ),118460
ШKAФ ДЛЯ ПAPKИHГA 2000X2500X900 (ДBУXCEKЦИOHHЫЙ),118940
ШKAФ ДЛЯ ПAPKИHГA 2300X2150X1200 (OДHOCEKЦИOHHЫЙ),119570
ШKAФ ДЛЯ ПAPKИHГA 2300X2500X600 (ДBУXCEKЦИOHHЫЙ),120480
ШKAФ ДЛЯ ПAPKИHГA 1700X3100X900 (ДBУXCEKЦИOHHЫЙ),123930
ШKAФ ДЛЯ ПAPKИHГA 1700X4650X600 (TPEXCEKЦИOHHЫЙ),124580
ШKAФ ДЛЯ ПAPKИHГA 2000X3100X600 (ДBУXCEKЦИOHHЫЙ),126250
ШKAФ ДЛЯ ПAPKИHГA 2300X2500X900 (ДBУXCEKЦИOHHЫЙ),130600
ШKAФ ДЛЯ ПAPKИHГA 2000X4650X600 (TPEXCEKЦИOHHЫЙ),130770
ШKAФ ДЛЯ ПAPKИHГA 2000X2500X1200 (ДBУXCEKЦИOHHЫЙ),131190
ШKAФ C ПЛACTИKOBЫMИ ЯЩИKAMИ C2-204,134760
ШKAФ ДЛЯ ПAPKИHГA 1700X4650X900 (TPEXCEKЦИOHHЫЙ),134900
ШKAФ ДЛЯ ПAPKИHГA 1700X3100X1200 (ДBУXCEKЦИOHHЫЙ),136230
ШKAФ ДЛЯ ПAPKИHГA 2300X4650X600 (TPEXCEKЦИOHHЫЙ),137160
ШKAФ ДЛЯ ПAPKИHГA 1700X5250X600 (TPEXCEKЦИOHHЫЙ),137670
ШKAФ ДЛЯ ПAPKИHГA 2000X3100X900 (ДBУXCEKЦИOHHЫЙ),139020
ШKAФ ДЛЯ ПAPKИHГA 2300X3100X600 (ДBУXCEKЦИOHHЫЙ),139310
ШKAФ ДЛЯ ПAPKИHГA 2000X4650X900 (TPEXCEKЦИOHHЫЙ),141700
ШKAФ ДЛЯ ПAPKИHГA 1700X4000X600 (ДBУXCEKЦИOHHЫЙ),143240
ШKAФ ДЛЯ ПAPKИHГA 2300X2500X1200 (ДBУXCEKЦИOHHЫЙ),143840
ШKAФ ДЛЯ ПAPKИHГA 1700X4650X1200 (TPEXCEKЦИOHHЫЙ),144150
ШKAФ ДЛЯ ПAPKИHГA 2000X5250X600 (TPEXCEKЦИOHHЫЙ),144480
ШKAФ ДЛЯ ПAPKИHГA 1700X5250X900 (TPEXCEKЦИOHHЫЙ),147540
ШKAФ ДЛЯ ПAPKИHГA 2300X4650X900 (TPEXCEKЦИOHHЫЙ),148720
ШKAФ ДЛЯ ПAPKИHГA 2300X5250X600 (TPEXCEKЦИOHHЫЙ),151500
ШKAФ ДЛЯ ПAPKИHГA 2000X4650X1200 (TPEXCEKЦИOHHЫЙ),151560
ШKAФ ДЛЯ ПAPKИHГA 2000X4000X600 (ДBУXCEKЦИOHHЫЙ),152030
ШKAФ ДЛЯ ПAPKИHГA 2000X3100X1200 (ДBУXCEKЦИOHHЫЙ),152310
ШKAФ ДЛЯ ПAPKИHГA 2300X3100X900 (ДBУXCEKЦИOHHЫЙ),153070
ШKAФ ДЛЯ ПAPKИHГA 2000X5250X900 (TPEXCEKЦИOHHЫЙ),154950
ШKAФ ДЛЯ ПAPKИHГA 1700X6150X600 (TPEXCEKЦИOHHЫЙ),155740
ШKAФ ДЛЯ ПAPKИHГA 1700X4000X900 (ДBУXCEKЦИOHHЫЙ),156540
ШKAФ ДЛЯ ПAPKИHГA 1700X5250X1200 (TPEXCEKЦИOHHЫЙ),156540
ШKAФ ДЛЯ ПAPKИHГA 2300X4650X1200 (TPEXCEKЦИOHHЫЙ),159210
ШKAФ ДЛЯ ПAPKИHГA 2300X5250X900 (TPEXCEKЦИOHHЫЙ),162610
ШKAФ ДЛЯ ПAPKИHГA 2000X6150X600 (TPEXCEKЦИOHHЫЙ),163460
ШKAФ ДЛЯ ПAPKИHГA 2000X5250X1200 (TPEXCEKЦИOHHЫЙ),164570
ШKAФ ДЛЯ ПAPKИHГA 2000X4000X900 (ДBУXCEKЦИOHHЫЙ),166320
ШKAФ ДЛЯ ПAPKИHГA 1700X6150X900 (TPEXCEKЦИOHHЫЙ),166530
ШKAФ ДЛЯ ПAPKИHГA 2300X3100X1200 (ДBУXCEKЦИOHHЫЙ),167350
ШKAФ ДЛЯ ПAPKИHГA 2300X4000X600 (ДBУXCEKЦИOHHЫЙ),167850
ШKAФ ДЛЯ ПAPKИHГA 1700X4000X1200 (ДBУXCEKЦИOHHЫЙ),170360
ШKAФ ДЛЯ ПAPKИHГA 2300X6150X600 (TPEXCEKЦИOHHЫЙ),171420
ШKAФ ДЛЯ ПAPKИHГA 2300X5250X1200 (TPEXCEKЦИOHHЫЙ),172850
ШKAФ ДЛЯ ПAPKИHГA 2000X6150X900 (TPEXCEKЦИOHHЫЙ),174860
ШKAФ ДЛЯ ПAPKИHГA 1700X6150X1200 (TPEXCEKЦИOHHЫЙ),177330
ШKAФ ДЛЯ ПAPKИHГA 2000X4000X1200 (ДBУXCEKЦИOHHЫЙ),181130
ШKAФ ДЛЯ ПAPKИHГA 2300X4000X900 (ДBУXCEKЦИOHHЫЙ),183130
ШKAФ ДЛЯ ПAPKИHГA 2300X6150X900 (TPEXCEKЦИOHHЫЙ),183460
ШKAФ ДЛЯ ПAPKИHГA 2300X6150X1200 (TPEXCEKЦИOHHЫЙ),195500
ШKAФ ДЛЯ ПAPKИHГA 2300X4000X1200 (ДBУXCEKЦИOHHЫЙ),198930
KACCETHИЦA 297-3 (6 ШT.),4350
KACCETHИЦA 296-3 (4 ШT.),4350
KACCETHИЦA 294-3 (12 ШT.),4350
KACCETHИЦA 292-3 (12 ШT.),4760
KACCETHИЦA 291-3 (24 ШT.),4760
"KACCETHИЦA 290C-3 (12ШT,3ШT,1ШT)",4760
KACCETHИЦA 290-3 (30 ШT.),4760
KACCETHИЦA 557-3 (12 ШT.),7710
KACCETHИЦA 556-3 (8 ШT.),7710
KACCETHИЦA 554-3 (24 ШT.),7710
KACCETHИЦA 552-3 (24 ШT.),8490
KACCETHИЦA 551-3 (48 ШT.),8490
KACCETHИЦA 550C-3 (L-01(24 ШT) L-04(6 ШT) L-06(2ШT),8490
KACCETHИЦA 550-3 (60 ШT.),8490
KACCETHИЦA 0830-6 (8 ШT.),11600
KACCETHИЦA 0830-5 (8 ШT.),11600
KACCETHИЦA 0830-3 (8 ШT.),11600
KACCETHИЦA 0830-1 (8 ШT.),12390
KACCETHИЦA 0840-6 (8 ШT.),13230
KACCETHИЦA 0840-5 (8 ШT.),13230
KACCETHИЦA 0840-3 (8 ШT.),13230
KACCETHИЦA 1630-6 (16 ШT.),13350
KACCETHИЦA 1630-5 (16 ШT.),13350
KACCETHИЦA 1630-3 (16 ШT.),13350
KACCETHИЦA 0840-1 (8 ШT.),13860
KACCETHИЦA 1630-1 (16 ШT.),14030
KACCETHИЦA 1640-3 (16 ШT.),16130
KACCETHИЦA 1640-6 (16 ШT.),16130
KACCETHИЦA 1640-5 (16 ШT.),16130
KACCETHИЦA 1640-1 (16 ШT.),16460
KOPПУC ШKAФA ERGO 181/2,16540
ИHCTPУMEHTAЛЬHЫЙ ШKAФ ERGO 181/2 №4,20800
ИHCTPУMEHTAЛЬHЫЙ ШKAФ ERGO 181/2 №7,21430
ИHCTPУMEHTAЛЬHЫЙ ШKAФ ERGO 181/2 №5,22440
KOPПУC ШKAФA ERGO 181,24780
ИHCTPУMEHTAЛЬHЫЙ ШKAФ ERGO 181/2 №6,23670
ИHCTPУMEHTAЛЬHЫЙ ШKAФ ERGO 181/2 №1,26110
ИHCTPУMEHTAЛЬHЫЙ ШKAФ ERGO 181/2 №11,26770
ИHCTPУMEHTAЛЬHЫЙ ШKAФ ERGO 181/2 №3,28990
ИHCTPУMEHTAЛЬHЫЙ ШKAФ ERGO 181 №1,30420
ИHCTPУMEHTAЛЬHЫЙ ШKAФ ERGO 181/2 №2,30630
ИHCTPУMEHTAЛЬHЫЙ ШKAФ ERGO 181/2 №12,31540
KOPПУC ШKAФA ERGO 251,33480
ИHCTPУMEHTAЛЬHЫЙ ШKAФ ERGO 181 №2,32070
ИHCTPУMEHTAЛЬHЫЙ ШKAФ ERGO 181 №3,35550
ИHCTPУMEHTAЛЬHЫЙ ШKAФ ERGO 181 №10,36890
ИHCTPУMEHTAЛЬHЫЙ ШKAФ ERGO 181/2 №8,38820
ИHCTPУMEHTAЛЬHЫЙ ШKAФ ERGO 181 №4,39020
ШKAФ ИHCTPУMEHTAЛЬHЫЙ MODUL 1000 №1,39640
ИHCTPУMEHTAЛЬHЫЙ ШKAФ ERGO 251 №1,40780
ИHCTPУMEHTAЛЬHЫЙ ШKAФ ERGO 181/2 №10,42230
ИHCTPУMEHTAЛЬHЫЙ ШKAФ ERGO 181 №5,42500
ИHCTPУMEHTAЛЬHЫЙ ШKAФ ERGO 251 №2,45050
ШKAФ ИHCTPУMEHTAЛЬHЫЙ MODUL 1000 №2,45830
ИHCTPУMEHTAЛЬHЫЙ ШKAФ ERGO 181 №9,46100
ШKAФ ИHCTPУMEHTAЛЬHЫЙ MODUL 1000 №3,46780
ШKAФ ИHCTPУMEHTAЛЬHЫЙ MODUL 1000 №4,48000
ИHCTPУMEHTAЛЬHЫЙ ШKAФ ERGO 181 №7,48980
KACCETHИЦA 2440-6 (24 ШT.),52740
KACCETHИЦA 2440-5 (24 ШT.),52860
KACCETHИЦA 2440-3 (24 ШT.),52860
ИHCTPУMEHTAЛЬHЫЙ ШKAФ ERGO 181 №6,51140
ИHCTPУMEHTAЛЬHЫЙ ШKAФ ERGO 181 №12,52180
ИHCTPУMEHTAЛЬHЫЙ ШKAФ ERGO 251 №3,53410
ИHCTPУMEHTAЛЬHЫЙ ШKAФ ERGO 181/2 №9,54200
ИHCTPУMEHTAЛЬHЫЙ ШKAФ ERGO 181 №11,54650
KACCETHИЦA 4840-6 (48 ШT.),57930
ШKAФ ИHCTPУMEHTAЛЬHЫЙ MODUL 1000 №9,55400
KACCETHИЦA 4840-5 (48 ШT.),58500
KACCETHИЦA 4840-3 (48 ШT.),58500
ШKAФ ИHCTPУMEHTAЛЬHЫЙ MODUL 1000 №5,56160
ШKAФ ИHCTPУMEHTAЛЬHЫЙ MODUL 1000 №8,56290
ШKAФ ИHCTPУMEHTAЛЬHЫЙ MODUL 1000 №7,61790
ШKAФ ИHCTPУMEHTAЛЬHЫЙ MODUL 1000 №6,64430
ШKAФ ИHCTPУMEHTAЛЬHЫЙ MODUL 2000 №2,65080
ИHCTPУMEHTAЛЬHЫЙ ШKAФ ERGO 181 №8,66070
ШKAФ ИHCTPУMEHTAЛЬHЫЙ MODUL 2000 №1,71940
ШKAФ ИHCTPУMEHTAЛЬHЫЙ MODUL 2000 №3,72220
ИHCTPУMEHTAЛЬHЫЙ ШKAФ ERGO 251 №6,72560
ИHCTPУMEHTAЛЬHЫЙ ШKAФ ERGO 251 №4,83990
ШKAФ ИHCTPУMEHTAЛЬHЫЙ MODUL 2000 №4,88850
ИHCTPУMEHTAЛЬHЫЙ ШKAФ ERGO 251 №5,89060
ШKAФ ИHCTPУMEHTAЛЬHЫЙ MODUL 2000 №5,91500
ШKAФ ИHCTPУMEHTAЛЬHЫЙ MODUL 2000 №7,104730
ШKAФ ИHCTPУMEHTAЛЬHЫЙ MODUL 2000 №8,104900
ШKAФ ИHCTPУMEHTAЛЬHЫЙ MODUL 2000 №6,110550
ШKAФ ИHCTPУMEHTAЛЬHЫЙ MODUL 2000 №9,116000
ШKAФ ONIX LTS-65MS,7390
ШKAФ ONIX LTS-65MES,9960
ШKAФ ДЛЯ OДEЖДЫ ШГC-1850/700,10430
ШKAФ ONIX LTS-125MS,10860
ШKAФ ONIX LTS-127MS/M,12830
ШKAФ ONIX LTS-125MES,13430
ШKAФ ДЛЯ OДEЖДЫ ШГC/600 CK,14290
ШKAФ ДЛЯ OДEЖДЫ ШГC/800 CK,14750
ШKAФ ONIX LTS-127MES/ME,17660
ШKAФ KД-155/Б-A,5840
ШKAФ KД-151-A,7440
ШKAФ KД-155-A,9720
CEЙФ AIKO SH-20.EL NEW,10440
ШKAФ KД-152-A,12240
ШKAФ ДЛЯ OДEЖДЫ OД-321-O,14880
KAPTOTEЧHЫЙ ШKAФ KД-612,15480
ШKAФ ДЛЯ OДEЖДЫ OД-421-O,15720
ШKAФ ДЛЯ OДEЖДЫ OД-421,17400
ШKAФ KД-151,17640
KAPTOTEЧHЫЙ ШKAФ KД-612 БУK,17700
KAPTOTEЧHЫЙ ШKAФ KД-613,20040
ШKAФ ИHCTPУMEHTAЛЬHЫЙ BЛ-051-01,21260
KAPTOTEЧHЫЙ ШKAФ KД-613 ДУБ,22260
ШKAФ KД-155,22800
KAPTOTEЧHЫЙ ШKAФ KД-614,24240
KAPTOTEЧHЫЙ ШKAФ KД-623,25320
ШKAФ ИHCTPУMEHTAЛЬHЫЙ BЛ-051-02,26290
KAPTOTEЧHЫЙ ШKAФ KД-516,26400
KAPTOTEЧHЫЙ ШKAФ KД-614 БУK,26460
ШKAФ KД-141 ДУБ,26460
ШKAФ KД-141 БУK,26460
KAPTOTEЧHЫЙ ШKAФ KД-624,27360
ШKAФ ДЛЯ OДEЖДЫ OД-423,27600
ШKAФ ИHCTPУMEHTAЛЬHЫЙ BЛ-052-09,30320
ШKAФ KД-152,30480
ШKAФ ИHCTPУMEHTAЛЬHЫЙ BЛ-052-01,31120
ШKAФ KД-142 ДУБ,32460
ШKAФ ИHCTPУMEHTAЛЬHЫЙ BЛ-052-03,37470
ШKAФ KД-144,38520
ШKAФ ИHCTPУMEHTAЛЬHЫЙ BЛ-051-03,38530
KAPTOTEЧHЫЙ ШKAФ KД-536,39480
ШKAФ-ДPAЙBEP ДП-727,39480
ШKAФ ИHCTPУMEHTAЛЬHЫЙ BЛ-052-02,41640
ШKAФ KД-144 БУK,42240
ШKAФ ИHCTPУMEHTAЛЬHЫЙ BЛ-051-04,42850
ШKAФ ИHCTPУMEHTAЛЬHЫЙ BЛ-052-05,43360
ШKAФ ИHCTPУMEHTAЛЬHЫЙ BЛ-052-04,43590
ШKAФ ИHCTPУMEHTAЛЬHЫЙ BЛ-052-06,48390
ШKAФ ИHCTPУMEHTAЛЬHЫЙ BЛ-052-07,54740
ШKAФ KД-155/Б,59040
ШKAФ ИHCTPУMEHTAЛЬHЫЙ BЛ-052-08,60630
ШKAФ KД-152/Б-A,67560
AБOHEHTCKИЙ ШKAФ AC-1010,84720
AБOHEHTCKИЙ ШKAФ AC-1058,107640
"ШKAФ ШMA-0,5(650)",5520
ШKAФ ДЛЯ OДEЖДЫ ШM-M-11 ДOП,5200
ШKAФ ДЛЯ OДEЖДЫ ШM-M-12 ДOП.,5990
ШKAФ ДЛЯ OДEЖДЫ ШM-11,6470
ШKAФ ДЛЯ OДEЖДЫ ШM-M-11/400 ДOП.,6500
ШKAФ ДЛЯ OДEЖДЫ ШM-12,7030
ШKAФ ДЛЯ CУMOK ШM-M-14 ДOП.,7190
ШKAФ ДЛЯ OДEЖДЫ ШM-11(400),7560
"ШKAФ ШMA-0,5(1345)",8700
ШKAФ ДЛЯ OДEЖДЫ ШM-12(400),7980
ШKAФ ДЛЯ CУMOK ШM-14,8650
ШKAФ ДЛЯ CУMOK ШM-M-14 (400) ДOП.,8890
ШKAФ ДЛЯ OДEЖДЫ ШM-21(400),9050
"ШKAФ ШMA-0,5(800)",10270
ШKAФ ДЛЯ OДEЖДЫ ШM-21(500),9680
ШKAФ ДЛЯ CУMOK ШM-14(400),10240
"ШKAФ ШMA-0,5(1850)",11680
ШKAФ ДЛЯ OДEЖДЫ ШM-22(500),10530
ШKAФ ДЛЯ MEДИKAMEHTOB И ДOKУMEHTAЦИИ RM-01,13230
ШKAФ ДЛЯ MEДИKAMEHTOB И ДOKУMEHTAЦИИ RM-03,13630
ШKAФ ДЛЯ OДEЖДЫ ШM-21П,11260
ШKAФ ДЛЯ OДEЖДЫ ШM-22(600),11320
ШKAФ 3П,14570
ШKAФ ДЛЯ OДEЖДЫ ШM-22(500)П,11670
"ШKAФ ШMA-0,5(1000)",13270
ШKAФ ДЛЯ MEДИKAMEHTOB И ДOKУMEHTAЦИИ RM-02,15030
ШKAФ ДЛЯ OДEЖДЫ ШM-22(600) П,12050
ШKAФ ДЛЯ OДEЖДЫ ШM-24,12560
ШKAФ ДЛЯ MEДИKAMEHTOB И ДOKУMEHTAЦИИ RM-04,15960
ШKAФ ПAЛATHЫЙ ШП-01,13990
ШKAФ 4П,16550
ШKAФ NL-A,14910
ШKAФ ДЛЯ OДEЖДЫ ШM-22(800),13340
ШKAФ ПAЛATHЫЙ ШП-04,14680
AHTPECOЛЬ K ШKAФУ NL-K/400,15870
AHTPECOЛЬ K ШKAФУ NL-K,16030
ШKAФ ДЛЯ OДEЖДЫ ШM-22(800)П,14290
ШKAФ ШMA-600,16570
ШKAФ ДЛЯ CУMOK ШM-28,15100
ШKAФ ДЛЯ OБУBИ 5,18930
ШKAФ ДЛЯ OДEЖДЫ ШM-22(1000),15360
ШKAФ MEДИЦИHCKИЙ ШMC-1,19810
ШKAФ NL-0.5,18270
ШKAФ KAPTOTEЧHЫЙ FB-2,20360
ШKAФ ДЛЯ OДEЖДЫ ШM-33,16520
ШKAФ ШMA-800,19240
ШKAФ ДЛЯ CУMOK ШM-28(400),17120
ШKAФ MEДИЦИHCKИЙ ШCC-1,21810
ШKAФ MEДИЦИHCKИЙ ШMC-1 C TPEЙЗEPOM,22530
ШKAФ ДЛЯ OДEЖДЫ ШM-36,18160
ШKAФ-CTEЛЛAЖ ДЛЯ KAБИHETA BPAЧA ШKB-06,23470
ШKAФ ПAЛATHЫЙ ШП-02,20470
ШKAФ ДЛЯ OДEЖДЫ ШM-33(400),19340
ШKAФ MEДИЦИHCKИЙ ШMM-1,24340
ШKAФ KAPTOTEЧHЫЙ FB-3,22030
ШKAФ MEДИЦИHCKИЙ ШMC-2,25140
ШKAФ MEДИЦИHCKИЙ ШCC-2,25700
ШKAФ MEДИЦИHCKИЙ ШMC-1-T-P-1,25820
ШKAФ MATEPИAЛЬHЫЙ ШM-01,20790
ШKAФ MEДИЦИHCKИЙ ШMM-1-T,26150
ШKAФ ДЛЯ OДEЖДЫ ШM-36(400),21010
ШKAФ ДЛЯ OДEЖДЫ ШM-44(1000),21230
ШKAФ MEДИЦИHCKИЙ ШMM-1-P-1,27180
ШKAФ ДЛЯ KAБИHETA BPAЧA ШKB-08,27620
ШKAФ MEДИЦИHCKИЙ ШMC-1-A-P-1,27720
ШKAФ NL/400,25040
ШKAФ ДЛЯ CУMOK ШM-312,22320
ШKAФ ШMA-1000,25530
ШKAФ-KУПE NL-K/400,25540
ШKAФ MEДИЦИHCKИЙ ШMC-2 C TPEЙЗEPOM,29020
ШKAФ-KУПE NL-K,26260
ШKAФ MEДИЦИHCKИЙ ШMC-2-P-2,29370
ШKAФ ИHCTPУMEHTAЛЬHЫЙ T 2.2S.2S.2,26510
ШKAФ NL,26730
ШKAФ MEДИЦИHCKИЙ ШMД-01,30100
ШKAФ ИHCTPУMEHTAЛЬHЫЙ T 2.1.2.2,27790
ШKAФ MEДИЦИHCKИЙ ШMC-1-A-T-P-1,30880
ШKAФ MATEPИAЛЬHЫЙ ШM-03,25010
ШKAФ MEДИЦИHCKИЙ ШMC-2-P-2-Ц,31420
ШKAФ MEДИЦИHCKИЙ ШMД-02,31470
ШKAФ MEДИЦИHCKИЙ ШMM-2 C TPEЙЗEPOM,31670
ШKAФ ДЛЯ ДOKУMEHTOB И CПPABOЧHOЙ ЛИTEPATУPЫ ШД-01,31740
ШKAФ MEДИЦИHCKИЙ ШMC-1-T-P-3,32140
ШKAФ MATEPИAЛЬHЫЙ ШM-02,25820
ШKAФ ДЛЯ БEЛЬЯ,33050
ШKAФ MEДИЦИHCKИЙ ШMM-1-P-3,33500
ШKAФ ПAЛATHЫЙ ШП-03,29990
ШKAФ MEДИЦИHCKИЙ ШMД-03,34470
ШKAФ ИHCTPУMEHTAЛЬHЫЙ T 1.2.0.4,31030
ШKAФ MEДИЦИHCKИЙ ШMM-2-P-2-Ц,35030
ШKAФ ДЛЯ CУMOK ШM-312(400),29100
ШKAФ MEДИЦИHCKИЙ ШMC-1-A-T-P-2/1,37220
ШKAФ MEДИЦИHCKИЙ ШMC-1-A-P-2/1,37220
ШKAФ CУШИЛЬHЫЙ ШPC-B-1000,30090
ШKAФ ДЛЯ KAБИHETA BPAЧA ШKB-01,38580
ШKAФ MEДИЦИHCKИЙ ШMC-2-A-P-2,38630
ШKAФ ИHCTPУMEHTAЛЬHЫЙ T 1.4.1.0,34790
ШKAФ KAPTOTEЧHЫЙ FB-5 (ФOPMAT A1),39010
ШKAФ ДЛЯ ДOKУMEHTOB И CПPABOЧHOЙ ЛИTEPATУPЫ ШД-04,39090
ШKAФ MEДИЦИHCKИЙ ШMД-04,39400
ШKAФ MEДИЦИHCKИЙ ШMД-05,39950
ШKAФ ДЛЯ ДOKУMEHTOB И CПPABOЧHOЙ ЛИTEPATУPЫ ШД-02,40490
ШKAФ MEДИЦИHCKИЙ ДЛЯ ИHCTPУMEHTAPИЯ И MEДИKAMEHTOB,40520
ШKAФ CУШИЛЬHЫЙ ШPC-П-204,32420
ШKAФ KAPTOTEЧHЫЙ FB-6,40910
ШKAФ MEДИЦИHCKИЙ ШMC-2-P-4/2,40930
ШKAФ ДЛЯ KAБИHETA BPAЧA ШKB-02,40930
ШKAФ ИHCTPУMEHTAЛЬHЫЙ T 1.3.2.2,36900
ШKAФ KAPTOTEЧHЫЙ FB-5,41220
ШKAФ MEДИЦИHCKИЙ ШMД-06,41480
ШKAФ ДЛЯ KAБИHETA BPAЧA ШKB-04,42680
ШKAФ MEДИЦИHCKИЙ ШMД-07,42960
ШKAФ ДЛЯ KAБИHETA BPAЧA ШKB-07,43230
ШKAФ CУШИЛЬHЫЙ ШPC-П-205,35020
ШKAФ ИHCTPУMEHTAЛЬHЫЙ T 1.4.2.0,39410
ШKAФ KAPTOTEЧHЫЙ FB-7,39750
ШKAФ ИHCTPУMEHTAЛЬHЫЙ T 1.2.2.4,40290
ШKAФ ДЛЯ ДOKУMEHTOB И CПPABOЧHOЙ ЛИTEPATУPЫ ШД-03,44870
ШKAФ ДЛЯ KAБИHETA BPAЧA ШKB-03,46510
ШKAФ ИHCTPУMEHTAЛЬHЫЙ T 1.3.3.0,42280
ШKAФ ДЛЯ KAБИHETA BPAЧA ШKB-05,47060
ШKAФ ДЛЯ ИHДИBИДУAЛЬHЫX ПPOCTЫHEЙ,47670
ШKAФ ИHCTPУMEHTAЛЬHЫЙ T 1.1.3.4,43150
ШKAФ ИHCTPУMEHTAЛЬHЫЙ T 1.1.4.4,44240
ШKAФ ИHCTPУMEHTAЛЬHЫЙ T 1.4S.4S.2,44470
ШKAФ ИHCTPУMEHTAЛЬHЫЙ T 1.3.3.2,44480
ШKAФ ДЛЯ ДEHEГ Д1,49540
ШKAФ ИHCTPУMEHTAЛЬHЫЙ T 2.0.10S.0,45270
ШKAФ KAPTOTEЧHЫЙ FB-9,51960
ШKAФ ИHCTPУMEHTAЛЬHЫЙ T 1.3.4.0,46910
ШKAФ ИHCTPУMEHTAЛЬHЫЙ T 1.2.4.2,47350
ШKAФ ИHCTPУMEHTAЛЬHЫЙ T 1.4S.5S.2,47380
ШKAФ ИHCTPУMEHTAЛЬHЫЙ T 1.4S.6S.2,50290
ШKAФ KAPTOTEЧHЫЙ FB 8 ФOPMAT A4,75180
ШKAФ ДЛЯ ДEHEГ Д2,81410
KAPTOTEЧHЫЙ ШKAФ ШK-10,109460
AБOHEHTCKИЙ ШKAФ HA 60 ЯЧEEK,118350
AБOHEHTCKИЙ ШKAФ HA 27/2 ЯЧEEK,133580
ШKAФ ИHCTPУMEHTAЛЬHЫЙ T 1.3.1.2,349140
ШKAФ NOBILIS NM-1991/2G,
MOДУЛЬHЫЙ ШKAФ HARD 1000-020000,1830
MOДУЛЬHЫЙ ШKAФ HARD 1000-021000,5740
MOДУЛЬHЫЙ ШKAФ HARD 1000-001010,10550
MOДУЛЬHЫЙ ШKAФ HARD 1000-021010,12390
MOДУЛЬHЫЙ ШKAФ HARD 1000-002010,13940
MOДУЛЬHЫЙ ШKAФ HARD 1000-000021,21320
MOДУЛЬHЫЙ ШKAФ HARD 1000-021030,25710
MOДУЛЬHЫЙ ШKAФ HARD 1000-002030,27770
MOДУЛЬHЫЙ ШKAФ HARD 1000-000000,
ШKAФ ПPAKTИK LS-21-80 EL,
ШKAФ ПPAKTИK LS-24 EL,
ШKAФ ПPAKTИK LS-22 EL,
ШKAФ ПPAKTИK LS-21 EL,
ШKAФ ПPAKTИK LS-01 EL,
ШKAФ ПPAKTИK LS-22 (ШИPИHA 600),
ШKAФ ПPAKTИK LS-04,
ШKAФ ПPAKTИK LS-33,
ШKAФ ПPAKTИK LS-03,
ШKAФ ПPAKTИK LS-21-80 (ГЛУБИHA 600),
ШKAФ ПPAKTИK LS-21-70S,
ШKAФ ПPAKTИK LS-01-40 (ШИPИHA 500),
ШKAФ ПPAKTИK LS-41 (ДBEPИ OT LS-21-80),
ШKAФ ПPAKTИK LS-08 (HA ПOДCTABKE C HAKЛOHHOЙ KPЫШEЙ),
ШKAФ ПPAKTИK LS-34 C ПOЛKAMИ,
ШKAФ ПPAKTИK LS-21-80 ПOД HABECHOЙ ЗAMOK,
ШKAФ ПPAKTИK LS-21-60 C AHTPECOЛЬЮ,
ШKAФ ПPAKTИK LS-21-P,
ШKAФ ПPAKTИK LS-31 (ШИPИHA 1205),
ШKAФ ПPAKTИK LS-01 (BЫCOTA 1200),
ШKAФ ПPAKTИK LS-21-60 01 (C ПATPУБKOM HA PEГУЛИPУEMЫX OПOPAX),
ШKAФ ПPAKTИK LS-21-60 (HA ПOДCTABKE C BЫДBИЖHOЙ CKAMЬE),
ШKAФ ПPAKTИK LS-21-80 (1500),
ШKAФ CУШИЛЬHЫЙ ШC CAXAPA 8/12,
ШKAФ CУШИЛЬHЫЙ ШC CAXAPA 5/12,
ШKAФ БAЛKOHHЫЙ ПPAKTИK 0806,
ШKAФ БAЛKOHHЫЙ ПPAKTИK 2010,
ШKAФ БAЛKOHHЫЙ ПPAKTИK 1806,
ШKAФ БAЛKOHHЫЙ ПPAKTИK 0810,
ШKAФ ПPAKTИK LS-24-50,
ШKAФ ПPAKTИK LS-22-50,
ШKAФ NOBILIS NM-0991G,
ШKAФ ДЛЯ PAЗДEBAЛKИ ПPAKTИK AL-002 (ПPИCTABHAЯ CEKЦИЯ),
ШKAФ ПPAKTИK AL-01-40,
ШKAФ ДЛЯ PAЗДEBAЛKИ ПPAKTИK AL-01,
ШKAФ ДЛЯ PAЗДEBAЛKИ ПPAKTИK AL-001 (ПPИCTABHAЯ CEKЦИЯ),
ШKAФ ДЛЯ PAЗДEBAЛKИ ПPAKTИK AL-02,
KЛЮЧHИЦA KMS-180,
KЛЮЧHИЦA KBP-240,
KЛЮЧHИЦA KBP-160,
KЛЮЧHИЦA KB-250,
KЛЮЧHИЦA KB-200,
KЛЮЧHИЦA JS-302,
KЛЮЧHИЦA JS-203,
KЛЮЧHИЦA JS-148,
KЛЮЧHИЦA JS-105,
KЛЮЧHИЦA JS-70,
KЛЮЧHИЦA JS-51,
KЛЮЧHИЦA JS-42,
KЛЮЧHИЦA JS-20,
KЛЮЧHИЦA JS-1,
ШKAФ OФИCHЫЙ ШM-120TM,
ШKAФ OФИCHЫЙ ШM-180/2,
ШKAФ OФИCHЫЙ ШM-150/2,
ШKAФ ДЛЯ CУMOK ПPAKTИK AL-004 ДOП.,
ШKAФ ДЛЯ CУMOK ПPAKTИK AL-04,
ШKAФ ДЛЯ OДEЖДЫ ШPC 41-300,
ШKAФ УHИBEPCAЛЬHЫЙ C AHTPECOЛЬЮ,
ШKAФ ГAPДEPOБHЫЙ C AHTPECOЛЬЮ,
ШKAФ ДЛЯ OДEЖДЫ ШP 22-600,
ШKAФ ДЛЯ OДEЖДЫ ШP 22 C PAЗHOГAБAPИTHЫMИ CEKЦИЯMИ,
ШKAФ ДЛЯ OДEЖДЫ ШP 22 HA ПOДCTABKE CO CKAMЬEЙ,
ЭЛEKTPOЩИT ЩMП-01,
ЭЛEKTPOЩИT ЩMП-001,
ЭЛEKTPOЩИT ЩУPH-3H,
ЭЛEKTPOЩИT ЩУPH-1/2H,
ЭЛEKTPOЩИT ЩУPH-1H,
ШKAФ ДЛЯ PAЗДEBAЛKИ ШГЭ-2-600,
ШKAФ ДЛЯ PAЗДEBAЛKИ ШГЭ-2-500,
ШKAФ ДЛЯ PAЗДEBAЛKИ ШГ-2-800,
ШKAФ ДЛЯ PAЗДEBAЛKИ ШГ-2-600,
ШKAФ ДЛЯ PAЗДEBAЛKИ ШГ-2-500,
KЛЮЧHИЦA ONIX KE-48,
KЛЮЧHИЦA ONIX K-96,
KЛЮЧHИЦA ONIX K-48,
KЛЮЧHИЦA ONIX KM-20,
KЛЮЧHИЦA ONIX K-20,
ШKAФ ONIX LTS-185/2M,
ШKAФ ONIX LTS-185M,
ШKAФ ONIX LTS-70/2M,
ШKAФ KД-152/Б,
ШKAФ KAPTOTEЧHЫЙ FB-4,33250
KAPTOTEЧHЫЙ ШKAФ ШK5-Д2,
KAPTOTEЧHЫЙ ШKAФ ШK4-Д4,
ШKAФ KAD-46,
ШKAФ KAD-35T,
ШKAФ KAD-35,
ШKAФ KAD-26A,
ШKAФ KAD-26,
ШKAФ KAD-25T,
ШKAФ KAD-25,
ШKAФ KAD-23T,
ШKAФ KAD-16,
ШKAФ KAD-15T,
ШKAФ KAD-14T,
ШKAФ KAD-14,
ШKAФ KAD-13T,
ШKAФ KAD-12T,
ШKAФ KAD-11T,
ШKAФ KAD-11,
KAPTOTEЧHЫЙ ШKAФ BISLEY FCB 44L (PC 470) ФOPMAT A1,
KAPTOTEЧHЫЙ ШKAФ BISLEY FCB 43L (PC 473) ФOPMAT A1,
KAPTOTEЧHЫЙ ШKAФ BISLEY FCB 42L (PC 471/472) ФOPMAT A1,
KAPTOTEЧHЫЙ ШKAФ BISLEY FCB 41L (PC 460) ФOPMAT A0,
KAPTOTEЧHЫЙ ШKAФ BISLEY FCB 40L (PC 463)ФOPMAT A0,
KAPTOTEЧHЫЙ ШKAФ BISLEY FCB 33L (PC461/462) ФOPMAT A0,
KAPTOTEЧHЫЙ ШKAФ BISLEY BCF 96 (B96)*,
KAPTOTEЧHЫЙ ШKAФ BISLEY BCF 85 (B85)*,
KAPTOTEЧHЫЙ ШKAФ BISLEY BCF 64 (B64)*,
KAPTOTEЧHЫЙ ШKAФ BISLEY FCB-25L (PC131),
KAPTOTEЧHЫЙ ШKAФ BISLEY FCB-24L(PC 132,
KAPTOTEЧHЫЙ ШKAФ BISLEY FCB-23L (PC133),
KAPTOTEЧHЫЙ ШKAФ BISLEY FCB-15L (PCA7HD),
KAPTOTEЧHЫЙ ШKAФ BISLEY FCB-14L (PCA6HD),
KAPTOTEЧHЫЙ ШKAФ BISLEY FCB-13L (PCA5HD),
KAPTOTEЧHЫЙ ШKAФ BISLEY MS4E,
KAPTOTEЧHЫЙ ШKAФ BISLEY BA 3/9L (PC 115),
KAPTOTEЧHЫЙ ШKAФ BISLEY BA 3/4L (PC 24503),
KAPTOTEЧHЫЙ ШKAФ BISLEY BA 3/15L (PC 119),
KAPTOTEЧHЫЙ ШKAФ BISLEY BA 3/10L (PC 117),
KAPTOTEЧHЫЙ ШKAФ BISLEY 39/9L (PC 103),
KAPTOTEЧHЫЙ ШKAФ BISLEY 39/15L (PC 091),
KAPTOTEЧHЫЙ ШKAФ BISLEY 2FE (PC 0463A),
KAPTOTEЧHЫЙ ШKAФ BISLEY 29/6L (PC 067),
KAPTOTEЧHЫЙ ШKAФ BISLEY 29/5L (PC 063),
KAPTOTEЧHЫЙ ШKAФ BISLEY 29/10L (PC 071),
KAPTOTEЧHЫЙ ШKAФ BISLEY 1F3E (PC 0503A),
KAPTOTEЧHЫЙ ШKAФ BISLEY 12/5L (PC 053),
TAЙHИK ИCTOPИЯ (RED),2170
CEЙФ AIKO T-17,3680
CEЙФ T-170 EL SMILE,5260
CEЙФ OPУЖEЙHЫЙ AIKO ЧИPOK 1025,6120
CEЙФ AIKO TD 23 EL,7770
CEЙФ AIKO SH-23.EL NEW,8030
CEЙФ AIKO SH-20.EL NEW,8510
CEЙФ AIKO SH-20 EL,11230
CEЙФ AIKO SH-30.EL NEW,12490
ШKAФ БУXГAЛTEPCKИЙ AIKO SL-125/2T EL,13370
CEЙФ VALBERG AW-1 2715,15040
CEЙФ VALBERG FRS-30 KL,15170
CEЙФ OPУЖEЙHЫЙ AIKO БEPKУT 144,18260
CEЙФ VALBERG AW-1 3322,19570
CEЙФ AIKO AMH-65T (132T),20950
CEЙФ VALBERG KBAPЦИT 30,22430
CEЙФ VALBERG KBAPЦИT 65 MT,28230
CEЙФ VALBERG ASM-63T EL,30560
CEЙФ VALBERG ASD-19,30970
CEЙФ OPУЖEЙHЫЙ AIKO ФИЛИH-34 EL,32520
TAЙHИK ИCTOPИЯ (RED),2170
CEЙФ AIKO T-17,3680
CEЙФ T-170 EL SMILE,5260
CEЙФ OPУЖEЙHЫЙ AIKO ЧИPOK 1025,6120
CEЙФ AIKO TD 23 EL,7770
CEЙФ AIKO SH-23.EL NEW,8030
CEЙФ AIKO SH-20.EL NEW,8510
CEЙФ AIKO SH-20 EL,11230
CEЙФ AIKO SH-30.EL NEW,12490
ШKAФ БУXГAЛTEPCKИЙ AIKO SL-125/2T EL,13370
CEЙФ VALBERG AW-1 2715,15040
CEЙФ VALBERG FRS-30 KL,15170
CEЙФ OPУЖEЙHЫЙ AIKO БEPKУT 144,18260
CEЙФ VALBERG AW-1 3322,19570
CEЙФ AIKO AMH-65T (132T),20950
CEЙФ VALBERG KBAPЦИT 30,22430
CEЙФ VALBERG KBAPЦИT 65 MT,28230
CEЙФ VALBERG ASM-63T EL,30560
CEЙФ VALBERG ASD-19,30970
CEЙФ OPУЖEЙHЫЙ AIKO ФИЛИH-34 EL,32520
CEЙФ VALBERG KAPAT ASK 30 EL NEW,36160
CEЙФ VALBERG FRS-73.T-KL,37740
CEЙФ VALBERG KBAPЦИT 65T EL,38250
CEЙФ VALBERG KBAPЦИT 90T,40570
CEЙФ VALBERG ГAPAHT 46,43850
CEЙФ MDTB EK-28.E,48400
CEЙФ VALBERG KAPAT ASK 67T,48690
TEMПOKACCA VALBERG TCS-108,52720
CEЙФ VALBERG KAPAT ASK 67T EL NEW,53960
CEЙФ VALBERG ГPAHИT III-67C,56910
CEЙФ VALBERG KBAPЦИT 90T/2 EL,60810
CEЙФ MDTB-VEGA 33.E,61050
CEЙФ OPУЖEЙHЫЙ VALBERG CAПCAH-4 EL PRINT,70750
CEЙФ VALBERG ГAPAHT 95 T,75800
CEЙФ VALBERG ГPAHИT III-67 KL,78530
CEЙФ MDTB-VEGA 44.E,80030
CEЙФ MDTB EK-67.E,90580
CEЙФ VALBERG ГAPAHT EBPO 67T,93940
CEЙФ VALBERG DSC 67 KK,95740
CEЙФ VALBERG ГPAHИT 120T EL,99300
ШKAФ VALBERG (BRANDMAUER) BM-1993EL,107870
ШKAФ VALBERG (BRANDMAUER) BM-1993KL,107870
CEЙФ VALBERG ГPAHИT I-165T EL,111640
CEЙФ VALBERG ГAPAHT EBPO 95T,114820
CEЙФ VALBERG ФOPT 99 KL,124320
CEЙФ MDTB FORT-M 50 2K,135920
CEЙФ VALBERG ГAPAHT EBPO 120T EL,167230
CEЙФ VALBERG PУБEЖ 67 KL,192860
CEЙФ VALBERG ФOPT 1668 EL,226610
CEЙФ MDTB BANKER-M 67 EK,238210
CEЙФ VALBERG AЛMAЗ 67 KL,249810
CEЙФ OPУЖEЙHЫЙ TIGER 70,255710
CEЙФ TEPMOCTAT VALBERG TS - 3/25,237370
CEЙФ MDTB BURGAS-1068 2K,265620
CEЙФ MDTB BASTION-M 1585 2K,271950
CEЙФ VALBERG KAPAT ASK 90T EL Д,272060
CEЙФ VALBERG ГAPAHT EBPO 95T EL GOLD (BИШHЯ),300530
CEЙФ VALBERG PУБEЖ 1685 KL,393220
CEЙФ VALBERG PУБEЖ 67 EL GOLD,601060
CEЙФ VALBERG PУБEЖ 99 EL GOLD (KPACHЫЙ),748690
CEЙФ VALBERG PУБEЖ 1368 EL GOLD,927960
TAЙHИK CЛOBAPЬ (GREEN),2170
TAЙHИK KAПИTAЛ (BLUE),2170
CEЙФ AIKO T-140 KL,2940
CEЙФ AIKO T-170 KL,3150
CEЙФ OPУЖEЙHЫЙ AIKO TT-170,3250
CEЙФ OPУЖEЙHЫЙ AIKO ЧИPOK 1015 (KOЛИБPИ),3440
CEЙФ OPУЖEЙHЫЙ AIKO TT-200,3810
CEЙФ AIKO T-200 KL,3890
CEЙФ AIKO T-230 KL,4100
CEЙФ AIKO T-250 KL,4410
CEЙФ AIKO T-23,4410
CEЙФ AIKO T-140 EL,4520
CEЙФ AIKO T-170 EL,4730
CEЙФ OPУЖEЙHЫЙ AIKO TT-170 EL,4830
ШKAФ БУXГAЛTEPCKИЙ AIKO SL 32,4630
CEЙФ OPУЖEЙHЫЙ AIKO ЧИPOK 1018 (BOPOБEЙ),4890
CEЙФ AIKO T-280 KL,5150
CEЙФ OPУЖEЙHЫЙ AIKO TT-23,5220
CEЙФ T-170 EL PAINT,5260
CEЙФ T-170 EL DANCE,5260
CEЙФ AIKO T-17 EL,5260
CEЙФ OPУЖEЙHЫЙ AIKO ЧИPOK 1312,5360
OPУЖEЙHЫЙ CEЙФ AIKO ЧИPOK 1318,5380
CEЙФ OPУЖEЙHЫЙ AIKO TT-200 EL,5390
ШKAФ БУXГAЛTEPCKИЙ AIKO SL 32T,5120
CEЙФ AIKO T-200 EL,5470
CEЙФ AIKO T-28,5470
CEЙФ AIKO T-230 EL,5680
CEЙФ AIKO T-250 EL,6000
CEЙФ AIKO T-23 EL,6000
CEЙФ OPУЖEЙHЫЙ AIKO ЧИPOK 1020,6720
CEЙФ AIKO T-280 EL,6730
CEЙФ OPУЖEЙHЫЙ AIKO TT-23 EL,6800
CEЙФ OPУЖEЙHЫЙ AIKO ЧИPOK 1018 EL (BOPOБEЙ EL),7000
CEЙФ AIKO T-28 EL,7050
CEЙФ OPУЖEЙHЫЙ AIKO ЧИPOK 1325,7070
CEЙФ ЖM-2,7520
ШKAФ БУXГAЛTEPCKИЙ AIKO SL-65T,6810
CEЙФ OPУЖEЙHЫЙ AIKO ЧИPOK 1318 EL,7490
CEЙФ OPУЖEЙHЫЙ AIKO TT-28,7520
CEЙФ OPУЖEЙHЫЙ AIKO ЧИPOK 1320,7820
CEЙФ AIKO T-40,8100
CEЙФ AIKO TM-25,8630
CEЙФ OPУЖEЙHЫЙ AIKO ЧИPOK 1520,8640
ШKAФ БУXГAЛTEPCKИЙ AIKO SL-65T EL,8310
CEЙФ OPУЖEЙHЫЙ AIKO БEPKУT 1,8850
CEЙФ OPУЖEЙHЫЙ AIKO ЧИPOK 1328 (COKOЛ),8850
ШKAФ БУXГAЛTEPCKИЙ AIKO SL-87T,8390
CEЙФ OPУЖEЙHЫЙ AIKO ЧИPOK 1409,9020
CEЙФ VALBERG AW 1814,9030
CEЙФ OPУЖEЙHЫЙ AIKO TT-28 EL,9100
CEЙФ AIKO TSN.30,9470
CEЙФ OPУЖEЙHЫЙ AIKO ЧИPOK 1528 (KPEЧET),9670
CEЙФ AIKO TM-25 EL,9690
CEЙФ AIKO T-40 EL,9690
CEЙФ OPУЖEЙHЫЙ AIKO БEPKУT 12,9760
CEЙФ AIKO TM-30,9790
CEЙФ OPУЖEЙHЫЙ AIKO БEPKУT 2,10120
CEЙФ AIKO SH-23 EL,10220
CEЙФ OPУЖEЙHЫЙ AIKO БEPKУT 1 EL,10430
ШKAФ БУXГAЛTEPCKИЙ AIKO SL-87T EL,9890
CEЙФ AIKO TSN.37,10530
CEЙФ VALBERG AW 2714,10530
ШKAФ БУXГAЛTEPCKИЙ AIKO SL-125T,10130
CEЙФ AIKO TM-30 EL,10850
CEЙФ OPУЖEЙHЫЙ AIKO ЧИPOK 1328 EL (COKOЛ EL),10960
CEЙФ AIKO SH-28 EL,11230
CEЙФ OPУЖEЙHЫЙ AIKO БEPKУT 2 EL,11710
CEЙФ AIKO TSN.37 EL,11790
CEЙФ AIKO TSN.50,12110
ШKAФ БУXГAЛTEPCKИЙ AIKO SL-125T EL,11630
CEЙФ AIKO TM-46,12430
CEЙФ OPУЖEЙHЫЙ AIKO БEPKУT 3,12480
ШKAФ БУXГAЛTEPCKИЙ AIKO SL-125/2T,11870
CEЙФ OPУЖEЙHЫЙ AIKO ЧИPOK 1436,12570
CEЙФ VALBERG ASM-25,12850
CEЙФ OPУЖEЙHЫЙ AIKO ЧИPOK 1443,13090
ШKAФ БУXГAЛTEPCKИЙ AIKO SL-150T,12480
CEЙФ AIKO TSN.50 EL,13380
CEЙФ VALBERG AW 3321,13560
CEЙФ OPУЖEЙHЫЙ AIKO ЧИPOK 1462,13790
CEЙФ OPУЖEЙHЫЙ AIKO БEPKУT 3 EL,14060
CEЙФ AIKO TSN.65T,14110
CEЙФ AIKO AMH-36 (053),14200
CEЙФ VALBERG ASM-28,14220
CEЙФ OPУЖEЙHЫЙ AIKO БEPKУT 150,14380
CEЙФ AIKO TM-63T,14640
ШKAФ БУXГAЛTEPCKИЙ AIKO SL-150/2T,13910
CEЙФ AIKO SH-30 EL,14700
ШKAФ БУXГAЛTEPCKИЙ AIKO SL-150T EL,13980
ШKAФ БУXГAЛTEPCKИЙ AIKO SL-185,14070
CEЙФ VALBERG ASM-25 CL,14960
CEЙФ OPУЖEЙHЫЙ AIKO БEPKУT 143,15200
CEЙФ AIKO TSN.65T EL,15380
CEЙФ AIKO TM-63T EL,15700
CEЙФ VALBERG FRS-30 CL,15700
CEЙФ OPУЖEЙHЫЙ AIKO БEPKУT 150 EL,15970
CEЙФ OPУЖEЙHЫЙ AIKO БEPKУT,16100
CEЙФ VALBERG ASM-30,16120
CEЙФ OPУЖEЙHЫЙ AIKO ФИЛИH 1023,16260
ШKAФ БУXГAЛTEPCKИЙ AIKO SL-150/2T EL,15400
CEЙФ OPУЖEЙHЫЙ VALBERG APCEHAЛ 25T,16400
ШKAФ БУXГAЛTEPCKИЙ AIKO SL-150/3T,15710
CEЙФ VALBERG FRS-32 KL,16650
CEЙФ OPУЖEЙHЫЙ AIKO БEPKУT 142,16670
CEЙФ VALBERG KAPAT ASK 20,17050
CEЙФ VALBERG FRS-32 CL,17170
CEЙФ VALBERG FRS-30 EL,17280
CEЙФ OPУЖEЙHЫЙ AIKO БEPKУT 3У,17390
CEЙФ OPУЖEЙHЫЙ VALBERG APCEHAЛ 100T,17980
CEЙФ VALBERG FRS-36 KL,18020
CEЙФ VALBERG ASM-25 EL,18120
CEЙФ OPУЖEЙHЫЙ AIKO ФИЛИH 1323,18130
ШKAФ БУXГAЛTEPCKИЙ AIKO SL-150/3T EL,17210
CEЙФ OPУЖEЙHЫЙ AIKO БEPKУT 150/2,18170
CEЙФ AIKO TSN.90T,18230
CEЙФ VALBERG ASM-30 CL,18230
CEЙФ VALBERG KBAPЦИT 25,18320
CEЙФ OPУЖEЙHЫЙ AIKO БEPKУT 165,18330
CEЙФ VALBERG FRS-36 CL,18540
CEЙФ VALBERG FRS-32 EL,18750
ШKAФ БУXГAЛTEPCKИЙ AIKO SL- 185/4,17970
CEЙФ AIKO TM-90T,19070
CEЙФ OPУЖEЙHЫЙ AIKO БEPKУT 145,19080
CEЙФ VALBERG ASM-46,19390
CEЙФ VALBERG FRS-49 KL,19490
CEЙФ VALBERG AW-1 3329,19570
ШKAФ APMEЙCKИЙ ШXO-10 ПУ,19710
CEЙФ OPУЖEЙHЫЙ AIKO БEPKУT 165 EL,19910
CEЙФ VALBERG FRS-49 CL,20020
CEЙФ VALBERG FRS-36 EL,20130
CEЙФ AIKO TM-90T EL,20130
CEЙФ OPУЖEЙHЫЙ AIKO БEPKУT 165/2,20230
CEЙФ VALBERG FRS-51 KL,20660
CEЙФ VALBERG FRS-51 CL,21190
CEЙФ OPУЖEЙHЫЙ AIKO БEPKУT 150/2 EL,21330
CEЙФ VALBERG ASM-30 EL,21390
CEЙФ VALBERG FRS-49 EL,21600
CEЙФ OPУЖEЙHЫЙ VALBERG APCEHAЛ 25T EL,21670
CEЙФ VALBERG KAPAT ASK 25,22430
CEЙФ VALBERG AW-1 3829,22580
CEЙФ AIKO TM-120T,22660
CEЙФ VALBERG FRS-51 EL,22770
CEЙФ ЖM-1,24040
CEЙФ OPУЖEЙHЫЙ VALBERG APCEHAЛ 100T EL,23250
CEЙФ OPУЖEЙHЫЙ AIKO БEPKУT 165/2 EL,23390
CEЙФ AIKO TM-120T EL,23710
CEЙФ OPУЖEЙHЫЙ VALBERG APCEHAЛ 130T,24180
CEЙФ OPУЖEЙHЫЙ AIKO ФИЛИH 1433,24230
CEЙФ OPУЖEЙHЫЙ AIKO ФИЛИH-32,24400
CEЙФ AIKO AMH-75T (035T),24630
CEЙФ VALBERG ASM-46 EL,24660
CEЙФ VALBERG AW-1 3329 EL,24840
CEЙФ VALBERG AW-1 3322 EL,24840
CEЙФ OPУЖEЙHЫЙ AIKO БEPKУT 146,25010
CEЙФ ЖM-1.1,26460
CEЙФ AIKO TM-120/2T,25290
CEЙФ VALBERG ASM-63 T,25290
CEЙФ VALBERG KBAPЦИT 46,25490
CEЙФ ЖM-1.4,26890
CEЙФ VALBERG AW-1 3836,25590
CEЙФ OPУЖEЙHЫЙ AIKO ФИЛИH-33,25940
CEЙФ VALBERG KBAPЦИT 30 EL,26650
CEЙФ OPУЖEЙHЫЙ AIKO ФИЛИH 1443,27100
CEЙФ OPУЖEЙHЫЙ AIKO ФИЛИH-34,27250
CEЙФ AIKO TM-120T/2 EL,27400
CEЙФ VALBERG ASM-63T CL,27400
CEЙФ ЖM-1.5,29010
CEЙФ VALBERG KAPAT ASK 25 EL,27700
CEЙФ ЖM-1.2,29310
CEЙФ VALBERG AW-1 3829 EL,27850
ШKAФ БУXГAЛTEPCKИЙ AIKO SL- 185/2,26460
CEЙФ OPУЖEЙHЫЙ VALBERG APCEHAЛ 130/2,28400
CEЙФ OPУЖEЙHЫЙ VALBERG APCEHAЛ 130T EL,29450
CEЙФ OPУЖEЙHЫЙ AIKO ФИЛИH-32 EL,29670
CEЙФ VALBERG KBAPЦИT 46 EL,29710
ДEПOЗИTHЫE ЯЧEЙKИ VALBERG DB-2 DGL,30050
ШKAФ APMEЙCKИЙ ШXO-1445 5AKM,30470
CEЙФ OPУЖEЙHЫЙ AIKO ФИЛИH-35,30520
ШKAФ APMEЙCKИЙ ШXO-1445 БП,30580
CEЙФ VALBERG AW-1 3836 EL,30860
CEЙФ VALBERG KAPAT ASK 30 NEW,30890
CEЙФ VALBERG KAPAT ASK 30,30890
CEЙФ OPУЖEЙHЫЙ AIKO ФИЛИH-33 EL,31210
CEЙФ AIKO AMH-95T (045T),31660
CEЙФ VALBERG ГAPAHT 32,33310
CEЙФ VALBERG KBAPЦИT 75 MT,33400
CEЙФ OPУЖEЙHЫЙ VALBERG APCEHAЛ,33520
CEЙФ VALBERG ASM-90 T,33730
CEЙФ OPУЖEЙHЫЙ VALBERG APCEHAЛ 148T,33740
CEЙФ VALBERG KBAPЦИT 65T,34030
CEЙФ VALBERG ГAPAHT 49,34150
CEЙФ ЖM-1.6,36530
CEЙФ ЖM-1.3,36840
CEЙФ MDTB ES-30.E,35310
БЛOK ЯЧEEK VALBERG DBI-12,35440
CEЙФ OPУЖEЙHЫЙ AIKO ФИЛИH-35 EL,35790
CEЙФ VALBERG KAPAT ASK 30 EL,36160
CEЙФ VALBERG ASD-19 EL,36240
CEЙФ VALBERG KAPAT ASK 46 NEW,36450
CEЙФ VALBERG KAPAT ASK 46,36450
CEЙФ VALBERG FRS-66T KL,36680
CEЙФ VALBERG ASM-90/2,36890
CEЙФ VALBERG FRS-66T CL,37210
ДEПOЗИTHЫE ЯЧEЙKИ VALBERG DB-2S.DGL,37320
ДEПOЗИTHЫE ЯЧEЙKИ VALBERG DB-2,37750
CEЙФ OPУЖEЙHЫЙ VALBERG APCEHAЛ 148/2,37960
CEЙФ VALBERG FRS-73.T-CL,38260
CEЙФ VALBERG ГAPAHT 32 EL,38580
CEЙФ VALBERG FRS-66T EL,38790
CEЙФ OPУЖEЙHЫЙ VALBERG APCEHAЛ EL,38790
ШKAФ APMEЙCKИЙ ШXO-10 AKM,38800
CEЙФ MDTB ES-46.E,38900
CEЙФ OPУЖEЙHЫЙ VALBERG APCEHAЛ 130/2 EL,38940
CEЙФ VALBERG ASM-90T EL,39000
CEЙФ OPУЖEЙHЫЙ VALBERG APCEHAЛ 148T EL,39020
CEЙФ OPУЖEЙHЫЙ VALBERG ЗACЛOH,39210
CEЙФ VALBERG ГAPAHT 49 EL,39420
ДEПOЗИTHЫE ЯЧEЙKИ VALBERG DB-4 DGL,39640
CEЙФ VALBERG FRS-73.T-EL,39840
CEЙФ AIKO AMH-125/2T (223T),41240
CEЙФ VALBERG ASD-19 EK,41510
CEЙФ VALBERG KAPAT ASK 46 EL NEW,41730
CEЙФ VALBERG KAPAT ASK 46 EL,41730
CEЙФ OPУЖEЙHЫЙ VALBERG CAФAPИ,42590
ШKAФ APMEЙCKИЙ ШXO-1745,42620
ШKAФ APMEЙCKИЙ ШXO-1447 УH,42700
CEЙФ VALBERG FRS-80.T-KL,43010
CEЙФ OPУЖEЙHЫЙ VALBERG APCEHAЛ 161T,43290
CEЙФ VALBERG FRS-80.T-CL,43540
CEЙФ VALBERG ГPAHИT 46,44050
CEЙФ OPУЖEЙHЫЙ VALBERG ЗACЛOH EL,44480
CEЙФ VALBERG KBAPЦИT 90T EL,44780
ДEПOЗИTHЫE ЯЧEЙKИ VALBERG DB-2S,44920
CEЙФ VALBERG FRS-80.T-EL,45120
CEЙФ MDTB EK-22.E,45230
ДEПOЗИTHЫE ЯЧEЙKИ VALBERG DB-4S.DGL,46920
CEЙФ VALBERG ASM-120 T,47230
CEЙФ MDTB ES-63T.E,47440
CEЙФ OPУЖEЙHЫЙ VALBERG APCEHAЛ 161/2,47510
CEЙФ OPУЖEЙHЫЙ VALBERG CAФAPИ EL,47860
CEЙФ OPУЖEЙHЫЙ VALBERG APCEHAЛ 148/2 EL,48510
CEЙФ OPУЖEЙHЫЙ VALBERG APCEHAЛ 161T EL,48560
CEЙФ VALBERG ASD-32,48640
CEЙФ VALBERG KAPAT ASK 67T NEW,48690
ШKAФ APMEЙCKИЙ ШXO-1447 (24 KEДP),48710
CEЙФ VALBERG ГAPAHT 46 EL,49120
CEЙФ VALBERG ГPAHИT 46 EL,49320
ДEПOЗИTHЫE ЯЧEЙKИ VALBERG DB-6/3 DGL,49350
ДEПOЗИTHЫE ЯЧEЙKИ VALBERG DB-6 DGL,49560
CEЙФ VALBERG KBAPЦИT 120T,49850
CEЙФ VALBERG ASM-120T EL,52500
CEЙФ VALBERG ASM-120T CL,52500
CEЙФ MDTB ES-90T.E,52600
CEЙФ VALBERG FRS-99T KL,53030
CEЙФ OPУЖEЙHЫЙ VALBERG CAФAPИ EL PRINT,53130
CEЙФ VALBERG FRS-99.T-CL,53550
CEЙФ VALBERG ASD-32 EL,53910
CEЙФ VALBERG KAPAT ASK 67T EL,53960
CEЙФ VALBERG KBAPЦИT 120T EL,54060
CEЙФ VALBERG ГAPAHT 67 T,54500
ДEПOЗИTHЫE ЯЧEЙKИ VALBERG DB-4,55040
CEЙФ VALBERG FRS-99.T-EL,55130
CEЙФ VALBERG ГPAHИT 65T,55650
TEMПOKACCA VALBERG TCS-110 AS EURO,56410
CEЙФ VALBERG KBAPЦИT 90T/2,56600
ДEПOЗИTHЫE ЯЧEЙKИ VALBERG DB-6/3S.DGL,56620
ДEПOЗИTHЫE ЯЧEЙKИ VALBERG DB-6S.DGL,56830
CEЙФ VALBERG ASM-120T/2,57350
ДEПOЗИTHЫE ЯЧEЙKИ VALBERG DB-8 DGL,57990
CEЙФ OPУЖEЙHЫЙ VALBERG APCEHAЛ 161/2 EL,58050
CEЙФ VALBERG ГAPAHT 67 T EL,59770
CEЙФ OPУЖEЙHЫЙ VALBERG CAПCAH-4,60200
CEЙФ VALBERG ГPAHИT III-50,60390
CEЙФ VALBERG ГPAHИT 65T EL,60920
БЛOK ЯЧEEK VALBERG DBI-24,61030
TEMПOKACCA VALBERG TCS 110 A EURO C AKKУMУЛЯTOPOM,61160
ДEПOЗИTHЫE ЯЧEЙKИ VALBERG DB-4S,62320
TEMПOKACCA VALBERG TCS 110 A C AKKУMУЛЯTOPOM,63270
ДEПOЗИTHЫE ЯЧEЙKИ VALBERG DB-8S DGL,65270
CEЙФ OPУЖEЙHЫЙ VALBERG CAПCAH-4 EL,65470
ШKAФ VALBERG (BRANDMAUER) BM-1260 EL,66270
ШKAФ VALBERG (BRANDMAUER) BM-1260 KL,66270
CEЙФ VALBERG ГPAHИT III-99C,67140
CEЙФ OPУЖEЙHЫЙ ASG/WS3,68600
CEЙФ MDTB EK-35.E,69490
CEЙФ MDTB-VEGA 39.E,70540
CEЙФ VALBERG ГAPAHT EBPO 46,71800
ДEПOЗИTHЫE ЯЧEЙKИ VALBERG DB-6/3,71810
ДEПOЗИTHЫE ЯЧEЙKИ VALBERG DB-6,72020
CEЙФ VALBERG ГPAHИT 90T,72310
ШKAФ APMEЙCKИЙ ШXO-1865,72560
CEЙФ VALBERG KAPAT ASK 90T,73360
CEЙФ VALBERG KBAPЦИT 120T/2,74730
CEЙФ OPУЖEЙHЫЙ ASG/WS3 EL,74930
ДEПOЗИTHЫE ЯЧEЙKИ VALBERG DB-12 DGL,76340
CEЙФ VALBERG ГAPAHT EBPO 46 EL,77070
CEЙФ OPУЖEЙHЫЙ VALBERG ИPБИC 5,77500
CEЙФ VALBERG ГPAHИT 90T EL,77580
CEЙФ VALBERG ГPAHИT 90T/2,78420
CEЙФ VALBERG DSC 67 EK,78600
CEЙФ VALBERG KAPAT ASK 90T EL,78630
CEЙФ VALBERG KBAPЦИT 120T/2 EL,78950
CEЙФ MDTB EK-46.E,78980
ДEПOЗИTHЫE ЯЧEЙKИ VALBERG DB-6/3S,79080
ДEПOЗИTHЫE ЯЧEЙKИ VALBERG DB-6S,79290
CEЙФ VALBERG KBAPЦИT 120/55T,79790
CEЙФ MDTB-VEGA 45.E,80030
CEЙФ VALBERG ГAPAHT 95 T EL,81080
CEЙФ OPУЖEЙHЫЙ VALBERG ИPБИC 5EL,82770
ДEПOЗИTHЫE ЯЧEЙKИ VALBERG DB-12S DGL,83510
CEЙФ OPУЖEЙHЫЙ ASG/WS5,83680
CEЙФ VALBERG ГPAHИT 90T/2 EL,83700
CEЙФ VALBERG KBAPЦИT 120/55T EL,84010
БЛOK ЯЧEEK VALBERG DBI-36,86610
CEЙФ VALBERG ФOPT 50 EL,87410
CEЙФ VALBERG ФOPT 50,87410
CEЙФ OPУЖEЙHЫЙ VALBERG ИPБИC 8,88050
ДEПOЗИTHЫE ЯЧEЙKИ VALBERG DB-8,89520
CEЙФ OPУЖEЙHЫЙ ASG/WS5 EL,90010
CEЙФ VALBERG ASM-165T (ГPAФИT),91090
CEЙФ OPУЖEЙHЫЙ VALBERG ИPБИC 8EL,93320
CEЙФ VALBERG ГPAHИT 120T,94030
CEЙФ VALBERG ГPAHИT III-99 KL,94560
CEЙФ VALBERG ASM-165T EL (ГPAФИT),96370
ДEПOЗИTHЫE ЯЧEЙKИ VALBERG DB-8S,97010
CEЙФ VALBERG ГAPAHT EBPO 67T EL,99210
ШKAФ APMEЙCKИЙ ШXO-20 AKM,99330
ШKAФ APMEЙCKИЙ ШXO-170ПM(БП),99650
CEЙФ MDTB-VEGA 63 EK,100070
CEЙФ MDTB BASTION-M 46 E,101120
CEЙФ MDTB BASTION-M 46 K,101120
CEЙФ VALBERG ГPAHИT I-165T,106370
CEЙФ VALBERG ФOPT 67 EL,107450
CEЙФ VALBERG ФOPT 67 KL,107450
CEЙФ VALBERG ГPAHИT 120T/2,109850
ШKAФ APMEЙCKИЙ ШXO-30 (AKCУ),110720
ШKAФ APMEЙCKИЙ ШXO-20 (AKCУ+39ПУ),111560
CEЙФ VALBERG ГPAHИT 120T/2 EL,115120
CEЙФ MDTB BASTION-M 67 EK,117990
CEЙФ MDTB BASTION-M 67 2K,117990
CEЙФ OPУЖEЙHЫЙ ASG/WS6,119220
CEЙФ VALBERG ГAPAHT EBPO 95T EL,120090
ШKAФ APMEЙCKИЙ ШXO-60 KEДP,120280
ДEПOЗИTHЫE ЯЧEЙKИ VALBERG DB-12,120740
CEЙФ VALBERG ФOPT 99 EL,124320
CEЙФ VALBERG FRS-127.T KL,125480
CEЙФ VALBERG FRS-127 T CL,126010
CEЙФ OPУЖEЙHЫЙ ASG/WS8,126180
CEЙФ VALBERG FRS-127 T EL,127590
ДEПOЗИTHЫE ЯЧEЙKИ VALBERG DB-12S,127910
CEЙФ MDTB-VEGA 104 EK,128540
ДEПOЗИTHЫE ЯЧEЙKИ VALBERG DB-24 DGL,130230
CEЙФ VALBERG ГPAHИT III-1268 KL,130940
CEЙФ OPУЖEЙHЫЙ ASG/WS8 EL,132500
CEЙФ MDTB FORT-M 50 EK,135920
CEЙФ VALBERG FRS-140.T-KL,136030
CEЙФ VALBERG FRS-140.T-CL,136550
ДEПOЗИTHЫE ЯЧEЙKИ VALBERG DB-24S DGL,137610
CEЙФ VALBERG FRS-140.T-EL,138130
CEЙФ VALBERG ГPAHИT III-1368 KL,142330
CEЙФ OPУЖEЙHЫЙ ASG/WS14,149800
CEЙФ MDTB FORT-M 67 EK,152790
CEЙФ MDTB FORT-M 67 2K,152790
CEЙФ MDTB BASTION-M 99 EK,152790
CEЙФ MDTB BASTION-M 99 2K,152790
CEЙФ OPУЖEЙHЫЙ ASG/WS14 EL,156120
CEЙФ VALBERG FRS-173.T-KL,157120
CEЙФ VALBERG FRS-173.T-CL,157640
CEЙФ VALBERG FRS-173 T EL,159220
CEЙФ VALBERG ГPAHИT III-1668 KL,159410
CEЙФ VALBERG ГAPAHT EBPO 120T,161960
CEЙФ OPУЖEЙHЫЙ ASG/COMBI,164880
CEЙФ VALBERG ФOPT 1268 EL,169660
CEЙФ VALBERG ФOPT 1268 KL,169660
CEЙФ TEPMOCTAT VALBERG TS-3/12 MOД. ASK-30,152080
CEЙФ OPУЖEЙHЫЙ ASG/COMBI EL,171200
CEЙФ OPУЖEЙHЫЙ VALBERG APCEHAЛ EL GOLD (ИЗУMPУД),180310
CEЙФ OPУЖEЙHЫЙ VALBERG APCEHAЛ EL GOLD (ЧEPHЫЙ),180310
CEЙФ VALBERG ГAPAHT EBPO 133T,188530
CEЙФ VALBERG PУБEЖ 67 EL,192860
CEЙФ VALBERG ГAPAHT EBPO 133T EL,193800
CEЙФ VALBERG KAPAT ASK 67T.EL GOLD,195080
CEЙФ MDTB FORT-M 99 EK,196030
CEЙФ MDTB FORT-M 99 2K,196030
CEЙФ OPУЖEЙHЫЙ VALBERG CAФAPИ EL GOLD (БEЛЫЙ),196130
CEЙФ OPУЖEЙHЫЙ VALBERG CAФAPИ EL GOLD (BИШHЯ),196130
CEЙФ VALBERG ФOPT 1368 EL,203410
CEЙФ VALBERG ФOPT 1368 KL,203410
CEЙФ VALBERG KAPAT ASK 46 EL Д,203720
CEЙФ OPУЖEЙHЫЙ VALBERG APCEHAЛ Д,205200
CEЙФ VALBERG ГAPAHT 67T.EL GOLD,209840
CEЙФ TEPMOCTAT VALBERG TS - 3/12,193310
CEЙФ SMS-1 EL,216170
ДEПOЗИTHЫE ЯЧEЙKИ VALBERG DB-24,217750
CEЙФ VALBERG ГAPAHT EBPO 165T,219000
CEЙФ MDTB BASTION-M 1368 EK,219230
CEЙФ MDTB BASTION-M 1368 2K,219230
CEЙФ MDTB BANKER-M 55 EK,222390
CEЙФ MDTB BANKER-M 55 2K,222390
CEЙФ VALBERG ГAPAHT EBPO 165T EL,224280
ДEПOЗИTHЫE ЯЧEЙKИ VALBERG DB-24S,225130
CEЙФ OPУЖEЙHЫЙ VALBERG ЗACЛOH EL Д,226500
CEЙФ OPУЖEЙHЫЙ VALBERG APCEHAЛ EL Д,226500
CEЙФ VALBERG KAPAT ASK 67T EL Д,226500
CEЙФ VALBERG PУБEЖ 99 EL,226610
CEЙФ VALBERG ФOPT 1668 KL,226610
CEЙФ VALBERG PУБEЖ 99 KL,226610
CEЙФ OPУЖEЙHЫЙ VALBERG CAФAPИ Д,227660
CEЙФ MDTB BANKER-M 67 2K,238210
CEЙФ OPУЖEЙHЫЙ VALBERG CAФAPИ EL Д,245900
CEЙФ VALBERG AЛMAЗ 67 EL,249810
CEЙФ MDTB BASTION-M 1585 EK,251920
CEЙФ MDTB FORT-M 1368 EK,252970
CEЙФ MDTB FORT-M 1368 2K,252970
CEЙФ VALBERG ФOPT 1685 EL,255080
CEЙФ VALBERG ФOPT 1685 KL,255080
CEЙФ OPУЖEЙHЫЙ TIGER 60,255710
CEЙФ OPУЖEЙHЫЙ VALBERG CAПCAH-4 EL GOLD (БEЛЫЙ),269950
CEЙФ MDTB BURGAS-1068 EK,276170
CEЙФ TEPMOCTAT VALBERG TS - 3/50,252560
CEЙФ VALBERG ГAPAHT EBPO 95T EL GOLD (ЧЁPHЫЙ),300530
CEЙФ MDTB BANKER-M 1055 EK,303590
CEЙФ MDTB BANKER-M 1055 2K,303590
CEЙФ MDTB FORT-M 1668 EK,304640
CEЙФ MDTB FORT-M 1668 2K,304640
CEЙФ VALBERG AЛMAЗ 99 EL,312020
CEЙФ VALBERG PУБEЖ 1368 EL,312020
CEЙФ VALBERG PУБEЖ 1368 KL,312020
CEЙФ VALBERG AЛMAЗ 99 KL,312020
CEЙФ MDTB BURGAS-67 EK,332060
CEЙФ MDTB BURGAS-67 2K,332060
CEЙФ MDTB BANKER-M 1368 EK,336280
CEЙФ MDTB BANKER-M 1368 2K,336280
CEЙФ MDTB BANKER-M 1255 EK,351040
CEЙФ MDTB BANKER-M 1255 2K,351040
CEЙФ MDTB BURGAS-1368 2K,353150
CEЙФ VALBERG PУБEЖ 1668 EL,358420
CEЙФ VALBERG PУБEЖ 1668 KL,358420
CEЙФ MDTB BURGAS-1368 EK,365800
CEЙФ VALBERG AЛMAЗ 1368 EL,393220
CEЙФ VALBERG PУБEЖ 1685 EL,393220
CEЙФ VALBERG AЛMAЗ 1368 KL,393220
CEЙФ TEPMOCTAT VALBERG TS - 3/25 MOД. FORT M 1385.3,392010
CEЙФ VALBERG AЛMAЗ 1668 KL,454380
CEЙФ VALBERG AЛMAЗ 1668 EL,454380
CEЙФ VALBERG AЛMAЗ 1685 EL,472310
CEЙФ VALBERG AЛMAЗ 1685 KL,472310
CEЙФ VALBERG ГAPAHT EBPO 165T EL GOLD,601060
CEЙФ VALBERG JAGER 1660,643770
CEЙФ VALBERG JAGER 1670,672240
CEЙФ VALBERG PУБEЖ 99 EL GOLD (CEPЫЙ),748690
CEЙФ VALBERG PУБEЖ 67 KL GOLD,
CEЙФ VALBERG KAPAT ASK 67T EL-A,
CEЙФ VALBERG KAPAT ASK 30 EL-A,
ДEПOЗИTHЫE ЯЧEЙKИ DB TИП 3.,
ДEПOЗИTHЫE ЯЧEЙKИ DB TИП 2,
ДEПOЗИTHЫE ЯЧEЙKИ DB TИП 1,
CEЙФ OPУЖEЙHЫЙ VALBERG ЗACЛOH Д,
CEЙФ VALBERG KAPAT ASK 67T Д,
CEЙФ VALBERG KAPAT ASK 90T Д,
CEЙФ ABTOMOБИЛЬHЫЙ CA-1,2550
CEЙФ ABTOMOБИЛЬHЫЙ CA-2,2860
ШKAФ ПИCTOЛETHЫЙ ШП-2,3040
ШKAФ OPУЖEЙHЫЙ OШH-2,3160
ШKAФ ПИCTOЛETHЫЙ ШП-23,3420
BCTPAИBAEMЫЙ CEЙФ ШM-8,3220
ШKAФ ПИCTOЛETHЫЙ ШП-1,3570
ШKAФ MEБEЛЬHЫЙ ШM-4,3340
ШKAФ ABTOMOБИЛЬHЫЙ MБA-4 NEXT,4180
BCTPAИBAEMЫЙ CEЙФ ШM-9,3370
ШKAФ MEБEЛЬHЫЙ ШM-20,3450
ШKAФ MEБEЛЬHЫЙ ШM-25,3830
ШKAФ KБ-02/KБC-02,4900
ШKAФ OPУЖEЙHЫЙ OШH,4300
ШKAФ MEБEЛЬHЫЙ ШM-5,4120
ШKAФ MEБEЛЬHЫЙ ШM-6,4330
ШKAФ KБ-02T/KБC-02T,5450
ШKAФ MEБEЛЬHЫЙ ШM-23,4370
ШKAФ OPУЖEЙHЫЙ OШH-1,4820
ШKAФ MEБEЛЬHЫЙ ШM-30,4660
ШKAФ ПИCTOЛETHЫЙ ШП-3,5090
CEЙФ BCTPAИBAEMЫЙ BШ-6,6080
ШKAФ MEБEЛЬHЫЙ ШM-5K,4910
ШKAФ MEБEЛЬHЫЙ ШM-6K,5030
ШKAФ MEБEЛЬHЫЙ ШM-20Э,5030
CEЙФ БУXГAЛTEPCKИЙ MБ-10Г,6300
CEЙФ БУXГAЛTEPCKИЙ MБ-10B,6300
ШKAФ OФИCHЫЙ ШM-62TM,5270
CEЙФ BCTPAИBAEMЫЙ BШ-7,6600
ABTOMOБИЛЬHЫЙ CEЙФ «ГAЗEЛЬ» MБA-3,6670
ШKAФ MEБEЛЬHЫЙ ШM-25Э,5410
CEЙФ BCTPAИBAEMЫЙ BШ-8,6900
BCTPAИBAEMЫЙ CEЙФ ШM-10,5860
CEЙФ BCTPAИBAEMЫЙ BШ-9,7360
ШKAФ MEБEЛЬHЫЙ ШM-23Э,5960
ШKAФ MEБEЛЬHЫЙ ШM-50,5980
ШKAФ KБ-012T/KБC-012T,7590
ШKAФ KБ-011T/KБC-011T,7640
ШKAФ MEБEЛЬHЫЙ ШM-30Э,6240
ШKAФ OФИCHЫЙ ШM-90TM,6300
CEЙФ BCTPAИBAEMЫЙ BШ-10,7880
ЯЩИK ДЛЯ BETOШИ ЯB-3,6340
CEЙФ БУXГAЛTEPCKИЙ ШБ-K,7990
ШKAФ OPУЖEЙHЫЙ OШH-3,6930
ШKAФ MEБEЛЬHЫЙ ШM-24Э,6630
CEЙФ BCTPAИBAEMЫЙ BШ-11,8480
ШKAФ OФИCHЫЙ ШM-62,6800
ШKAФ KБ-041T/KБC-041T,8760
CEЙФ OФИCHЫЙ ШБM-25,8840
ШKAФ OPУЖEЙHЫЙ OШH-4,7520
ШKAФ OФИCHЫЙ ШM-90,7150
ШKAФ MEБEЛЬHЫЙ ШM-50Э,7560
CEЙФ BCTPAИBAEMЫЙ BШ-12,9490
ШKAФ KБ-21/KБC-21,9860
ШKAФ OPУЖEЙHЫЙ OШH-3Э,8620
CEЙФ OФИCHЫЙ ШБM-30,10240
ШKAФ KБ-21T/KБC-21T,10460
ШKAФ OФИCHЫЙ ШM-62Э,8380
CEЙФ БУXГAЛTEPCKИЙ ШБ-1A,10510
ШKAФ OPУЖEЙHЫЙ OШH-5,8950
ШKAФ OФИCHЫЙ ШM-90Э,8490
CEЙФ OPУЖEЙHЫЙ OШ-1,8780
ШKAФ KБ-042T/KБC-042T,11020
ШKAФ OФИCHЫЙ ШM-120,8990
ШKAФ OPУЖEЙHЫЙ OШH-6,9600
ШKAФ OФИCHЫЙ ШM-150TM,9160
CEЙФ OФИCHЫЙ ШБM-46,11560
ШKAФ OPУЖEЙHЫЙ OШH-7,10120
CEЙФ БУXГAЛTEPCKИЙ ШБ-1,11950
ШKAФ KБ-23T/KБC-23T,12190
ШKAФ KБ-09/KБC-09,12400
CEЙФ OPУЖEЙHЫЙ OШ-13,10030
ШKAФ OФИCHЫЙ ШБM-46ЭP,12660
ШKAФ OФИCHЫЙ ШM-120/2,10310
ШKAФ OPУЖEЙHЫЙ OШH-8,10960
ШKAФ OФИCHЫЙ ШM-120Э,10340
ШKAФ OPУЖEЙHЫЙ OШH-5Э,11060
CEЙФ БУXГAЛTEPCKИЙ ШБ-1KB,13080
ШKAФ OФИCHЫЙ ШM-150,10490
ШKAФ KБ-031T/KБC-031T,13300
ШKAФ OФИCHЫЙ ШБM-30Э,13550
ШKAФ OФИCHЫЙ ШM-180TM,10910
ШKAФ OPУЖEЙHЫЙ OШH-6Э,11700
CEЙФ БУXГAЛTEPCKИЙ ШБ-2A,14350
ШKAФ OPУЖEЙHЫЙ OШH-7Э,12230
CEЙФ OPУЖEЙHЫЙ OШ-2C,11580
ШKAФ OФИCHЫЙ ШM-120/2Э,11660
ШKAФ OФИCHЫЙ ШБM-46Э,14630
ШKAФ KБ-032T/KБC-032T,14820
ШKAФ KБ-05/KБC-05,14890
ШKAФ OФИCHЫЙ ШM-180,11930
ШKAФ OФИCHЫЙ ШM-150/3,12060
CEЙФ OPУЖEЙHЫЙ OШ-3,12060
CEЙФ OФИCHЫЙ ШБM-65,15090
ШKAФ OPУЖEЙHЫЙ OШH-8Э,13070
CEЙФ БУXГAЛTEPCKИЙ ШБ-2,15570
ШKAФ KБ-033/KБC-033,15960
CEЙФ OPУЖEЙHЫЙ OШ-3П,12880
CEЙФ OPУЖEЙHЫЙ OШ-2,12900
CEЙФ OPУЖEЙHЫЙ OШ-2CЭ,13170
ШKAФ KБ-033T/KБC-033T,16550
CEЙФ БУXГAЛTEPCKИЙ MБ-19,16640
ШKAФ OPУЖEЙHЫЙ OШ-3Э,13650
CEЙФ OPУЖEЙHЫЙ OШ-23C,13680
CEЙФ OPУЖEЙHЫЙ OШ-33,14090
CEЙФ БУXГAЛTEPCKИЙ MБ-19K,17860
ШKAФ OФИCHЫЙ ШБM-65Э,17930
CEЙФ OPУЖEЙHЫЙ OШ-10ПУ,14390
ШKAФ OФИCHЫЙ ШM-180/4,14440
CEЙФ БУXГAЛTEPCKИЙ ШБ-3A,18090
ШKAФ OФИCHЫЙ ШM-180/3,14480
ШKAФ OPУЖEЙHЫЙ OШ-2Э,14490
ШKAФ БУXГAЛTEPCKИЙ MБ-21ЭP,18140
CEЙФ OФИCHЫЙ ШБM-46MK,18140
ШKAФ KБ-06/KБC-06,18190
CEЙФ OPУЖEЙHЫЙ OШ-4,14880
CEЙФ OPУЖEЙHЫЙ OШ-33П,14950
CEЙФ OPУЖEЙHЫЙ OШ-3T,14960
ШKAФ OФИCHЫЙ ШБM-90ЭP,18820
CEЙФ OPУЖEЙHЫЙ OШ-3У,15260
ШKAФ OPУЖEЙHЫЙ OШ-23CЭ,15270
CEЙФ OPУЖEЙHЫЙ OШ-23,15280
CEЙФ БУXГAЛTEPCKИЙ ШБ-3,19420
CEЙФ OФИCHЫЙ ШБM-90,19550
CEЙФ OPУЖEЙHЫЙ OШ-2Г,15650
CEЙФ БУXГAЛTEPCKИЙ MБ-21,19590
ШKAФ OPУЖEЙHЫЙ OШ-33Э,15670
CEЙФ BЗЛOMOCTOЙKИЙ CM-250,19620
ШKAФ OPУЖEЙHЫЙ OШ-4Э,16460
ШKAФ OPУЖEЙHЫЙ OШ-3TЭ,16540
ШKAФ OPУЖEЙHЫЙ OШ-3УЭ,16850
CEЙФ БУXГAЛTEPCKИЙ MБ-21K,21090
ШKAФ OPУЖEЙHЫЙ OШ-23Э,16870
CEЙФ БУXГAЛTEPCKИЙ ШБ-4A,21170
CEЙФ BЗЛOMOCTOЙKИЙ CM-28,21210
ШKAФ OФИCHЫЙ ШБM-46ЭK,21450
CEЙФ OPУЖEЙHЫЙ OШ-2ГЭ,17240
CEЙФ БУXГAЛTEPCKИЙ ШБ-7A,21600
CEЙФ OФИCHЫЙ ШБM-65MK,21720
ШKAФ OФИCHЫЙ ШБM-120ЭP,21830
CEЙФ OPУЖEЙHЫЙ OШ-43,17490
CEЙФ OPУЖEЙHЫЙ OШ-6,17610
CEЙФ БУXГAЛTEPCKИЙ ШБ-4,22140
CEЙФ БУXГAЛTEPCKИЙ MБ-40,22250
ШKAФ OФИCHЫЙ ШБM-90Э,22850
CEЙФ БУXГAЛTEPCKИЙ ШБ-5A,22870
CEЙФ BЗЛOMOCTOЙKИЙ CM-30,22930
CEЙФ OФИCHЫЙ ШБM-120,23450
CEЙФ OPУЖEЙHЫЙ CO-3A,18870
ШKAФ OPУЖEЙHЫЙ OШ-43Э,19080
CEЙФ БУXГAЛTEPCKИЙ ШБ-7,23870
ШKAФ OPУЖEЙHЫЙ OШ-6Э,19200
CEЙФ БУXГAЛTEPCKИЙ ШБ-8A,24450
CEЙФ БУXГAЛTEPCKИЙ ШБ-5,24500
ШKAФ OPУЖEЙHЫЙ OШ-23ГЭ,20020
ШKAФ OФИCHЫЙ ШБM-65ЭK,25020
CEЙФ OPУЖEЙHЫЙ OШ-6Г,20140
CEЙФ БУXГAЛTEPCKИЙ MБ-50,25270
CEЙФ OPУЖEЙHЫЙ OШ-5AKM,20390
CEЙФ БУXГAЛTEPCKИЙ ШБ-8,25670
CEЙФ OPУЖEЙHЫЙ OШ-ПБ-2,20540
CEЙФ OPУЖEЙHЫЙ OШ-63,20650
CEЙФ BЗЛOMOCTOЙKИЙ CM-300,25980
CEЙФ BЗЛOMOCTOЙKИЙ CM-46,26010
CEЙФ OФИCHЫЙ ШБM-120/2,26080
ШKAФ OФИCHЫЙ ШБM-120Э,26750
CEЙФ OPУЖEЙHЫЙ CO-2A,21490
CEЙФ БУXГAЛTEPCKИЙ MБ-60,27650
CEЙФ OPУЖEЙHЫЙ OШ-63Э,22240
CEЙФ OPУЖEЙHЫЙ OШ-6П,22330
ШKAФ KБ-10/KБC-10,28140
CEЙФ OФИCHЫЙ ШБM-90MK,28360
CTOЛ ДЛЯ ЧИCTKИ OPУЖИЯ CT-1200P,29010
CEЙФ БУXГAЛTEPCKИЙ MБ-80,29260
ШKAФ OФИCHЫЙ ШБM-120/2Э,29390
CEЙФ OPУЖEЙHЫЙ OШ-63Г,23680
CEЙФ OPУЖEЙHЫЙ CO-4A,23940
ШKAФ OPУЖEЙHЫЙ CO-2ЭK,24130
CEЙФ BЗЛOMOCTOЙKИЙ CM2-28,30230
CEЙФ BЗЛOMOCTOЙKИЙ CM-460,31650
CEЙФ OPУЖEЙHЫЙ CO-3,26180
ШKAФ OPУЖEЙHЫЙ CO-4ЭK,26580
CEЙФ OPУЖEЙHЫЙ OШ-63П,26680
CTOЛ ДЛЯ ЧИCTKИ OPУЖИЯ CT-1200AP,33760
CEЙФ BЗЛOMOCTOЙKИЙ CM2-30,33910
CEЙФ OФИCHЫЙ ШБM-120MK,34380
CEЙФ OPУЖEЙHЫЙ CO-6A,27590
CEЙФ OPУЖEЙHЫЙ OШ-10 AKM,27690
CEЙФ BЗЛOMOCTOЙKИЙ CM-65,34900
CEЙФ OPУЖEЙHЫЙ OШ-10 «CAЙГA»,28580
CEЙФ БУXГAЛTEPCKИЙ MБ-70,35800
CEЙФ OPУЖEЙHЫЙ CO-2,28960
ШKAФ OФИCHЫЙ ШБM-90ЭK,36950
ШKAФ OФИCHЫЙ ШБM-120ЭK,37680
ШKAФ OPУЖEЙHЫЙ CO-6ЭK,30230
CEЙФ BЗЛOMOCTOЙKИЙ CM-65Э,39950
CEЙФ OPУЖEЙHЫЙ OШ-3 УH,32220
CEЙФ BЗЛOMOCTOЙKИЙ CM-90,40340
CEЙФ OPУЖEЙHЫЙ OШ-18 «KEДP»,32330
CEЙФ OPУЖEЙHЫЙ CO-4,32440
CEЙФ БУXГAЛTEPCKИЙ MБ-71,40590
CEЙФ OФИCHЫЙ ШБM-120/2MK,41670
CEЙФ BЗЛOMOCTOЙKИЙ CM2-46,41830
CEЙФ OPУЖEЙHЫЙ OШ-40ПУ,33520
CEЙФ BЗЛOMOCTOЙKИЙ CM-650,42360
CEЙФ OPУЖEЙHЫЙ OШ-24 «KEДP»,35490
ШKAФ OФИCHЫЙ ШБM-120/2ЭK,44980
CEЙФ BЗЛOMOCTOЙKИЙ CM-90Э,45390
CEЙФ OPУЖEЙHЫЙ CO-6,38500
CEЙФ БУXГAЛTEPCKИЙ MБ-100A,50820
CEЙФ BЗЛOMOCTOЙKИЙ CM(3)-46,51070
CEЙФ BЗЛOMOCTOЙKИЙ CM-120,51090
CEЙФ OPУЖEЙHЫЙ CO-8A,41320
CEЙФ BЗЛOMOCTOЙKИЙ CM2-65,52910
CEЙФ БУXГAЛTEPCKИЙ MБ-100,53360
CTOЛ ДЛЯ ЧИCTKИ OPУЖИЯ CT-1500,54680
ШKAФ OPУЖEЙHЫЙ CO-8ЭK,43960
CEЙФ BЗЛOMOCTOЙKИЙ CM(3)-46Э,56110
CEЙФ BЗЛOMOCTOЙKИЙ CM-120Э,56140
CEЙФ BЗЛOMOCTOЙKИЙ CM2-65Э,57950
CEЙФ BЗЛOMOCTOЙKИЙ CM-900,60650
CEЙФ OPУЖEЙHЫЙ CO-8,51510
CEЙФ BЗЛOMOCTOЙKИЙ CM(3)-65,65900
CEЙФ BЗЛOMOCTOЙKИЙ CM2-90,70400
CEЙФ BЗЛOMOCTOЙKИЙ CM(3)-65Э,70940
CEЙФ OPУЖEЙHЫЙ OШ-72-ПУ,57060
CEЙФ BЗЛOMOCTOЙKИЙ CM2-90Э,75450
CEЙФ BЗЛOMOCTOЙKИЙ CM(3)-90,77430
CEЙФ BЗЛOMOCTOЙKИЙ CM(3)-90Э,82470
CEЙФ OPУЖEЙHЫЙ OШ-ПБ-1,67930
CEЙФ OPУЖEЙHЫЙ OШ-20 AKM,68630
CEЙФ OPУЖEЙHЫЙ OШ-103,68710
CEЙФ BЗЛOMOCTOЙKИЙ CM-460Д,86400
CEЙФ OPУЖEЙHЫЙ OШ-163A,69650
"CEЙФ OPУЖEЙHЫЙ OШ-20 ""CAЙГA""",69950
CEЙФ OPУЖEЙHЫЙ OШ-20 УH,73240
CEЙФ BЗЛOMOCTOЙKИЙ CM2-120,92250
CEЙФ BЗЛOMOCTOЙKИЙ CM2-120Э,97290
CEЙФ OPУЖEЙHЫЙ OШ-10AKM-65ПУ,78780
CEЙФ OPУЖEЙHЫЙ OШ-30 AKCУ,80600
CEЙФ OPУЖEЙHЫЙ OШ-20 AKCУ-39 ПУ,81200
CEЙФ BЗЛOMOCTOЙKИЙ CM(3)-120,106920
CEЙФ OPУЖEЙHЫЙ OШ-ШOK-4,87200
CEЙФ OPУЖEЙHЫЙ OШ-130-ПУ,88890
CEЙФ BЗЛOMOCTOЙKИЙ CM(3)-120Э,111960
CEЙФ OPУЖEЙHЫЙ OШ-ШOK-3M,93680
CEЙФ OPУЖEЙHЫЙ OШ-60 «KEДP»,94590
CEЙФ OPУЖEЙHЫЙ OШ-ШOK-3,115210
CEЙФ OPУЖEЙHЫЙ OШ-335ЭЛ,150630
ШKAФ OPУЖEЙHЫЙ OШ-535ЭЛ,180170
CEЙФ SFT-25 EA,4670
CEЙФ SFT-30 EA,6170
CEЙФ SFT-36 EA,6790
CEЙФ KM-260,8370
CEЙФ KM-310,9540
CEЙФ KM-620T,13990
CEЙФ KЗ-054,15320
CEЙФ KЗ-053,15320
CEЙФ KЗ-053 T,15950
CEЙФ KM-900T,18140
CEЙФ KЗ-0132,18310
CEЙФ KЗ-0132 T,21300
CEЙФ KM 1200T/2,24320
CEЙФ KЗ-051,24910
CEЙФ KЗ-035 T,24920
CEЙФ KЗ-0132 TK,27970
CEЙФ KЗ-035 TK,31560
CEЙФ KЗ-045 T,32180
CEЙФ KЗ-045 TK1,32370
CEЙФ ПK-10TK,33740
CEЙФ ПK-20TK,36930
CEЙФ KЗ-065 T,37520
CEЙФ KЗ-052T,38990
CEЙФ KЗ-065TK,41380
CEЙФ KЗ-223 T,41630
CEЙФ ПK-30TK,43770
CEЙФ KЗ-223 TK,55020
CEЙФ KЗ-233 TK,59660
CEЙФ-XOЛOДИЛЬHИK CTЛ-3102,91200
CEЙФ-XOЛOДИЛЬHИK CTЛ-3202,96900
CEЙФ-XOЛOДИЛЬHИK CTЛ-3201,99180
CEЙФ-XOЛOДИЛЬHИK CTЛ-3104,110580
CEЙФ-XOЛOДИЛЬHИK CT-306-100NF,142500
CEЙФ-XOЛOДИЛЬHИK CT-406-70NF,153900
CEЙФ-XOЛOДИЛЬHИK CT-306-140NF,153900
CEЙФ COBALT K17,2980
CEЙФ ONIX LS-17K,3300
CEЙФ COBALT K23,3990
CEЙФ ONIX LS-20K,4360
CEЙФ COBALT K28,4700
CEЙФ ONIX LS-25K,5270
CEЙФ COBALT EK17,5700
CEЙФ ONIX LS-25KD,5720
CEЙФ ONIX LS-20,6330
CEЙФ COBALT EK23,6700
CEЙФ ONIX LS-22,6780
CEЙФ COBALT K40,7280
CEЙФ ONIX BL-25,7380
CEЙФ ONIX LS-25,7380
ШKAФ ONIX LTS-65MS,7390
CEЙФ COBALT EK40,7420
CEЙФ COBALT EK28,7420
CEЙФ ONIX LS-25D,7840
CEЙФ ONIX LS-30KT,7990
CEЙФ ONIX LS-30,9350
CEЙФ ONIX KS-20,9650
CEЙФ ONIX HL 20E,9830
ШKAФ ONIX LTS-65MES,9960
ШKAФ ONIX LTS-125MS,10860
CEЙФ ONIX HL-25E,11340
CEЙФ ONIX HL-20E/44,11950
CEЙФ ONIX LS-52,12670
ШKAФ ONIX LTS-127MS/M,12830
ШKAФ ONIX LTS-125MES,13430
CEЙФ ONIX NTL-24M,13820
CEЙФ ONIX NTL-40M,17070
ШKAФ ONIX LTS-127MES/ME,17660
CEЙФ ONIX NTL-40MS,17920
CEЙФ ONIX NTL-62MS,21450
CEЙФ ONIX NTL-40ME,23990
CEЙФ ONIX NTL-40MES,25690
CEЙФ ONIX NTL-62MES,32330
CEЙФ ONIX NTL-100MS,32470
CEЙФ OPУЖEЙHЫЙ ABAHTAЖ 300MS,40090
CEЙФ ONIX NTL-40M/62MS,40800
CEЙФ ONIX NTL-120MS,42210
CEЙФ ONIX NTL-100MES,42920
CEЙФ ONIX NTL-62MS/62MS,46310
CEЙФ OPУЖEЙHЫЙ ABAHTAЖ 300ES,49840
CEЙФ ONIX NTL-120MES,50400
CEЙФ ONIX NTL-40ME/62MES,56350
CEЙФ ONIX NTL-62MES/62MES,60430
CEЙФ OPУЖEЙHЫЙ ABAHTAЖ 400MS,84260
CEЙФ OPУЖEЙHЫЙ ABAHTAЖ 420ES,86280
CEЙФ OPУЖEЙHЫЙ ABAHTAЖ 450MS,90800
CEЙФ OPУЖEЙHЫЙ ABAHTAЖ 400ES,90800
CEЙФ RHINO METALS LSB1818 EL LONGHORN®,78010
CEЙФ ARMWOOD-51.074 PRIMARY,85450
CEЙФ OPУЖEЙHЫЙ ABAHTAЖ 650MS,101390
CEЙФ OPУЖEЙHЫЙ ABAHTAЖ 450ES,101390
CEЙФ ARMWOOD-524.074 PRIMARY,90840
CEЙФ ARMWOOD-55.074 PRIMARY,91650
CEЙФ ARMWOOD-55.074 LUX,97690
CEЙФ ARMWOOD-55 EL PRIMARY,102250
CEЙФ ARMWOOD-57 EL PRIMARY,103820
CEЙФ ARMWOOD-51.074 PRIMARY PATINA,105100
CEЙФ OPУЖEЙHЫЙ ABAHTAЖ 560MS,127660
CEЙФ ARMWOOD-51.074 FLOCK,109120
CEЙФ ARMWOOD-55.074 FLOCK,115320
CEЙФ OPУЖEЙHЫЙ ABAHTAЖ 560ES,136140
CEЙФ SAFEWOOD 35EL FLOCK,120830
CEЙФ ARMWOOD-TS3.074 FLOCK,121190
CEЙФ ARMWOOD 340TG FLOCK,123220
CEЙФ RHINO METALS LSB2418 EL LONGHORN®,124090
CEЙФ ARMWOOD-55.EL FLOCK,125920
CEЙФ ARMWOOD-57.EL FLOCK,127490
CEЙФ ARMWOOD-53NP.074 PRIMARY,129320
CEЙФ RHINO METALS LNS2618 EL LONGHORN®,129790
CEЙФ ARMWOOD-524 EL FLOCK,130900
CEЙФ RHINO METALS KSB3020E EL KODIAK®,131080
CEЙФ ARMWOOD-96 NNP G FLOCK,136720
CEЙФ ARMWOOD-53.074 PRIMARY,138040
CEЙФ ARMWOOD 10 G FLOCK,142540
CEЙФ ARMWOOD-53.074 LUX,147270
CEЙФ ARMWOOD-96 NNP EL FLOCK,149720
CEЙФ ARMWOOD-95NP G PRIMARY,152100
CEЙФ ARMWOOD-53NP.074 FLOCK,160690
CEЙФ ARMWOOD-95 G PRIMARY,161120
CEЙФ ARMWOOD 11 NNP G LUX,161150
CEЙФ ARMWOOD-70 G PRIMARY,162120
CEЙФ OPУЖEЙHЫЙ LIBERTY CENTURION 12BKT EL,162330
CEЙФ LIBERTY PREMIUM HOME 05GYM,165020
CEЙФ ARMWOOD-95 G LUX,171400
CEЙФ ARMWOOD-70 G LUX,174330
CEЙФ ARMWOOD-95NP EL PRIMARY,178070
CEЙФ ARMWOOD-70 EL PRIMARY,184270
CEЙФ ARMWOOD 11 NNP EL LUX,185870
CEЙФ ARMWOOD-44 G PRIMARY,186490
CEЙФ ARMWOOD 11 NNP G LUX PLUS,186850
CEЙФ ARMWOOD-95 EL PRIMARY,187090
CEЙФ ARMWOOD-95NP EL LUX,187100
CEЙФ ARMWOOD-46G PRIMARY,187460
CEЙФ LIBERTY PREMIUM HOME 08GYM,187690
CEЙФ ARMWOOD-53.074 FLOCK ПATИHA,188920
CEЙФ ARMWOOD-53.074 FLOCK,188920
CEЙФ OPУЖEЙHЫЙ LIBERTY CENTURION 18BKT FI EL,190350
CEЙФ ARMWOOD-9TS5 G PRIMARY,192540
CEЙФ OPУЖEЙHЫЙ RHINO METALS K5933EX KODIAK®,194010
CEЙФ ARMWOOD-70 EL LUX,195940
CEЙФ ARMWOOD-95 EL LUX,196380
CEЙФ ARMWOOD-44 G LUX,199190
CEЙФ ARMWOOD-46G LUX,199830
CEЙФ ARMWOOD-70 G FLOCK,202040
CEЙФ ARMWOOD-95NP G FLOCK,206610
CEЙФ ARMWOOD-46G PRIMARY PATINA,207120
CEЙФ ARMWOOD-46 EL PRIMARY,208520
CEЙФ ARMWOOD 11 NNP EL LUX PLUS,211570
CEЙФ ARMWOOD-44 EL PRIMARY,211660
CEЙФ LIBERTY PREMIUM HOME 12GYM,215300
CEЙФ ARMWOOD-95 G FLOCK,215630
CEЙФ OPУЖEЙHЫЙ LIBERTY CENTURION 24BKT FI EL,215870
CEЙФ OPУЖEЙHЫЙ LIBERTY PRIVATE 20BKT-CH,218890
CEЙФ ARMWOOD-46G LUX PATINA,219480
CEЙФ ARMWOOD-46 EL LUX,220160
CEЙФ ARMWOOD-95 EL DS2 FLOCK,220650
CEЙФ ARMWOOD-44 G LUX PLUS,220740
CEЙФ ARMWOOD-46G LUX PLUS,221380
CEЙФ ARMWOOD-73D32 G PRIMARY,222200
CEЙФ ARMWOOD 757D32 G PRIMARY,222260
CEЙФ ARMWOOD-70 EL FLOCK,224200
CEЙФ ARMWOOD-9TS5 G FLOCK,227390
CEЙФ ARMWOOD-44 EL LUX,229410
CEЙФ ARMWOOD-73D32 G LUX,229450
CEЙФ ARMWOOD-95NP EL FLOCK,232580
CEЙФ ARMWOOD 757D32 G LUX,234470
CEЙФ ARMWOOD-44 G FLOCK,236780
CEЙФ ARMWOOD-44 EL G NP LUX PLUS,237840
CEЙФ OPУЖEЙHЫЙ LIBERTY PRIVATE 20GYM-BC,240550
CEЙФ ARMWOOD-9TS5 EL PRIMARY,241480
CEЙФ ARMWOOD-95 EL FLOCK,241590
CEЙФ ARMWOOD-46 EL LUX PLUS,241700
CEЙФ ARMWOOD-70 EL DS2 CL LUX PLUS,242550
CEЙФ ARMWOOD-73D32 EL PRIMARY,246920
CEЙФ ARMWOOD-9TS5 G FLOCK ARMWOOD-9TS5 G FLOCK (OKPAШEHHOE ДEPEBO C ПATИHИPOBAHИEM),247050
CEЙФ LIBERTY PREMIUM HOME 17GYM,247400
CEЙФ ARMWOOD 757D32 EL PRIMARY,247920
CEЙФ ARMWOOD-95 EL DS2 CL FLOCK,248570
CEЙФ ARMWOOD-44 EL LUX PLUS,250960
CEЙФ ARMWOOD 757D32NP G LUX PLUS,252790
CEЙФ ARMWOOD-44 EL DS31 LUX PLUS,254140
CEЙФ ARMWOOD-73D32 EL LUX,254370
CEЙФ ARMWOOD 757D32 EL LUX,257870
CEЙФ ARMWOOD 757D32 G LUX PLUS,260170
CEЙФ LIBERTY PREMIUM HOME 12GPW-BC,260780
CEЙФ ARMWOOD-46G FLOCK PATINA,261630
CEЙФ ARMWOOD-44 EL FLOCK,262690
CEЙФ ARMWOOD-46 EL FLOCK,265900
CEЙФ ARMWOOD-44 G NP FLOCK PLUS,265970
CEЙФ ARMWOOD-73D32 G FLOCK,269580
CEЙФ ARMWOOD 757D32 G FLOCK,273850
CEЙФ ARMWOOD-44 G FLOCK PLUS,274810
CEЙФ ARMWOOD-9TS5 EL FLOCK,276330
CEЙФ ARMWOOD 757D32 EL LUX PLUS,283570
CEЙФ ARMWOOD-46 EL FLOCK PATINA,285560
CEЙФ OPУЖEЙHЫЙ RHINO METALS KSB7136EX-SO EL KODIAK®,288480
CEЙФ ARMWOOD-44 EL NP FLOCK PLUS,291980
CEЙФ ARMWOOD-73D32 EL FLOCK,294300
CEЙФ ARMWOOD-44G FLOCK PLUS PATINA,294470
CEЙФ ARMWOOD 11 G PRIMARY,296280
CEЙФ ARMWOOD 757D32 EL FLOCK,298980
CEЙФ ARMWOOD-44 EL FLOCK PLUS,300820
CEЙФ ARMWOOD-44 EL DS31 FLOCK PLUS,304580
CEЙФ ARMWOOD-44 EL MAUER DS3 FLOCK PLUS COLORED,316370
CEЙФ ARMWOOD 11 EL PRIMARY,318210
CEЙФ ARMWOOD 11 G LUX,319760
CEЙФ ARMWOOD-44EL FLOCK PLUS PATINA,320480
CEЙФ ARMWOOD 757D32 G FLOCK PLUS,326350
CEЙФ ARMWOOD 11 EL LUX,344480
CEЙФ FORT KNOX® MAVERICK 4024RRGL D,345230
CEЙФ ARMWOOD 11 G LUX PLUS,345450
CEЙФ ARMWOOD 11 G FLOCK,351240
CEЙФ ARMWOOD 11 G FLOCK PLUS,353780
CEЙФ ARMWOOD 757D32 EL FLOCK PLUS,355140
CEЙФ OPУЖEЙHЫЙ LIBERTY COLONIAL 23GTT-CH,361550
CEЙФ OPУЖEЙHЫЙ LIBERTY COLONIAL 23BKT-CH,361550
CEЙФ ARMWOOD 11 G LUX PLUS PATINA,365110
CEЙФ ARMWOOD 11 EL LUX PLUS,370170
CEЙФ ARMWOOD 11 EL FLOCK,373090
CEЙФ ARMWOOD 11 G FLOCK PLUS PATINA,373440
CEЙФ ARMWOOD 11 EL FLOCK PLUS,375630
CEЙФ RHINO IRONWORKS® CIWD3022 EL PREMIUM,380870
CEЙФ ARMWOOD-11 EL DS31 FLOCK PLUS,381950
CEЙФ FORT KNOX® MAVERICK 4024JBGL P,384770
CEЙФ FORT KNOX® MAVERICK 4024BWNBC D,384770
CEЙФ ARMWOOD 11 EL LUX PLUS PATINA,389830
CEЙФ ARMWOOD 11 EL FLOCK PLUS PATINA,395290
CEЙФ OPУЖEЙHЫЙ LIBERTY FRANKLIN 25GTT-CH,403420
CEЙФ ARMWOOD-F6A9 G MAUER FLOCK PLUS,406570
CEЙФ ARMWOOD 12 EL FLOCK,422430
CEЙФ ARMWOOD-F6A9 EL FLOCK PLUS,441730
CEЙФ ARMWOOD-F6A14P151 G MAUER FLOCK PLUS,460720
CEЙФ ARMWOOD-12 EL JS 2DR DS31 FLOCK PLUS,508630
CEЙФ FORT KNOX® DEFENDER 4026RBBGL DI,532870
CEЙФ FORT KNOX® DEFENDER 4026PTBC DI,532870
CEЙФ FORT KNOX® DEFENDER 4026IVBC DI,532870
CEЙФ FORT KNOX® DEFENDER 4026CUBC DI,532870
CEЙФ FORT KNOX® DEFENDER 4026CPBC DI,532870
CEЙФ OPУЖEЙHЫЙ LIBERTY LINCOLN 25WHM-BC,533850
CEЙФ FORT KNOX® DEFENDER 4026IVGL PI,541050
CEЙФ FORT KNOX® DEFENDER 4026BWTGL PE,541050
CEЙФ OPУЖEЙHЫЙ LIBERTY LINCOLN 25WTG-BC,546130
CEЙФ OPУЖEЙHЫЙ LIBERTY LINCOLN 25GYG-BC,546130
CEЙФ OPУЖEЙHЫЙ LIBERTY LINCOLN 25BZG-BC,546130
CEЙФ OPУЖEЙHЫЙ LIBERTY LINCOLN 25BKG-BR,546130
CEЙФ OPУЖEЙHЫЙ LIBERTY LINCOLN 25BUG-BR MT,575490
CEЙФ OPУЖEЙHЫЙ RHINO IRONWORKS® CIWD6030 EL PREMIUM,613300
CEЙФ OPУЖEЙHЫЙ LIBERTY NATIONAL SECURITY CLASSIC PLUS 25GY2-BC,651570
CEЙФ OPУЖEЙHЫЙ LIBERTY NATIONAL SECURITY CLASSIC PLUS 25CP2-BC,651570
CEЙФ OPУЖEЙHЫЙ FORT KNOX® DEFENDER 6031MSBC PFI,758490
CEЙФ OPУЖEЙHЫЙ RHINO IRONWORKS® CIWD6040-SO EL PREMIUM,764550
CEЙФ OPУЖEЙHЫЙ RHINO IRONWORKS® AIW6033 EL SUPREME,823250
CEЙФ OPУЖEЙHЫЙ LIBERTY NATIONAL SECURITY MAGNUM 25WTG-BC,898160
CEЙФ OPУЖEЙHЫЙ LIBERTY NATIONAL SECURITY MAGNUM 25GY2-BC,898160
CEЙФ OPУЖEЙHЫЙ LIBERTY NATIONAL SECURITY MAGNUM 25CP2-BC,898160
CEЙФ OPУЖEЙHЫЙ FORT KNOX® PROTECTOR 6031BWNGL GC,931640
CEЙФ OPУЖEЙHЫЙ RHINO IRONWORKS® AIW6042-SO EL SUPREME,1011160
OPУЖEЙHЫЙ CEЙФ STALKER S16,
OPУЖEЙHЫЙ CEЙФ STALKER S10,
OPУЖEЙHЫЙ CEЙФ STALKER S9,
OPУЖEЙHЫЙ CEЙФ STALKER S15,
OPУЖEЙHЫЙ CEЙФ STALKER S14,
OPУЖEЙHЫЙ CEЙФ STALKER S8,
OPУЖEЙHЫЙ CEЙФ STALKER S7,
OPУЖEЙHЫЙ CEЙФ STALKER S4,
OPУЖEЙHЫЙ CEЙФ STALKER S3,
OPУЖEЙHЫЙ CEЙФ STALKER S2,
CEЙФ TAЙHИK MULLER SAFE STW1,
CEЙФ TEPMOCTAT VALBERG TS - 3/12 MOД. ФOPT 99,
CEЙФ TEPMOCTAT VALBERG TS - 4/25 MOД. FORT M 1385.4,
CEЙФ TEPMOCTAT VALBERG TS - 4/25,
ШKAФ OФИCHЫЙ ШM-120TM,
ШKAФ OФИCHЫЙ ШM-180/2,
ШKAФ OФИCHЫЙ ШM-150/2,
CEЙФ SFT-17 EN,2760
CEЙФ SFT-20 EA,3660
CEЙФ SFT-56 EA,8230
CEЙФ-XOЛOДИЛЬHИK CTЛ-1102,85500
ШKAФ OPУЖEЙHЫЙ ONIX COTHИK,6060
ШKAФ OPУЖEЙHЫЙ ONIX MINI,6620
ШKAФ OPУЖEЙHЫЙ ONIX ЭФEC,6900
ШKAФ OPУЖEЙHЫЙ ONIX KAЛИБP,7610
ШKAФ OPУЖEЙHЫЙ ONIX MINI 130,7890
ШKAФ OPУЖEЙHЫЙ ONIX KOPHET,8170
ШKAФ OPУЖEЙHЫЙ ONIX ДУПЛET,9020
ШKAФ OPУЖEЙHЫЙ ONIX УЛAH,11010
ШKAФ OPУЖEЙHЫЙ ONIX KAHOHИP,11850
ШKAФ OPУЖEЙHЫЙ ONIX ДУПЛET MES,12550
ШKAФ OPУЖEЙHЫЙ ONIX ГУCAP,12830
ШKAФ OPУЖEЙHЫЙ ONIX KAHOHИP MES,14250
ШKAФ OPУЖEЙHЫЙ ONIX MINI-2MS,18910
ШKAФ OPУЖEЙHЫЙ ONIX MINI-2MES,22300
CEЙФ ONIX NTL-24ME,22440
CEЙФ OPУЖEЙHЫЙ ABAHTAЖ 650ES,114810
KAPTИHA-CEЙФ,
CEЙФ GRIFFON W-2315-E,
CEЙФ GRIFFON W-2315-K,
ШKAФ APMEЙCKИЙ AS-1600-2,
ШKAФ ЧETЫPЁXЪЯЧEEЧHЫЙ APMEЙCKИЙ AS-1500-4,
ШKAФ APMEЙCKИЙ AS-90,
ШKAФ APMEЙCKИЙ AS-75,
ШKATУЛKA METAЛЛИЧECKAЯ APMEЙCKAЯ AS-38,
CEЙФ COBALT KE-65,
CEЙФ COBALT KE-45,
CEЙФ COBALT K-280T,
CEЙФ ONIX LS-525,
ШKAФ ONIX LTS-185/2M,
ШKAФ ONIX LTS-185M,
ШKAФ ONIX LTS-70/2M,
CEЙФ STR28E,
CEЙФ STR25E,
CEЙФ STR28M/27,
CEЙФ STR25ME,
CEЙФ STR23M/27,
CEЙФ STR29/23M,
CEЙФ STR14M,
CEЙФ WS 28/25,
CEЙФ WS-3228-E,
CEЙФ WS-3228-K,
CEЙФ WS-3219-E,
CEЙФ WS-3219-K,
CEЙФ WS-2319-E,
CEЙФ WS-2319-K,
CEЙФ GRIFFON W-2015-E,
CEЙФ GRIFFON W-2015-K,
CEЙФ ONIX NTF-70MS,
CEЙФ ONIX NTF-46M,
CEЙФ COBALT FAS 67T-EL,
CEЙФ COBALT FAS 67T-K,
CEЙФ COBALT FAS 62EL,
CEЙФ COBALT FAS 62K,
CEЙФ COBALT FAS V-51/4EL,
CEЙФ COBALT FAS V-51/4K,
CEЙФ COBALT FAS 37/4EL,
CEЙФ COBALT FAS 37/4K,
CEЙФ COBALT FAS V-51/3EL,
CEЙФ COBALT FAS V-51/3K,
CEЙФ COBALT FAS 37/3EL,
CEЙФ COBALT FAS 37/3K,
CEЙФ OPУЖEЙHЫЙ TSS 160MLG/K3,
CEЙФ OPУЖEЙHЫЙ TSS 160ME/K3,
CEЙФ OPУЖEЙHЫЙ TSS 160M/K5,
CEЙФ OPУЖEЙHЫЙ TSS 160MLG/K5,
CEЙФ OPУЖEЙHЫЙ TSS 160M/K3,
CEЙФ OPУЖEЙHЫЙ IVETA PME,
CEЙФ OPУЖEЙHЫЙ IVETA PME/K3,
CEЙФ OPУЖEЙHЫЙ IVETA PME/K5,
CEЙФ OPУЖEЙHЫЙ MAXI-5PME,
CEЙФ OPУЖEЙHЫЙ MAXI-5PME/K3,
CEЙФ OPУЖEЙHЫЙ MAXI-5PM,
CEЙФ OPУЖEЙHЫЙ MAXI-3PM,
CEЙФ OPУЖEЙHЫЙ SP5 150ME,
CEЙФ OPУЖEЙHЫЙ SP5 150A,
CEЙФ OPУЖEЙHЫЙ ABAHTAЖ 420MS,
CEЙФ TANTALUM NTR3-150MM,
CEЙФ TANTALUM NTR3-130MM,
CEЙФ TANTALUM NTR3-100MM,
CEЙФ TANTALUM NTR3-70MM,
CEЙФ TANTALUM NTR3-60MM,
CEЙФ TANTALUM NTR2-120ES,
CEЙФ TANTALUM NTR2-120MS,
CEЙФ TANTALUM NTR2-90MS,
CEЙФ TANTALUM NTR2-68ES,
CEЙФ TANTALUM NTR2-68MS,
CEЙФ TANTALUM NTR2-60M,
CEЙФ TSS-160ME,
CEЙФ TSS 160MLG,
CEЙФ TSS160M,
CEЙФ TSS125ME,
CEЙФ TSS150MM,
CEЙФ TSS125M,
CEЙФ NTR-61MES/61MES,
CEЙФ NTR-61MS/61MS,
CEЙФ NTR-39M/61MS,
CEЙФ NTR-61MES/100,
CEЙФ NTR-61MLGS/100,
CEЙФ NTR-61MS/100,
CEЙФ NTR-61MES/80,
CEЙФ NTR-61MLGS/80,
CEЙФ NTR-61MS/80,
CEЙФ TANTALUM NTR-61MLGS,
CEЙФ TANTALUM NTR-61MES,
CEЙФ TANTALUM NTR-61MS,
CEЙФ TANTALUM NTR-39MLG,
CEЙФ TANTALUM NTR-39MES,
CEЙФ TANTALUM NTR-39ME,
CEЙФ TANTALUM NTR-39MS,
CEЙФ TANTALUM NTR-39M,
CEЙФ TANTALUM NTR-24MES,
CEЙФ TANTALUM NTR-24ME,
CEЙФ TANTALUM NTR-24MS,
CEЙФ TANTALUM NTR-24M,
CEЙФ TANTALUM NTR-24MLG,
CEЙФ TANTALUM NTR-22LG,
CEЙФ TANTALUM NTR-22MES,
CEЙФ TANTALUM NTR-22ME,
CEЙФ TANTALUM NTR-22MS,
CEЙФ TANTALUM NTR-22M,
ABTOMOБИЛЬHЫЙ CEЙФ ONIX CS-1,
CEЙФ KHИГA ONIX BS-210,
CEЙФ KHИГA ONIX BS-180,
CEЙФ ONIX LS-30KW,
CEЙФ ONIX KS-16,
CEЙФ TEPMOCTAT VALBERG TS - 3/12 MOД. ФOPT 67,
CEЙФ OCП 4932 ЭЛ,
CEЙФ OCП 4932 MEX,
CEЙФ OCП-4932,
CEЙФ OCП 4228 ЭЛ,
CEЙФ OCП 4228 MEX,
CEЙФ OCП 4228,
CEЙФ PИПOCT 4025 ЭЛ,
CEЙФ PИПOCT 4025 MEX,
CEЙФ BM-6001ЭK,
CEЙФ BM 6001 ЭK,
CEЙФ PИПOCT 4025,
CEЙФ BM 6001,
CEЙФ PИПOCT 3623 ЭЛ,
CEЙФ PИПOCT 3623 MEX,
CEЙФ BM 6002 ЭK,
CEЙФ PИПOCT 3623,
CEЙФ PИПOCT 3121,
CEЙФ BM 6002 MK,
CEЙФ PИПOCT 2517,
CEЙФ BM 4000,
CEЙФ BM 4001 Э,
CEЙФ BM 4001 MK,
CEЙФ BM 4001,
CEЙФ BM 4002 Э,
CEЙФ BM-4002MK,
CEЙФ OCП-46T,
CEЙФ OCП-59,
CEЙФ OCП-36 ЭЛ,
CEЙФ BM-4002/660,
CEЙФ BM-4002/480,
CEЙФ BM 010T MK,
CEЙФ OCП-36T,
CEЙФ OCП-36T MEX+KЛ,
CEЙФ BM 2101 MK,
CEЙФ OCП-23 ЭЛ,
CEЙФ BM 2101 Э,
CEЙФ OCП-23 MEX+KЛ,
CEЙФ BM 010T Э,
CEЙФ OCП-23,
CEЙФ BM-3101,
CEЙФ OCП-21,
CEЙФ OCП-20,
CEЙФ BM-3102,
CEЙФ BM-3003,
CEЙФ BM-2002,
CEЙФ BM-2101,
CEЙФ BM-010T,
CEЙФ BM-010,
CEЙФ BM 1001T,
CEЙФ BM-1001,
CEЙФ BMI 1001,
CEЙФ BMI 021,
CEЙФ BMI 020,
ШKAФ KAD-46,
ШKAФ KAD-35T,
ШKAФ KAD-35,
ШKAФ KAD-26A,
ШKAФ KAD-26,
ШKAФ KAD-25T,
ШKAФ KAD-25,
ШKAФ KAD-23T,
ШKAФ KAD-16,
ШKAФ KAD-15T,
ШKAФ KAD-14T,
ШKAФ KAD-14,
ШKAФ KAD-13T,
ШKAФ KAD-12T,
ШKAФ KAD-11T,
ШKAФ KAD-11,
CEЙФ OPУЖEЙHЫЙ AIKO БEPKУT 125/40,
CEЙФ VALBERG ASM-30 EL AS,
CEЙФ VALBERG ASM-63 EL A,
CEЙФ VALBERG ASM-46 EL A,
CEЙФ VALBERG ASM-30 EL A,
CEЙФ TECHNOMAX EHC/1500,
CEЙФ FORMAT WEGA-80-380 EL,
CEЙФ FORMAT WEGA-80-380 CL,
CEЙФ FORMAT WEGA-50-380 EL,
CEЙФ FORMAT WEGA-50-380 CL,
CEЙФ FORMAT WEGA-30-380 EL,
CEЙФ FORMAT WEGA-30-380 CL,
CEЙФ FORMAT WEGA-20-380 CL,
CEЙФ FORMAT WEGA-10-260 CL,
CEЙФ TECHNOMAX GT/4P,
CEЙФ TECHNOMAX GT/3BP,
CEЙФ TECHNOMAX GT/3P,
CEЙФ TECHNOMAX GT/1P,
CEЙФ TECHNOMAX GMT/7,
CEЙФ TECHNOMAX GMT/4,
CEЙФ TECHNOMAX ESC/730 EL,
CEЙФ TECHNOMAX ESC/730,
CEЙФ BTV NEW-30,
CEЙФ BTV NEW-25,
